Job Title,Salary Estimate,salary_min,salary_max,salary_avg,Rating,Company Name,Location,Headquarters,Size,Founded,Type of ownership,Industry,Sector,Revenue,Competitors,Easy Apply
"Data Analyst, Center on Immigration and Justice (CIJ)",37-66 ,37,66,51.5,3.2,"Vera Institute of Justice
3.2","New York, NY","New York, NY",201 to 500 employees,1961,Nonprofit Organization,Social Assistance,Non-Profit,$100 to $500 million (USD),-1,1
Quality Data Analyst,37-66 ,37,66,51.5,3.8,"Visiting Nurse Service of New York
3.8","New York, NY","New York, NY",10000+ employees,1893,Nonprofit Organization,Health Care Services & Hospitals,Health Care,$2 to $5 billion (USD),-1,0
"Senior Data Analyst, Insights & Analytics Team [Customer Operations]",37-66 ,37,66,51.5,3.4,"Squarespace
3.4","New York, NY","New York, NY",1001 to 5000 employees,2003,Company - Private,Internet,Information Technology,Unknown / Non-Applicable,GoDaddy,0
Data Analyst,37-66 ,37,66,51.5,4.1,"Celerity
4.1","New York, NY","McLean, VA",201 to 500 employees,2002,Subsidiary or Business Segment,IT Services,Information Technology,$50 to $100 million (USD),-1,0
Reporting Data Analyst,37-66 ,37,66,51.5,3.9,"FanDuel
3.9","New York, NY","New York, NY",501 to 1000 employees,2009,Company - Private,Sports & Recreation,"Arts, Entertainment & Recreation",$100 to $500 million (USD),DraftKings,1
Data Analyst,37-66 ,37,66,51.5,3.9,"Point72
3.9","New York, NY","Stamford, CT",1001 to 5000 employees,2014,Company - Private,Investment Banking & Asset Management,Finance,Unknown / Non-Applicable,-1,0
Business/Data Analyst (FP&A),37-66 ,37,66,51.5,4.4,"Two Sigma
4.4","New York, NY","New York, NY",1001 to 5000 employees,2001,Company - Private,Investment Banking & Asset Management,Finance,Unknown / Non-Applicable,-1,0
Data Science Analyst,37-66 ,37,66,51.5,3.7,"GNY Insurance Companies
3.7","New York, NY","New York, NY",201 to 500 employees,1914,Company - Private,Insurance Carriers,Insurance,$100 to $500 million (USD),"Travelers, Chubb, Crum & Forster",1
Data Analyst,37-66 ,37,66,51.5,4.0,"DMGT
4.0","New York, NY","London, United Kingdom",5001 to 10000 employees,1896,Company - Public,Venture Capital & Private Equity,Finance,$1 to $2 billion (USD),"Thomson Reuters, Hearst, Pearson",0
"Data Analyst, Merchant Health",37-66 ,37,66,51.5,4.4,"Riskified
4.4","New York, NY","New York, NY",501 to 1000 employees,2013,Company - Private,Research & Development,Business Services,Unknown / Non-Applicable,"Signifyd, Forter",0
Data Analyst,37-66 ,37,66,51.5,4.0,"NYU Langone Health
4.0","New York, NY","New York, NY",10000+ employees,1841,Hospital,Health Care Services & Hospitals,Health Care,$5 to $10 billion (USD),"NewYork-Presbyterian Hospital, Northwell Health",0
Data Analyst,37-66 ,37,66,51.5,-1.0,BulbHead,"Fairfield, NJ",-1,1 to 50 employees,-1,Company - Private,-1,-1,Unknown / Non-Applicable,-1,0
DATA ANALYST,37-66 ,37,66,51.5,3.7,"Montefiore Medical
3.7","New York, NY","Bronx, NY",10000+ employees,1884,Nonprofit Organization,Health Care Services & Hospitals,Health Care,$2 to $5 billion (USD),-1,0
Senior Data Analyst,37-66 ,37,66,51.5,3.0,"Known
3.0","New York, NY","New York, NY",201 to 500 employees,2004,Company - Private,Advertising & Marketing,Business Services,$100 to $500 million (USD),-1,1
Investment Advisory Data Analyst,37-66 ,37,66,51.5,3.4,"Advisor Group
3.4","Jersey City, NJ","Phoenix, AZ",1001 to 5000 employees,2016,Company - Private,Brokerage Services,Finance,$1 to $5 million (USD),-1,0
Sustainability Data Analyst,37-66 ,37,66,51.5,3.6,"CodeGreen Solutions
3.6","New York, NY","New York, NY",1 to 50 employees,-1,Company - Private,Building & Personnel Services,Business Services,Unknown / Non-Applicable,-1,0
Data Analyst,37-66 ,37,66,51.5,3.8,"Undertone
3.8","New York, NY","New York, NY",201 to 500 employees,2001,Subsidiary or Business Segment,Advertising & Marketing,Business Services,Unknown / Non-Applicable,"DoubleClick, Specific Media, Collective",1
Clinical Data Analyst,37-66 ,37,66,51.5,3.8,"NYSTEC
3.8","New York, NY","Rome, NY",51 to 200 employees,1996,Nonprofit Organization,Consulting,Business Services,$25 to $50 million (USD),"KPMG, Accenture, Deloitte",0
DATA PROGRAMMER/ANALYST,37-66 ,37,66,51.5,3.9,"Education Development Center, Inc.
3.9","New York, NY","Waltham, MA",501 to 1000 employees,1958,Nonprofit Organization,Research & Development,Business Services,$100 to $500 million (USD),-1,0
Data Analyst,37-66 ,37,66,51.5,4.9,"Teachers Pay Teachers
4.9","New York, NY","New York, NY",51 to 200 employees,2006,Company - Private,Internet,Information Technology,Unknown / Non-Applicable,-1,0
"Product Analyst, Data Science",37-66 ,37,66,51.5,4.4,"Google
4.4","New York, NY","Mountain View, CA",10000+ employees,1998,Company - Public,Internet,Information Technology,$10+ billion (USD),"Microsoft, Apple, Facebook",0
Data Science Analyst,37-66 ,37,66,51.5,-1.0,MUSIC & Entertainment,"New York, NY","Marina del Rey, CA",Unknown,-1,Company - Public,-1,-1,Unknown / Non-Applicable,-1,0
Data Analyst - Intex Developer,37-66 ,37,66,51.5,3.3,"Macquarie Group
3.3","New York, NY","Sydney, Australia",10000+ employees,1969,Company - Public,Investment Banking & Asset Management,Finance,$5 to $10 billion (USD),"Goldman Sachs, Commonwealth Bank of Australia, Deutsche Bank",0
Data Analyst,37-66 ,37,66,51.5,3.5,"Andiamo
3.5","New York, NY","Warren, MI",201 to 500 employees,-1,Company - Private,Casual Restaurants,"Restaurants, Bars & Food Services",$1 to $5 million (USD),-1,0
Entry Level / Jr. Data Analyst,37-66 ,37,66,51.5,3.8,"Dash Technologies Inc
3.8","New York, NY","Columbus, OH",1 to 50 employees,-1,Unknown,-1,-1,Unknown / Non-Applicable,-1,0
Data Analyst,37-66 ,37,66,51.5,4.0,"Hearst Communications
4.0","New York, NY","San Francisco, CA",1 to 50 employees,-1,Company - Private,Advertising & Marketing,Business Services,Less than $1 million (USD),-1,0
Data + Business Intelligence Analyst,37-66 ,37,66,51.5,5.0,"Duolingo
5.0","New York, NY","Pittsburgh, PA",201 to 500 employees,2011,Company - Private,Internet,Information Technology,$10 to $25 million (USD),-1,0
"Data Analyst, Product",37-66 ,37,66,51.5,4.8,"Ro
4.8","New York, NY","New York, NY",51 to 200 employees,2017,Company - Private,Health Care Services & Hospitals,Health Care,Unknown / Non-Applicable,-1,0
Data Analyst Entry Level,37-66 ,37,66,51.5,3.7,"Endai
3.7","New York, NY","New York, NY",1 to 50 employees,-1,Company - Private,Advertising & Marketing,Business Services,$1 to $5 million (USD),-1,0
Data Analyst,37-66 ,37,66,51.5,4.7,"BlueLabs
4.7","New York, NY","Washington, DC",1 to 50 employees,-1,Company - Private,Research & Development,Business Services,Unknown / Non-Applicable,-1,0
Data Analyst,46-87 ,46,87,66.5,3.6,"Revel
3.6","Brooklyn, NY","Seattle, WA",51 to 200 employees,2005,Company - Private,Consulting,Business Services,$25 to $50 million (USD),-1,1
Data Analyst,46-87 ,46,87,66.5,3.6,"NALLAS CORPORATION
3.6","Jersey City, NJ","Newtown, PA",1 to 50 employees,-1,Company - Private,Enterprise Software & Network Solutions,Information Technology,$1 to $5 million (USD),-1,0
Data Analyst,46-87 ,46,87,66.5,3.5,"Pozent
3.5","New York, NY","Piscataway, NJ",1 to 50 employees,-1,Contract,-1,-1,Less than $1 million (USD),-1,0
"Data Science Analyst, Capital Markets",46-87 ,46,87,66.5,3.2,"SoFi
3.2","New York, NY","San Francisco, CA",1001 to 5000 employees,2011,Company - Private,Lending,Finance,Unknown / Non-Applicable,-1,0
Data Analyst (Games),46-87 ,46,87,66.5,-1.0,Carry1st,"New York, NY",-1,-1,-1,-1,-1,-1,-1,-1,0
Analyst/Associate Global Markets Credit Data Analyst,46-87 ,46,87,66.5,3.7,"Bank of America
3.7","New York, NY","Charlotte, NC",10000+ employees,1904,Company - Public,Banks & Credit Unions,Finance,$10+ billion (USD),-1,0
Data Business Analyst,46-87 ,46,87,66.5,-1.0,Clear Street,"New York, NY","New York, NY",51 to 200 employees,2018,Company - Public,-1,-1,$1 to $5 million (USD),-1,0
Data Analyst with Excel/DAX/ PowerBI experience- Fulltime,46-87 ,46,87,66.5,3.6,"Nutech Information Systems
3.6","New York, NY","Westmont, IL",1 to 50 employees,-1,Company - Private,Computer Hardware & Software,Information Technology,Less than $1 million (USD),-1,0
Data Science Analyst/Engineer,46-87 ,46,87,66.5,4.0,"NYU Langone Health
4.0","New York, NY","New York, NY",10000+ employees,1841,Hospital,Health Care Services & Hospitals,Health Care,$5 to $10 billion (USD),"NewYork-Presbyterian Hospital, Northwell Health",0
Data Analyst,46-87 ,46,87,66.5,4.6,"The Trevor Project
4.6","New York, NY","West Hollywood, CA",51 to 200 employees,-1,Nonprofit Organization,Social Assistance,Non-Profit,$10 to $25 million (USD),-1,0
"Business Analyst, Data Platforms",46-87 ,46,87,66.5,-1.0,Pinto,"New York, NY","New York, NY",1 to 50 employees,-1,Company - Private,-1,-1,Unknown / Non-Applicable,-1,0
Behavioral Data Analyst,46-87 ,46,87,66.5,-1.0,AB InBev,"New York, NY","Kyiv, Ukraine",1001 to 5000 employees,-1,Company - Public,-1,-1,Unknown / Non-Applicable,-1,0
Data Analyst,46-87 ,46,87,66.5,5.0,"Whip Media Group
5.0","New York, NY","Santa Monica, CA",51 to 200 employees,2016,Company - Private,-1,-1,Unknown / Non-Applicable,-1,0
Data Analyst -1+ year Contract - NYC,46-87 ,46,87,66.5,4.0,"Two95 International Inc.
4.0","New York, NY","Cherry Hill, NJ",1 to 50 employees,-1,Company - Private,Staffing & Outsourcing,Business Services,$1 to $5 million (USD),-1,0
Data Analyst,46-87 ,46,87,66.5,3.0,"Vettery
3.0","New York, NY","New York, NY",201 to 500 employees,2013,Company - Private,Internet,Information Technology,Unknown / Non-Applicable,"Hired, Indeed, AngelList",0
Data Analyst,46-87 ,46,87,66.5,2.9,"Nesco Resource, LLC
2.9","New York, NY","Cleveland, OH",1001 to 5000 employees,1956,Company - Private,Staffing & Outsourcing,Business Services,$500 million to $1 billion (USD),-1,0
Advertising Data Analyst,46-87 ,46,87,66.5,4.0,"Hearst Communications
4.0","New York, NY","San Francisco, CA",1 to 50 employees,-1,Company - Private,Advertising & Marketing,Business Services,Less than $1 million (USD),-1,0
Data Analyst,46-87 ,46,87,66.5,3.6,"MediaMath
3.6","New York, NY","New York, NY",501 to 1000 employees,2007,Company - Private,Advertising & Marketing,Business Services,$100 to $500 million (USD),"Criteo, AppNexus, dataxu",1
Market Data Reporting Analyst,46-87 ,46,87,66.5,4.9,"Jordan & Jordan
4.9","New York, NY","New York, NY",1 to 50 employees,1990,Company - Private,Brokerage Services,Finance,Unknown / Non-Applicable,-1,0
"Senior Analyst, Data Science",46-87 ,46,87,66.5,3.9,"Roku
3.9","New York, NY","San Jose, CA",1001 to 5000 employees,2002,Company - Public,IT Services,Information Technology,$500 million to $1 billion (USD),-1,0
"Senior Data Analyst, Disney+",46-87 ,46,87,66.5,4.0,"Walt Disney Co.
4.0","New York, NY","Burbank, CA",10000+ employees,1923,Company - Public,Motion Picture Production & Distribution,Media,$10+ billion (USD),"News Corp, WarnerMedia, NBCUniversal",0
"Office of the CAO | Reference Data, Project Manager/Business Analyst",46-87 ,46,87,66.5,3.8,"Citadel
3.8","New York, NY","Chicago, IL",1001 to 5000 employees,1990,Company - Private,-1,-1,$50 to $100 million (USD),"Soros Fund Management, D. E. Shaw & Co. - Investment Firm, Fortress Investment Group",0
Business Data Analyst,46-87 ,46,87,66.5,3.7,"Xoriant Corporation
3.7","Jersey City, NJ","Sunnyvale, CA",1001 to 5000 employees,1990,Company - Private,IT Services,Information Technology,$100 to $500 million (USD),"Persistent Systems (India), GlobalLogic, Synechron",0
Senior Data Analyst,46-87 ,46,87,66.5,3.6,"Gemini
3.6","New York, NY","New York, NY",51 to 200 employees,2015,Company - Private,Brokerage Services,Finance,Unknown / Non-Applicable,-1,0
Data Scientist / Big Data Analytics Analyst,46-87 ,46,87,66.5,3.6,"TSR, Inc.
3.6","Weehawken, NJ","Hauppauge, NY",201 to 500 employees,1969,Company - Public,Staffing & Outsourcing,Business Services,$50 to $100 million (USD),-1,0
Data Reporting Analyst,46-87 ,46,87,66.5,-1.0,NADAP NYS INC.,"New York, NY",-1,-1,-1,-1,-1,-1,-1,-1,0
"Principal Data Analyst, LATAM - Disney Streaming Services",46-87 ,46,87,66.5,4.0,"Walt Disney Co.
4.0","New York, NY","Burbank, CA",10000+ employees,1923,Company - Public,Motion Picture Production & Distribution,Media,$10+ billion (USD),"News Corp, WarnerMedia, NBCUniversal",0
Data Analyst II,46-87 ,46,87,66.5,3.2,"Fragomen Worldwide
3.2","New York, NY","New York, NY",1001 to 5000 employees,1951,Company - Private,Legal,Accounting & Legal,$500 million to $1 billion (USD),-1,0
"Data Analyst - Environmental, Social, and Governance",46-87 ,46,87,66.5,3.8,"Bloomberg
3.8","New York, NY","New York, NY",10000+ employees,1981,Company - Private,Computer Hardware & Software,Information Technology,Unknown / Non-Applicable,"Google, Goldman Sachs, Thomson Reuters",0
Data Analyst,46-87 ,46,87,66.5,3.9,"Real Capital Analytics
3.9","New York, NY","New York, NY",51 to 200 employees,2000,Company - Private,Real Estate,Real Estate,$25 to $50 million (USD),-1,0
"Data Analyst, Revenue Analytics",51-88 ,51,88,69.5,4.8,"Ro
4.8","New York, NY","New York, NY",51 to 200 employees,2017,Company - Private,Health Care Services & Hospitals,Health Care,Unknown / Non-Applicable,-1,0
Data Analyst - Data Acquisition / Data Lineage,51-88 ,51,88,69.5,3.6,"Perficient
3.6","New York, NY","Saint Louis, MO",1001 to 5000 employees,1998,Company - Public,IT Services,Information Technology,$500 million to $1 billion (USD),-1,0
Data Analyst - Data Scanning utilizing Rochade,51-88 ,51,88,69.5,3.6,"Perficient
3.6","New York, NY","Saint Louis, MO",1001 to 5000 employees,1998,Company - Public,IT Services,Information Technology,$500 million to $1 billion (USD),-1,0
Data Analyst - Stitching,51-88 ,51,88,69.5,3.6,"Perficient
3.6","New York, NY","Saint Louis, MO",1001 to 5000 employees,1998,Company - Public,IT Services,Information Technology,$500 million to $1 billion (USD),-1,0
Junior Data Analyst,51-88 ,51,88,69.5,4.1,"Kforce
4.1","New York, NY","Tampa, FL",10000+ employees,1966,Company - Public,Staffing & Outsourcing,Business Services,$1 to $2 billion (USD),-1,0
"Data Analyst, Retail Media",51-88 ,51,88,69.5,3.9,"Criteo
3.9","New York, NY","Paris, France",1001 to 5000 employees,2005,Company - Public,Internet,Information Technology,$2 to $5 billion (USD),"MediaMath, Conversant, AppNexus",0
Data Analyst,51-88 ,51,88,69.5,3.0,"Royal Communications
3.0","New York, NY","New York, NY",1 to 50 employees,-1,Company - Private,IT Services,Information Technology,$1 to $5 million (USD),-1,0
Portfolio Data Analyst,51-88 ,51,88,69.5,3.7,"Neuberger Berman
3.7","New York, NY","New York, NY",1001 to 5000 employees,1939,Company - Private,Investment Banking & Asset Management,Finance,$500 million to $1 billion (USD),"Fidelity Investments, BlackRock, Putnam Investments",0
Data Science Analyst,51-88 ,51,88,69.5,-1.0,Greater New York Mutual Insurance Companies (GNY),"New York, NY",-1,-1,-1,-1,-1,-1,-1,-1,0
Data/Reporting Analyst,51-88 ,51,88,69.5,3.9,"Diverse Lynx
3.9","New York, NY","Princeton, NJ",501 to 1000 employees,2002,Company - Private,IT Services,Information Technology,$100 to $500 million (USD),-1,0
Data Analyst 2,51-88 ,51,88,69.5,3.7,"eTeam Inc.
3.7","New York, NY","South Plainfield, NJ",51 to 200 employees,1999,Company - Private,Staffing & Outsourcing,Business Services,$50 to $100 million (USD),"Artech Information Systems, Mindlance, Tech Mahindra",0
Entry Level Data Analyst,51-88 ,51,88,69.5,-1.0,impakt Advisors,"New York, NY","New York, NY",1 to 50 employees,-1,Company - Private,Consulting,Business Services,Unknown / Non-Applicable,-1,0
Marketing Data Analyst,51-88 ,51,88,69.5,3.6,"Current
3.6","New York, NY","Colorado Springs, CO",201 to 500 employees,-1,Company - Public,-1,-1,Unknown / Non-Applicable,-1,0
Data/Information Mgt Analyst,51-88 ,51,88,69.5,3.7,"Citi
3.7","New York, NY","New York, NY",10000+ employees,1812,Company - Public,Investment Banking & Asset Management,Finance,$10+ billion (USD),-1,0
Business Data Analyst,51-88 ,51,88,69.5,3.6,"Axelon Services Corporation
3.6","New York, NY","New York, NY",501 to 1000 employees,-1,Company - Private,Staffing & Outsourcing,Business Services,$100 to $500 million (USD),-1,0
Information Systems Officer (Data Analyst),51-88 ,51,88,69.5,4.1,"United Nations
4.1","New York, NY","New York, NY",10000+ employees,1945,Government,Federal Agencies,Government,Unknown / Non-Applicable,-1,0
Media Science Big Data Analyst,51-88 ,51,88,69.5,3.5,"Discovery Communications, Inc.
3.5","New York, NY","New York, NY",10000+ employees,1985,Company - Public,TV Broadcast & Cable Networks,Media,$5 to $10 billion (USD),-1,0
Data Analyst,51-88 ,51,88,69.5,3.7,"Randstad
3.7","Jersey City, NJ","Atlanta, GA",1001 to 5000 employees,-1,Subsidiary or Business Segment,Staffing & Outsourcing,Business Services,Unknown / Non-Applicable,-1,0
Data Analyst,51-88 ,51,88,69.5,5.0,"Mulberry Technology
5.0","New York, NY","New York, NY (US), NY",1 to 50 employees,-1,Company - Private,-1,-1,Unknown / Non-Applicable,-1,0
Data analyst with Python,51-88 ,51,88,69.5,4.0,"Two95 International Inc.
4.0","New York, NY","Cherry Hill, NJ",1 to 50 employees,-1,Company - Private,Staffing & Outsourcing,Business Services,$1 to $5 million (USD),-1,0
Data Analyst,51-88 ,51,88,69.5,4.8,"SoftStandard Solutions
4.8","New York, NY","Fremont, CA",51 to 200 employees,-1,Company - Private,-1,-1,Unknown / Non-Applicable,-1,0
Data Analyst,51-88 ,51,88,69.5,5.0,"EDO, Inc.
5.0","New York, NY","Los Angeles, CA",1 to 50 employees,-1,Company - Private,Internet,Information Technology,Unknown / Non-Applicable,-1,0
"Healthcare Data Analyst, Qsight",51-88 ,51,88,69.5,3.3,"Guidepoint
3.3","New York, NY","New York, NY",501 to 1000 employees,2003,Company - Private,Research & Development,Business Services,Unknown / Non-Applicable,"Coleman Research, AlphaSights, Third Bridge",1
BA/Data Analyst,51-88 ,51,88,69.5,4.1,"Mitchell Martin
4.1","New York, NY","New York, NY",501 to 1000 employees,1984,Company - Private,Staffing & Outsourcing,Business Services,$100 to $500 million (USD),-1,0
Data Analyst Python,51-88 ,51,88,69.5,4.0,"Lorven Technologies Inc
4.0","New York, NY","Plainsboro, NJ",1 to 50 employees,-1,Company - Private,Accounting,Accounting & Legal,Less than $1 million (USD),-1,0
"Data Analyst, Bitcoin Trading Firm",51-88 ,51,88,69.5,-1.0,Fintech Recruiters,"New York, NY","Dublin, Ireland",Unknown,-1,Company - Private,-1,-1,Unknown / Non-Applicable,-1,0
Data Analyst-BA,51-88 ,51,88,69.5,1.0,"Sphinix Network Solutions Inc.
1.0","New York, NY","New York, NY",1 to 50 employees,-1,Company - Private,IT Services,Information Technology,Less than $1 million (USD),-1,0
Data Analytics Solutions Analyst,51-88 ,51,88,69.5,3.1,"Praescient Analytics
3.1","New York, NY","Alexandria, VA",51 to 200 employees,2011,Company - Private,Consulting,Business Services,$10 to $25 million (USD),-1,0
Quantitative Data Analyst,51-88 ,51,88,69.5,4.5,"Global Atlantic Financial Group
4.5","New York, NY","New York, NY",1001 to 5000 employees,2004,Company - Private,Insurance Carriers,Insurance,Unknown / Non-Applicable,-1,1
Data Analyst,51-88 ,51,88,69.5,3.4,"FINRA
3.4","New York, NY","Washington, DC",1001 to 5000 employees,2007,Nonprofit Organization,Brokerage Services,Finance,$500 million to $1 billion (USD),-1,0
Data Analyst,51-87 ,51,87,69.0,-1.0,NYU Langone Medical Center,"New York, NY",-1,-1,-1,-1,-1,-1,-1,-1,0
"Descriptive Analytics Data Analyst, IB",51-87 ,51,87,69.0,3.6,"Jefferies
3.6","New York, NY","New York, NY",1001 to 5000 employees,1962,Company - Public,Investment Banking & Asset Management,Finance,$2 to $5 billion (USD),-1,0
Data Analyst,51-87 ,51,87,69.0,4.1,"RGP
4.1","New York, NY","Irvine, CA",1001 to 5000 employees,1996,Company - Public,Consulting,Business Services,$500 million to $1 billion (USD),"Deloitte, Huron Consulting Group, Point B",0
Data Analyst,51-87 ,51,87,69.0,4.4,"Tachyon Technologies
4.4","New York, NY","Irving, TX",201 to 500 employees,2011,Company - Private,IT Services,Information Technology,$10 to $25 million (USD),-1,0
Data Analyst,51-87 ,51,87,69.0,3.8,"Apex Systems
3.8","Jersey City, NJ","Glen Allen, VA",1001 to 5000 employees,1995,Subsidiary or Business Segment,Staffing & Outsourcing,Business Services,$2 to $5 billion (USD),"TEKsystems, Insight Global, Accenture",1
Data Analyst,51-87 ,51,87,69.0,3.2,"Hagerty Consulting
3.2","New York, NY","Evanston, IL",1 to 50 employees,-1,Company - Private,Consulting,Business Services,$1 to $5 million (USD),-1,0
Data Analyst,51-87 ,51,87,69.0,-1.0,Gainful Health,"New York, NY","San Mateo, CA",1 to 50 employees,-1,Company - Private,Food & Beverage Stores,Retail,Unknown / Non-Applicable,-1,0
Business Data Analyst,51-87 ,51,87,69.0,3.8,"Cortex consultants LLC
3.8","New York, NY","North Brunswick, NJ",501 to 1000 employees,-1,Company - Private,Consulting,Business Services,Unknown / Non-Applicable,-1,0
Data Analyst,51-87 ,51,87,69.0,4.7,"Medly Pharmacy
4.7","Brooklyn, NY","Brooklyn, NY",201 to 500 employees,2017,Unknown,Health Care Services & Hospitals,Health Care,Unknown / Non-Applicable,-1,0
Healthcare Data Analyst,51-87 ,51,87,69.0,2.3,"Fair Health
2.3","New York, NY","New York, NY",1 to 50 employees,-1,Nonprofit Organization,-1,-1,$10 to $25 million (USD),-1,0
Supply Chain Data Analyst,51-87 ,51,87,69.0,3.8,"Peloton Interactive
3.8","New York, NY","New York, NY",1001 to 5000 employees,2012,Company - Public,"Health, Beauty, & Fitness",Consumer Services,Unknown / Non-Applicable,-1,1
Data Analyst - IBM Tool Set,51-87 ,51,87,69.0,4.6,"ektello
4.6","New York, NY","Troy, MI",201 to 500 employees,2011,Company - Private,Staffing & Outsourcing,Business Services,$10 to $25 million (USD),-1,0
Analyst-Data Integrity,51-87 ,51,87,69.0,3.0,"Premier, Inc.
3.0","New York, NY","Charlotte, NC",1001 to 5000 employees,1967,Company - Public,Health Care Services & Hospitals,Health Care,$1 to $2 billion (USD),-1,0
"Reference Data Operations Analyst - Index Instrument, Associate",51-87 ,51,87,69.0,3.9,"JPMorgan Chase
3.9","New York, NY","New York, NY",10000+ employees,1799,Company - Public,Investment Banking & Asset Management,Finance,$10+ billion (USD),-1,0
Data Analyst,51-87 ,51,87,69.0,3.0,"Fund for Public Health
3.0","Long Island City, NY","New York, NY",201 to 500 employees,-1,Nonprofit Organization,Social Assistance,Non-Profit,$25 to $50 million (USD),-1,0
Data & Service Health Analyst,51-87 ,51,87,69.0,4.2,"BlueVoyant
4.2","New York, NY","New York, NY",51 to 200 employees,-1,Company - Private,-1,-1,Unknown / Non-Applicable,-1,0
Data/Systems Analyst,51-87 ,51,87,69.0,5.0,"Crossfire Consulting Corporation
5.0","New York, NY","Yorktown Heights, NY",51 to 200 employees,-1,Company - Private,Consulting,Business Services,$5 to $10 million (USD),-1,0
Data Analyst,51-87 ,51,87,69.0,4.0,"Reliable Software Resources
4.0","New York, NY","Northville, MI",501 to 1000 employees,2004,Company - Private,IT Services,Information Technology,$50 to $100 million (USD),-1,0
Data Analyst,51-87 ,51,87,69.0,-1.0,Hyde Leadership Brooklyn,"Brooklyn, NY","Brooklyn, NY",51 to 200 employees,-1,School / School District,-1,-1,Unknown / Non-Applicable,-1,0
Data Analyst,51-87 ,51,87,69.0,-1.0,Vertex Intel Systems,"Jersey City, NJ",-1,-1,-1,-1,-1,-1,-1,-1,0
Data Analyst Intern,51-87 ,51,87,69.0,3.6,"My Job Tank
3.6","Jersey City, NJ","New York, NY",51 to 200 employees,-1,Company - Private,IT Services,Information Technology,Unknown / Non-Applicable,-1,1
"Data Analytics Analyst or Associate, Cowen Sustainable Investments",51-87 ,51,87,69.0,3.7,"Cowen
3.7","New York, NY","New York, NY",501 to 1000 employees,1918,Company - Public,Investment Banking & Asset Management,Finance,$100 to $500 million (USD),"Jefferies, Piper Sandler, FBR",0
Data Reporting Analyst,51-87 ,51,87,69.0,3.5,"Robert Half
3.5","New York, NY","Menlo Park, CA",10000+ employees,1948,Company - Public,Staffing & Outsourcing,Business Services,$2 to $5 billion (USD),"Adecco, Manpower",0
Data Analyst,51-87 ,51,87,69.0,2.8,"FJA-US Inc.
2.8","New York, NY","New York, NY",51 to 200 employees,1994,Subsidiary or Business Segment,Computer Hardware & Software,Information Technology,$25 to $50 million (USD),"Ibotta, GutCheck",0
Data Analyst,51-87 ,51,87,69.0,5.0,"Averity
5.0","New York, NY","New York, NY",1 to 50 employees,2014,Company - Private,Staffing & Outsourcing,Business Services,Unknown / Non-Applicable,-1,0
Data Analyst,51-87 ,51,87,69.0,3.8,"Capgemini
3.8","Jersey City, NJ","Paris, France",10000+ employees,1967,Company - Public,Enterprise Software & Network Solutions,Information Technology,$10+ billion (USD),"Accenture, CGI, Sopra Steria",0
ERP Data Analyst,51-87 ,51,87,69.0,3.4,"Wildlife Conservation Society
3.4","New York, NY","Bronx, NY",1001 to 5000 employees,1895,Nonprofit Organization,Social Assistance,Non-Profit,$100 to $500 million (USD),-1,0
Data Analyst,51-87 ,51,87,69.0,3.6,"Asembia
3.6","Florham Park, NJ","Florham Park, NJ",501 to 1000 employees,2004,Company - Private,Biotech & Pharmaceuticals,Biotech & Pharmaceuticals,$5 to $10 million (USD),-1,0
Healthcare Data/Reporting Analyst,51-87 ,51,87,69.0,-1.0,Vesta Healthcare,"New York, NY","New York, NY",1 to 50 employees,2018,Company - Private,Health Care Services & Hospitals,Health Care,Unknown / Non-Applicable,-1,0
PBM Data Analyst,51-87 ,51,87,69.0,3.2,"1199SEIU Funds
3.2","New York, NY","New York, NY",1001 to 5000 employees,-1,Nonprofit Organization,Insurance Carriers,Insurance,$100 to $500 million (USD),-1,0
Data Analyst (Temporary Assignment),59-85 ,59,85,72.0,3.8,"Nutrafol
3.8","New York, NY","New York, NY",51 to 200 employees,-1,Other Organization,"Health, Beauty, & Fitness",Consumer Services,Unknown / Non-Applicable,-1,0
Data Analyst,59-85 ,59,85,72.0,3.5,"New York Life Insurance Co
3.5","New York, NY","New York, NY",10000+ employees,1845,Company - Private,Insurance Agencies & Brokerages,Insurance,$10+ billion (USD),-1,0
Market Data Analyst,59-85 ,59,85,72.0,3.5,"EDP World, Inc.
3.5","New York, NY","New York, NY",1 to 50 employees,1968,Company - Private,Staffing & Outsourcing,Business Services,$1 to $5 million (USD),-1,0
Data Analyst,59-85 ,59,85,72.0,4.1,"Phyton Talent Advisors
4.1","Jersey City, NJ","New York, NY",1 to 50 employees,-1,Company - Private,-1,-1,Unknown / Non-Applicable,-1,0
Junior Data Analyst,59-85 ,59,85,72.0,5.0,"Staffigo Technical Services, LLC
5.0","New York, NY","Woodridge, IL",51 to 200 employees,2008,Company - Private,IT Services,Information Technology,$50 to $100 million (USD),-1,0
Microsoft Dynamics CRM Data Analyst,59-85 ,59,85,72.0,3.7,"IBM
3.7","New York, NY","Armonk, NY",10000+ employees,1911,Company - Public,IT Services,Information Technology,$10+ billion (USD),"Amazon, Accenture, Microsoft",0
Practice Analyst Data,59-85 ,59,85,72.0,4.0,"Northwell Health
4.0","Manhasset, NY","Lake Success, NY",10000+ employees,1997,Nonprofit Organization,Health Care Services & Hospitals,Health Care,$10+ billion (USD),"Catholic Health System, NewYork-Presbyterian Hospital",0
Buyside - Data Scientist/Research Analyst,59-85 ,59,85,72.0,3.3,"Huxley
3.3","New York, NY","London, United Kingdom",201 to 500 employees,1995,Company - Private,Staffing & Outsourcing,Business Services,$25 to $50 million (USD),-1,0
Data Analyst - Healthcare Provider Networks and Formularies,59-85 ,59,85,72.0,2.9,"Vericred
2.9","New York, NY","New York, NY",1 to 50 employees,2015,Company - Private,Internet,Information Technology,Unknown / Non-Applicable,-1,0
Electronic Trading Data Analyst,59-85 ,59,85,72.0,3.6,"Scotiabank
3.6","New York, NY","Toronto, Canada",10000+ employees,1832,Company - Public,Investment Banking & Asset Management,Finance,$10+ billion (USD),RBC,0
"Data Analyst, Center for Developing Brain",59-85 ,59,85,72.0,3.2,"Child Mind Institute
3.2","New York, NY","New York, NY",201 to 500 employees,2009,Nonprofit Organization,Health Care Services & Hospitals,Health Care,$25 to $50 million (USD),-1,0
Data Processing & Performance Analyst,59-85 ,59,85,72.0,3.1,"Balance Innovations
3.1","New York, NY","Lenexa, KS",51 to 200 employees,-1,Company - Private,Computer Hardware & Software,Information Technology,$1 to $5 million (USD),-1,0
Business Analyst - Data Analyst,59-85 ,59,85,72.0,3.4,"Asset Staffing
3.4","Newark, NJ","New York, NY",201 to 500 employees,-1,Contract,Staffing & Outsourcing,Business Services,Unknown / Non-Applicable,-1,0
Data Analyst with Rochade,59-85 ,59,85,72.0,4.0,"Reliable Software Resources
4.0","New York, NY","Northville, MI",501 to 1000 employees,2004,Company - Private,IT Services,Information Technology,$50 to $100 million (USD),-1,0
Advertising Data Analyst,59-85 ,59,85,72.0,4.3,"Hearst Television, Inc
4.3","New York, NY","Cincinnati, OH",51 to 200 employees,-1,Company - Private,TV Broadcast & Cable Networks,Media,$5 to $10 million (USD),-1,0
Product Analyst - Data,59-85 ,59,85,72.0,2.7,"William Hill US
2.7","Jersey City, NJ","London, United Kingdom",10000+ employees,1934,Company - Public,Gambling,"Arts, Entertainment & Recreation",$2 to $5 billion (USD),Sky Betting & Gaming,1
Senior Data Analyst,59-85 ,59,85,72.0,4.1,"Rockstar Games
4.1","New York, NY","New York, NY",1001 to 5000 employees,1998,Subsidiary or Business Segment,Video Games,Media,$10 to $25 million (USD),-1,0
Data Analyst,59-85 ,59,85,72.0,4.4,"ZDAAS
4.4","Brooklyn, NY","Baltimore, MD",1 to 50 employees,-1,Company - Private,-1,-1,$1 to $5 million (USD),-1,0
Market Research Data Analyst - Physician Technology,59-85 ,59,85,72.0,3.1,"Decision Resources Group
3.1","New York, NY","Burlington, MA",1001 to 5000 employees,1990,Subsidiary or Business Segment,IT Services,Information Technology,$100 to $500 million (USD),"IQVIA, GlobalData",0
Data Analyst,59-85 ,59,85,72.0,3.0,"Highbridge Consulting LLC
3.0","New York, NY","Pleasantville, NY",1 to 50 employees,-1,Company - Private,-1,-1,Unknown / Non-Applicable,-1,0
Look ML Data Analyst,59-85 ,59,85,72.0,2.9,"NTT DATA, Inc.
2.9","New York, NY","Singapore, Singapore",201 to 500 employees,-1,Company - Private,Accounting,Accounting & Legal,Unknown / Non-Applicable,-1,0
Data Collection Analyst,59-85 ,59,85,72.0,3.9,"Columbia University
3.9","New York, NY","New York, NY",10000+ employees,1938,College / University,Colleges & Universities,Education,$2 to $5 billion (USD),-1,0
Data Analyst,59-85 ,59,85,72.0,4.2,"Precision technologies corp
4.2","New York, NY","New Brunswick, NJ",201 to 500 employees,2008,Company - Private,IT Services,Information Technology,$10 to $25 million (USD),-1,0
DATA ENTRY/ BILLING ANALYST,59-85 ,59,85,72.0,3.9,"Cactus Holdings
3.9","Queens Village, NY","Mumbai, India",1001 to 5000 employees,2002,Company - Private,Research & Development,Business Services,Unknown / Non-Applicable,-1,0
Student Persistence Initiative Data Analyst/Scientist,59-85 ,59,85,72.0,4.2,"Cuny Research Foundation
4.2","New York, NY","New York, NY",10000+ employees,1963,Nonprofit Organization,Colleges & Universities,Education,$100 to $500 million (USD),-1,0
Data Quality Analyst,59-85 ,59,85,72.0,-1.0,SGA Inc.,"New York, NY","Bethesda, MD",1 to 50 employees,1996,Company - Private,Architectural & Engineering Services,Business Services,$1 to $5 million (USD),-1,0
Data Governance Analyst,59-85 ,59,85,72.0,5.0,"Crossfire Consulting Corporation
5.0","New York, NY","Yorktown Heights, NY",51 to 200 employees,-1,Company - Private,Consulting,Business Services,$5 to $10 million (USD),-1,0
Sr. Business Intelligence Engineer / Data Analyst,59-85 ,59,85,72.0,3.9,"Amazon
3.9","New York, NY","Seattle, WA",10000+ employees,1994,Company - Public,Internet,Information Technology,$10+ billion (USD),"Google, Microsoft, Walmart",0
Data Analyst,59-85 ,59,85,72.0,3.4,"Voice
3.4","Brooklyn, NY",-1,Unknown,-1,Company - Private,-1,-1,Unknown / Non-Applicable,-1,0
Data Analyst,59-85 ,59,85,72.0,2.9,"NTT DATA, Inc.
2.9","New York, NY","Singapore, Singapore",201 to 500 employees,-1,Company - Private,Accounting,Accounting & Legal,Unknown / Non-Applicable,-1,0
Data Analyst,43-76 ,43,76,59.5,4.0,"NYU Langone Health
4.0","New York, NY","New York, NY",10000+ employees,1841,Hospital,Health Care Services & Hospitals,Health Care,$5 to $10 billion (USD),"NewYork-Presbyterian Hospital, Northwell Health",0
Healthcare Data/Reporting Analyst,43-76 ,43,76,59.5,3.6,"HOMETEAM
3.6","New York, NY","New York, NY",51 to 200 employees,2013,Company - Private,Health Care Services & Hospitals,Health Care,Unknown / Non-Applicable,"Honor, HomeHero",0
Data Analyst I - Geriatrics and Palliative Care,43-76 ,43,76,59.5,3.4,"Mount Sinai Health System
3.4","New York, NY","New York, NY",10000+ employees,2013,Hospital,Health Care Services & Hospitals,Health Care,$1 to $2 billion (USD),-1,0
Data Analyst,43-76 ,43,76,59.5,-1.0,Monkey Algorithms LLC,"New York, NY",-1,-1,-1,-1,-1,-1,-1,-1,0
Data Analyst/Rochade,43-76 ,43,76,59.5,3.3,"Halcyon Solutions, Inc.
3.3","New York, NY","Dublin, OH",51 to 200 employees,1992,Company - Private,IT Services,Information Technology,$10 to $25 million (USD),-1,0
"Data Analyst, Revenue Analytics",43-76 ,43,76,59.5,3.2,"Roman
3.2","New York, NY","Bloomingdale, IL",201 to 500 employees,-1,Company - Private,-1,-1,$25 to $50 million (USD),-1,0
Data Analyst,43-76 ,43,76,59.5,3.8,"COUNCIL ON ACCREDITATION
3.8","New York, NY","New York, NY",51 to 200 employees,1977,Nonprofit Organization,Social Assistance,Non-Profit,$10 to $25 million (USD),-1,0
Data Analyst,43-76 ,43,76,59.5,-1.0,APR Staffing,"New York, NY",-1,-1,-1,-1,-1,-1,-1,-1,0
"Data Analyst II, Division of Gastroenterology (Research)",43-76 ,43,76,59.5,3.4,"Mount Sinai Health System
3.4","New York, NY","New York, NY",10000+ employees,2013,Hospital,Health Care Services & Hospitals,Health Care,$1 to $2 billion (USD),-1,0
"Data Analyst, Student Success Program",43-76 ,43,76,59.5,3.2,"Child Mind Institute
3.2","New York, NY","New York, NY",201 to 500 employees,2009,Nonprofit Organization,Health Care Services & Hospitals,Health Care,$25 to $50 million (USD),-1,0
Big Data QA Analyst with Jupyter notebook,43-76 ,43,76,59.5,3.2,"COOLSOFT
3.2","Newark, NJ","Louisville, KY",51 to 200 employees,-1,Company - Private,"Health, Beauty, & Fitness",Consumer Services,$10 to $25 million (USD),-1,0
"Analyst, Data Centers Industry",43-76 ,43,76,59.5,3.3,"451 Research
3.3","New York, NY","New York, NY",201 to 500 employees,2000,Company - Private,Research & Development,Business Services,Unknown / Non-Applicable,"Gartner, Forrester, IDC",0
Data Analyst,43-76 ,43,76,59.5,-1.0,Stark HR Consulting LLC,"New York, NY",-1,-1,-1,-1,-1,-1,-1,-1,0
Financial - Data Analyst,43-76 ,43,76,59.5,3.8,"Amenity Analytics
3.8","New York, NY","New York, NY",51 to 200 employees,2015,Company - Private,Enterprise Software & Network Solutions,Information Technology,Unknown / Non-Applicable,-1,0
Data Analyst with Data Scanning and Profiling,43-76 ,43,76,59.5,3.3,"Halcyon Solutions, Inc.
3.3","New York, NY","Dublin, OH",51 to 200 employees,1992,Company - Private,IT Services,Information Technology,$10 to $25 million (USD),-1,0
Business Analyst - Data Governance,43-76 ,43,76,59.5,4.1,"Rockstar Games
4.1","New York, NY","New York, NY",1001 to 5000 employees,1998,Subsidiary or Business Segment,Video Games,Media,$10 to $25 million (USD),-1,0
Senior Data Analyst - Health Economist,43-76 ,43,76,59.5,2.9,"Vericred
2.9","New York, NY","New York, NY",1 to 50 employees,2015,Company - Private,Internet,Information Technology,Unknown / Non-Applicable,-1,0
Lead Data Insights Analyst,43-76 ,43,76,59.5,-1.0,TapRm,"Brooklyn, NY","New York, NY",Unknown,-1,Unknown,-1,-1,Unknown / Non-Applicable,-1,0
Research Analyst (Data Science),43-76 ,43,76,59.5,3.4,"APCO Worldwide
3.4","New York, NY","Washington, DC",501 to 1000 employees,1984,Company - Private,Consulting,Business Services,$100 to $500 million (USD),"Edelman, Burson-Marsteller, FleishmanHillard",0
Data Management Analyst,43-76 ,43,76,59.5,2.5,"Brooklyn Community Services
2.5","Brooklyn, NY","Brooklyn, NY",201 to 500 employees,1886,Nonprofit Organization,Social Assistance,Non-Profit,$25 to $50 million (USD),-1,0
Business Analyst / Data Analyst,43-76 ,43,76,59.5,4.4,"Softcom Systems
4.4","Weehawken, NJ","Princeton, NJ",1 to 50 employees,-1,Company - Private,IT Services,Information Technology,$1 to $5 million (USD),-1,0
Healthcare Data/Reporting Analyst,43-76 ,43,76,59.5,3.9,"Diverse Lynx
3.9","New York, NY","Princeton, NJ",501 to 1000 employees,2002,Company - Private,IT Services,Information Technology,$100 to $500 million (USD),-1,0
Clinical Data Analyst,43-76 ,43,76,59.5,2.3,"Fair Health
2.3","New York, NY","New York, NY",1 to 50 employees,-1,Nonprofit Organization,-1,-1,$10 to $25 million (USD),-1,0
Sr. Data Profiling Analyst,43-76 ,43,76,59.5,3.6,"UBS
3.6","New York, NY","Zurich, Switzerland",10000+ employees,1862,Company - Public,Investment Banking & Asset Management,Finance,$10+ billion (USD),"Deutsche Bank, Credit Suisse, Morgan Stanley",0
"Data Analytics Analyst or Associate, Cowen Sustainable Investments",43-76 ,43,76,59.5,-1.0,"Cowen Group, Inc.","New York, NY","West Hartford, CT",1 to 50 employees,-1,Unknown,-1,-1,Unknown / Non-Applicable,-1,0
Data Analyst,43-76 ,43,76,59.5,3.6,"Workforce Logiq
3.6","Haworth, NJ","Orlando, FL",501 to 1000 employees,1999,Company - Private,Consulting,Business Services,$50 to $100 million (USD),"Appen, Lionbridge",0
Data Analyst,43-76 ,43,76,59.5,3.3,"Cross River Bank
3.3","Fort Lee, NJ","Fort Lee, NJ",201 to 500 employees,2008,Company - Private,Banks & Credit Unions,Finance,$50 to $100 million (USD),-1,0
"Sr. Data Analyst, Revenue Analytics, Peacock",43-76 ,43,76,59.5,3.8,"NBCUniversal
3.8","New York, NY","New York, NY",10000+ employees,1906,Company - Public,TV Broadcast & Cable Networks,Media,$10+ billion (USD),-1,0
Senior Data Analyst,43-76 ,43,76,59.5,3.7,"Narrativ
3.7","New York, NY","New York, NY",1 to 50 employees,2015,Company - Private,Internet,Information Technology,Unknown / Non-Applicable,-1,0
Data Analyst,43-76 ,43,76,59.5,-1.0,CompuForce,"New York, NY","New York, NY",Unknown,-1,Company - Private,-1,-1,Unknown / Non-Applicable,-1,0
Senior Data Analyst - Data Cataloging / Data Profiling,43-76 ,43,76,59.5,3.6,"Perficient
3.6","New York, NY","Saint Louis, MO",1001 to 5000 employees,1998,Company - Public,IT Services,Information Technology,$500 million to $1 billion (USD),-1,0
Data/Report Analyst,60-110 ,60,110,85.0,4.0,"Lorven Technologies Inc
4.0","New York, NY","Plainsboro, NJ",1 to 50 employees,-1,Company - Private,Accounting,Accounting & Legal,Less than $1 million (USD),-1,0
Senior Data Analyst,60-110 ,60,110,85.0,4.1,"Bounce Exchange
4.1","New York, NY","New York, NY",201 to 500 employees,2012,Company - Private,Advertising & Marketing,Business Services,Unknown / Non-Applicable,-1,0
Human Capital Data Analyst,60-110 ,60,110,85.0,4.5,"Green Key Resources
4.5","New York, NY","New York, NY",201 to 500 employees,2004,Company - Private,Staffing & Outsourcing,Business Services,Unknown / Non-Applicable,"Beacon Hill Staffing Group, PageGroup, Solomon Page",0
GIS Data analyst,60-110 ,60,110,85.0,3.7,"22nd Century Technologies
3.7","New York, NY","Somerset, NJ",1001 to 5000 employees,1997,Company - Private,IT Services,Information Technology,$25 to $50 million (USD),-1,1
Junior Data Analytics Solutions Analyst,60-110 ,60,110,85.0,3.1,"Praescient Analytics
3.1","New York, NY","Alexandria, VA",51 to 200 employees,2011,Company - Private,Consulting,Business Services,$10 to $25 million (USD),-1,0
Data Analyst,60-110 ,60,110,85.0,-1.0,"Capgemini America, Inc.","Jersey City, NJ",-1,-1,-1,-1,-1,-1,-1,-1,0
Data Analyst w/Capital Markets,60-110 ,60,110,85.0,3.7,"Software Guidance & Assistance
3.7","Jersey City, NJ","Tarrytown, NY",51 to 200 employees,1981,Company - Private,Staffing & Outsourcing,Business Services,$50 to $100 million (USD),-1,0
"VP, Research Project Analyst/Data Management",60-110 ,60,110,85.0,3.7,"Citi
3.7","New York, NY","New York, NY",10000+ employees,1812,Company - Public,Investment Banking & Asset Management,Finance,$10+ billion (USD),-1,0
Food Data Analyst,60-110 ,60,110,85.0,3.2,"Metropolitan Council on Jewish Poverty
3.2","New York, NY","New York, NY",201 to 500 employees,-1,Nonprofit Organization,Social Assistance,Non-Profit,$25 to $50 million (USD),-1,0
Data Management Analyst,60-110 ,60,110,85.0,3.6,"TSR Consulting
3.6","New York, NY","Hauppauge, NY",201 to 500 employees,1969,Company - Public,Staffing & Outsourcing,Business Services,$50 to $100 million (USD),-1,0
Data Governance Analyst,60-110 ,60,110,85.0,3.6,"UBS
3.6","Weehawken, NJ","Zurich, Switzerland",10000+ employees,1862,Company - Public,Investment Banking & Asset Management,Finance,$10+ billion (USD),"Deutsche Bank, Credit Suisse, Morgan Stanley",0
"Data Analyst, Enterprise Analytics",60-110 ,60,110,85.0,3.7,"Take-Two Interactive Software, Inc.
3.7","New York, NY","New York, NY",1001 to 5000 employees,1993,Company - Public,Video Games,Media,$1 to $2 billion (USD),"Activision Blizzard, Electronic Arts",0
Data Analytics Solutions Analyst - Mid with Security Clearance,60-110 ,60,110,85.0,3.1,"Praescient Analytics
3.1","New York, NY","Alexandria, VA",51 to 200 employees,2011,Company - Private,Consulting,Business Services,$10 to $25 million (USD),-1,0
Data Analyst Assistant,60-110 ,60,110,85.0,-1.0,Teus Health,"Newark, NJ",-1,-1,-1,-1,-1,-1,-1,-1,0
Investment Management Summer Analyst Program - Office of COO: Data & Analytics,60-110 ,60,110,85.0,3.8,"Morgan Stanley
3.8","New York, NY","New York, NY",10000+ employees,1935,Company - Public,Investment Banking & Asset Management,Finance,$10+ billion (USD),-1,0
Data Collection Analyst,60-110 ,60,110,85.0,4.1,"ICAP at Columbia University
4.1","New York, NY","New York, NY",501 to 1000 employees,2003,Nonprofit Organization,Health Care Services & Hospitals,Health Care,Unknown / Non-Applicable,-1,0
Data Collection Analyst,60-110 ,60,110,85.0,3.8,"Columbia University Medical Center
3.8","New York, NY","New York, NY",5001 to 10000 employees,-1,Hospital,Health Care Services & Hospitals,Health Care,$500 million to $1 billion (USD),-1,0
Sr Business /Data Analyst- Reference data,60-110 ,60,110,85.0,3.7,"Xoriant Corporation
3.7","Jersey City, NJ","Sunnyvale, CA",1001 to 5000 employees,1990,Company - Private,IT Services,Information Technology,$100 to $500 million (USD),"Persistent Systems (India), GlobalLogic, Synechron",0
Data Analyst,60-110 ,60,110,85.0,4.7,"The Denzel Group
4.7","South Plainfield, NJ","Allentown, PA",1 to 50 employees,-1,Company - Private,-1,-1,Unknown / Non-Applicable,-1,0
SENIOR DATA ANALYST,60-110 ,60,110,85.0,3.7,"Montefiore Medical
3.7","New York, NY","Bronx, NY",10000+ employees,1884,Nonprofit Organization,Health Care Services & Hospitals,Health Care,$2 to $5 billion (USD),-1,0
Senior Data Analyst / Scientist,60-110 ,60,110,85.0,3.3,"Cedent Consulting
3.3","New York, NY","Frisco, TX",1 to 50 employees,-1,Company - Private,Consulting,Business Services,Less than $1 million (USD),-1,0
Senior Data Analyst - Regulatory Reporting,60-110 ,60,110,85.0,3.4,"ACS
3.4","New York, NY","Moore, OK",1 to 50 employees,-1,Company - Private,General Repair & Maintenance,"Construction, Repair & Maintenance",$1 to $5 million (USD),-1,0
Data Reporting Analyst,60-110 ,60,110,85.0,3.2,"NADAP
3.2","New York, NY","New York, NY",201 to 500 employees,1971,Nonprofit Organization,Social Assistance,Non-Profit,Unknown / Non-Applicable,-1,0
Data Governance Analyst,60-110 ,60,110,85.0,-1.0,SGA Inc.,"New York, NY","Bethesda, MD",1 to 50 employees,1996,Company - Private,Architectural & Engineering Services,Business Services,$1 to $5 million (USD),-1,0
Data Analyst,60-110 ,60,110,85.0,-1.0,Newspaper Administration,"New York, NY",-1,-1,-1,-1,-1,-1,-1,-1,0
Senior Data Analyst (6-12 Month Contract-Remote),60-110 ,60,110,85.0,5.0,"VISTRADA
5.0","New York, NY","New York, NY",1 to 50 employees,-1,Company - Private,Advertising & Marketing,Business Services,$1 to $5 million (USD),-1,0
"Principal Data Analyst, LATAM – Disney Streaming Services",60-110 ,60,110,85.0,3.6,"Disney Streaming Services
3.6","New York, NY","New York, NY",501 to 1000 employees,2018,Company - Private,Internet,Information Technology,Unknown / Non-Applicable,-1,0
Data Analyst- Win 10 Migration- NYC,60-110 ,60,110,85.0,3.0,"Royal Communications Consultants Inc
3.0","New York, NY","New York, NY",1 to 50 employees,-1,Company - Private,IT Services,Information Technology,$1 to $5 million (USD),-1,1
Data Analyst (35 hours/week),60-110 ,60,110,85.0,3.5,"CASES
3.5","New York, NY","Brooklyn, NY",201 to 500 employees,1989,Nonprofit Organization,Social Assistance,Non-Profit,$10 to $25 million (USD),-1,0
Tech Business/Data Analyst,60-110 ,60,110,85.0,1.0,"Sphinix Network Solutions Inc.
1.0","New York, NY","New York, NY",1 to 50 employees,-1,Company - Private,IT Services,Information Technology,Less than $1 million (USD),-1,0
Data Analyst,41-78 ,41,78,59.5,5.0,"Staffigo Technical Services, LLC
5.0","New York, NY","Woodridge, IL",51 to 200 employees,2008,Company - Private,IT Services,Information Technology,$50 to $100 million (USD),-1,0
"Senior Data Analyst, Financial Services",41-78 ,41,78,59.5,5.0,"Earnest Research
5.0","New York, NY","New York, NY",51 to 200 employees,2012,Company - Private,Research & Development,Business Services,Unknown / Non-Applicable,-1,0
"Enterprise Data, Financial Data Analyst - Content Design Specialist Contractor",41-78 ,41,78,59.5,3.8,"Bloomberg
3.8","New York, NY","New York, NY",10000+ employees,1981,Company - Private,Computer Hardware & Software,Information Technology,Unknown / Non-Applicable,"Google, Goldman Sachs, Thomson Reuters",0
Data Analyst,41-78 ,41,78,59.5,4.1,"APN Software Services Inc.
4.1","New York, NY","Newark, CA",51 to 200 employees,-1,Company - Private,Computer Hardware & Software,Information Technology,$25 to $50 million (USD),-1,0
Data Analyst,41-78 ,41,78,59.5,3.3,"Acacia Network
3.3","Bronx, NY","Bronx, NY",1001 to 5000 employees,1966,Nonprofit Organization,Social Assistance,Non-Profit,$100 to $500 million (USD),-1,0
Senior Data Analyst,41-78 ,41,78,59.5,-1.0,Miller Cang Agency,"New York, NY",-1,-1,-1,-1,-1,-1,-1,-1,0
Data Remediation Analyst-EK020719A/JL,41-78 ,41,78,59.5,3.5,"EDP World, Inc.
3.5","New York, NY","New York, NY",1 to 50 employees,1968,Company - Private,Staffing & Outsourcing,Business Services,$1 to $5 million (USD),-1,0
Business Analyst - Chief Data Office,41-78 ,41,78,59.5,3.7,"Citi
3.7","New York, NY","New York, NY",10000+ employees,1812,Company - Public,Investment Banking & Asset Management,Finance,$10+ billion (USD),-1,0
"Senior Analyst, Data Instrumentation & Quality (Disney+)",41-78 ,41,78,59.5,4.0,"Walt Disney Co.
4.0","New York, NY","Burbank, CA",10000+ employees,1923,Company - Public,Motion Picture Production & Distribution,Media,$10+ billion (USD),"News Corp, WarnerMedia, NBCUniversal",0
Sr. Data Analyst,41-78 ,41,78,59.5,3.4,"NTT DATA
3.4","New York, NY","Tokyo, Japan",10000+ employees,1967,Company - Public,IT Services,Information Technology,$10+ billion (USD),"Capgemini, Accenture, Deloitte",0
Big Data Programmer Analyst,41-78 ,41,78,59.5,3.6,"TSR, Inc.
3.6","Jersey City, NJ","Hauppauge, NY",201 to 500 employees,1969,Company - Public,Staffing & Outsourcing,Business Services,$50 to $100 million (USD),-1,0
Lead Data Analyst,41-78 ,41,78,59.5,-1.0,Attentive,"New York, NY","Braga, Portugal",1 to 50 employees,-1,Company - Private,-1,-1,Unknown / Non-Applicable,-1,0
Data Analyst,41-78 ,41,78,59.5,3.5,"Fidelis Group
3.5","Little Ferry, NJ","Little Ferry, NJ",51 to 200 employees,-1,Company - Private,Consulting,Business Services,$10 to $25 million (USD),-1,0
Data Governance Analyst,41-78 ,41,78,59.5,3.4,"Eclaro
3.4","New York, NY","New York, NY",501 to 1000 employees,1999,Company - Private,Staffing & Outsourcing,Business Services,$25 to $50 million (USD),-1,0
Client Service Data Analyst,41-78 ,41,78,59.5,4.1,"Phyton Talent Advisors
4.1","New York, NY","New York, NY",1 to 50 employees,-1,Company - Private,-1,-1,Unknown / Non-Applicable,-1,0
Financial Data Analyst - Accounting - D3529,41-78 ,41,78,59.5,4.2,"Source of Future Technology Inc
4.2","New York, NY","New York, NY",1 to 50 employees,1981,Company - Private,Computer Hardware & Software,Information Technology,$5 to $10 million (USD),-1,0
Data / Business Analyst (SQL/Tableau),41-78 ,41,78,59.5,-1.0,Wayne Technologies - CHURN,"New York, NY",-1,-1,-1,-1,-1,-1,-1,-1,0
"Data Processing & Performance Analyst New York, NY",41-78 ,41,78,59.5,2.7,"Brink's
2.7","New York, NY","Richmond, VA",10000+ employees,1859,Company - Public,Security Services,Business Services,$2 to $5 billion (USD),"G4S, Loomis, GardaWorld",0
Data Analyst,41-78 ,41,78,59.5,3.1,"Seven Seven Softwares
3.1","Newark, NJ","Rockaway, NJ",201 to 500 employees,1996,Company - Public,IT Services,Information Technology,$10 to $25 million (USD),-1,0
Senior Data Analyst,41-78 ,41,78,59.5,4.5,"Mobilityware
4.5","New York, NY","Irvine, CA",51 to 200 employees,1990,Company - Private,Video Games,Media,Unknown / Non-Applicable,-1,0
Data Analyst-Junior Profiles also works-Only NY/NJ Candidates Please on w2 Only,41-78 ,41,78,59.5,4.8,"TechProjects
4.8","Jersey City, NJ","North Brunswick, NJ",1 to 50 employees,2011,Company - Private,IT Services,Information Technology,Unknown / Non-Applicable,-1,0
Business Analyst-Market Data,41-78 ,41,78,59.5,4.1,"Mitchell Martin
4.1","Jersey City, NJ","New York, NY",501 to 1000 employees,1984,Company - Private,Staffing & Outsourcing,Business Services,$100 to $500 million (USD),-1,0
Content Analyst/Data BA-Bus/Tech Strategy - Investment Bank,41-78 ,41,78,59.5,3.0,"RMS Computer Corporation
3.0","Jersey City, NJ","New York, NY",201 to 500 employees,1985,Company - Private,Computer Hardware & Software,Information Technology,$25 to $50 million (USD),-1,0
Data Analyst,41-78 ,41,78,59.5,2.7,"ProHEALTH Care
2.7","Lake Success, NY","Lake Success, NY",1001 to 5000 employees,1997,Subsidiary or Business Segment,Health Care Services & Hospitals,Health Care,Unknown / Non-Applicable,"Northwell Health, Stony Brook University Medical, Catholic Health Services of Long Island",0
"Senior Analyst, AB Testing and Data Operations",41-78 ,41,78,59.5,3.5,"2U
3.5","New York, NY","Lanham, MD",1001 to 5000 employees,2008,Company - Public,Enterprise Software & Network Solutions,Information Technology,$100 to $500 million (USD),-1,1
Data Warehouse Analyst,41-78 ,41,78,59.5,-1.0,SIAL TECHNOLOGY PARTNERS,"New York, NY","Princeton, NJ",1 to 50 employees,-1,Company - Private,-1,-1,Unknown / Non-Applicable,-1,0
Data Analyst I - Geriatrics and Palliative Care,41-78 ,41,78,59.5,3.1,"Mount Sinai Medical Center
3.1","New York, NY","Miami Beach, FL",1001 to 5000 employees,1946,Nonprofit Organization,Health Care Services & Hospitals,Health Care,$500 million to $1 billion (USD),-1,0
Data Analyst,41-78 ,41,78,59.5,5.0,"Professional Resource Group
5.0","Lake Success, NY","Spring, TX",1 to 50 employees,-1,Company - Private,Advertising & Marketing,Business Services,Less than $1 million (USD),-1,0
Senior Business and Data Analyst,41-78 ,41,78,59.5,3.9,"JPMorgan Chase
3.9","New York, NY","New York, NY",10000+ employees,1799,Company - Public,Investment Banking & Asset Management,Finance,$10+ billion (USD),-1,0
Data Analyst II,45-88 ,45,88,66.5,3.8,"Capgemini
3.8","Jersey City, NJ","Paris, France",10000+ employees,1967,Company - Public,Enterprise Software & Network Solutions,Information Technology,$10+ billion (USD),"Accenture, CGI, Sopra Steria",0
Data Analyst II,45-88 ,45,88,66.5,3.0,"IPRO
3.0","Lake Success, NY","N New Hyde Park, NY",201 to 500 employees,1984,Nonprofit Organization,Health Care Services & Hospitals,Health Care,$50 to $100 million (USD),-1,0
Data Analyst (35 hours/week),45-88 ,45,88,66.5,3.2,"CASES
3.2","New York, NY","Durham, NC",1 to 50 employees,-1,Company - Public,-1,-1,Unknown / Non-Applicable,-1,0
Lead Generation Data Analyst,45-88 ,45,88,66.5,3.3,"Brown Brothers Harriman
3.3","New York, NY","New York, NY",1001 to 5000 employees,1818,Company - Private,Investment Banking & Asset Management,Finance,$2 to $5 billion (USD),"Morgan Stanley, Goldman Sachs",0
"DnA Ambassador (Clinical Business Analyst - Level 1), Data & Analytics/Re-post",45-88 ,45,88,66.5,3.6,"NYC Health + Hospitals
3.6","New York, NY","New York, NY",5001 to 10000 employees,-1,Company - Public,Health Care Services & Hospitals,Health Care,Unknown / Non-Applicable,-1,0
Data Analyst I - Genetics & Genomic Sciences,45-88 ,45,88,66.5,3.1,"Mount Sinai Medical Center
3.1","New York, NY","Miami Beach, FL",1001 to 5000 employees,1946,Nonprofit Organization,Health Care Services & Hospitals,Health Care,$500 million to $1 billion (USD),-1,0
Data Reporting Analyst III,45-88 ,45,88,66.5,3.6,"Horizon Blue Cross Blue Shield of New Jersey
3.6","Newark, NJ","Newark, NJ",1001 to 5000 employees,1932,Nonprofit Organization,Insurance Carriers,Insurance,$10+ billion (USD),"UnitedHealth Group, Cigna, Aetna",0
Reporting Analyst Data Analyst,45-88 ,45,88,66.5,-1.0,APR Staffing,"Lake Success, NY",-1,-1,-1,-1,-1,-1,-1,-1,0
Data Analyst - CBCH,45-88 ,45,88,66.5,3.9,"Columbia University
3.9","New York, NY","New York, NY",10000+ employees,1938,College / University,Colleges & Universities,Education,$2 to $5 billion (USD),-1,0
"Principal Data Analyst, LATAM Disney Streaming Services",45-88 ,45,88,66.5,4.0,"Walt Disney Company
4.0","New York, NY","Burbank, CA",10000+ employees,1923,Company - Public,Motion Picture Production & Distribution,Media,$10+ billion (USD),"News Corp, WarnerMedia, NBCUniversal",0
Data Engineer/Data Analyst,45-88 ,45,88,66.5,3.9,"Diverse Lynx
3.9","New York, NY","Princeton, NJ",501 to 1000 employees,2002,Company - Private,IT Services,Information Technology,$100 to $500 million (USD),-1,0
Technical Business/Data Analyst,73-127 ,73,127,100.0,3.8,"Capgemini
3.8","New York, NY","Paris, France",10000+ employees,1967,Company - Public,Enterprise Software & Network Solutions,Information Technology,$10+ billion (USD),"Accenture, CGI, Sopra Steria",0
CRM Data Performance Analyst,73-127 ,73,127,100.0,4.9,"Roar Digital
4.9","New York, NY","Jersey City, NJ",51 to 200 employees,2018,Company - Private,Gambling,"Arts, Entertainment & Recreation",Unknown / Non-Applicable,-1,0
eCommerce Data Analyst,73-127 ,73,127,100.0,-1.0,Darmor Partners,"New York, NY",-1,-1,-1,-1,-1,-1,-1,-1,0
Senior Data Analyst - Rochade,73-127 ,73,127,100.0,3.6,"Perficient
3.6","New York, NY","Saint Louis, MO",1001 to 5000 employees,1998,Company - Public,IT Services,Information Technology,$500 million to $1 billion (USD),-1,0
Financial Data Analyst,73-127 ,73,127,100.0,-1.0,Talent Bundle LLC,"New York, NY",-1,-1,-1,-1,-1,-1,-1,-1,0
2021 Summer Analyst Program- Data & Analytics Solutions,73-127 ,73,127,100.0,3.2,"The Bank of New York Mellon
3.2","New York, NY","New York, NY",10000+ employees,1784,Company - Public,Investment Banking & Asset Management,Finance,$10+ billion (USD),"State Street, Northern Trust, BlackRock",0
Data Analyst - QC,73-127 ,73,127,100.0,2.9,"Nesco Resource, LLC
2.9","New York, NY","Cleveland, OH",1001 to 5000 employees,1956,Company - Private,Staffing & Outsourcing,Business Services,$500 million to $1 billion (USD),-1,0
People Operations & Data Analyst,73-127 ,73,127,100.0,2.3,"Museum of Ice Cream
2.3","New York, NY","New York, NY",201 to 500 employees,-1,Company - Private,-1,-1,Unknown / Non-Applicable,-1,0
Lead Data Analyst (Product),73-127 ,73,127,100.0,-1.0,Kinship,"New York, NY","Chicago, IL",1 to 50 employees,-1,Company - Private,Advertising & Marketing,Business Services,Unknown / Non-Applicable,-1,0
Data Analyst - III,73-127 ,73,127,100.0,4.2,"APN Consulting
4.2","New York, NY","Monmouth Junction, NJ",1 to 50 employees,-1,Company - Private,Advertising & Marketing,Business Services,$1 to $5 million (USD),-1,0
SQL Data Analyst,73-127 ,73,127,100.0,3.4,"Siri InfoSolutions
3.4","Summit, NJ","Edison, NJ",51 to 200 employees,-1,Company - Private,Consulting,Business Services,$10 to $25 million (USD),-1,0
Healthcare Data/Reporting Analyst,73-127 ,73,127,100.0,3.1,"Integrated Resources
3.1","New York, NY","Edison, NJ",201 to 500 employees,1996,Company - Private,Staffing & Outsourcing,Business Services,$25 to $50 million (USD),-1,0
Epic Data Intelligence Analyst,73-127 ,73,127,100.0,3.9,"Icahn School of Medicine at Mount Sinai
3.9","New York, NY","New York, NY",1001 to 5000 employees,-1,Nonprofit Organization,-1,-1,Unknown / Non-Applicable,-1,0
"JPSC-8461 - Position: 13,52,53 Data Analyst",73-127 ,73,127,100.0,4.5,"Avani Technology Solutions
4.5","New York, NY","Rochester, NY",501 to 1000 employees,2008,Company - Private,IT Services,Information Technology,$50 to $100 million (USD),-1,0
Data Analyst - Analytics/SQL,84-90 ,84,90,87.0,4.0,"Lorven Technologies Inc
4.0","New York, NY","Plainsboro, NJ",1 to 50 employees,-1,Company - Private,Accounting,Accounting & Legal,Less than $1 million (USD),-1,0
Data Analyst-Excel,84-90 ,84,90,87.0,2.6,"Altech Star Inc.
2.6","New York, NY","West Windsor, NJ",1 to 50 employees,-1,Company - Private,Computer Hardware & Software,Information Technology,Less than $1 million (USD),-1,0
Data Remediation Analyst,84-90 ,84,90,87.0,-1.0,Wintellisys,"New York, NY","Memphis, TN",1 to 50 employees,-1,Company - Private,IT Services,Information Technology,Unknown / Non-Applicable,-1,0
Data Analyst with Python or Python developer,84-90 ,84,90,87.0,3.9,"Diverse Lynx
3.9","New York, NY","Princeton, NJ",501 to 1000 employees,2002,Company - Private,IT Services,Information Technology,$100 to $500 million (USD),-1,0
Data Entry Clerk / Data analyst,84-90 ,84,90,87.0,4.1,"V R Della Infotech Inc
4.1","Haworth, NJ","Dover, DE",51 to 200 employees,2012,Company - Private,Staffing & Outsourcing,Business Services,$5 to $10 million (USD),-1,0
"Senior Analyst, Data and Insights (Wirecutter)",84-90 ,84,90,87.0,3.8,"New York Times
3.8","New York, NY","New York, NY",1001 to 5000 employees,1896,Company - Public,News Outlet,Media,$1 to $2 billion (USD),-1,0
ETL Developer / Data Analyst,84-90 ,84,90,87.0,5.0,"Blue Rock Consulting
5.0","New York, NY","Cranford, NJ",1 to 50 employees,-1,Company - Public,-1,-1,Unknown / Non-Applicable,-1,0
Big Data Programmer Analyst,84-90 ,84,90,87.0,-1.0,"TSR Consulting Services, Inc.","Jersey City, NJ",-1,-1,-1,-1,-1,-1,-1,-1,0
Data Governance Analyst,84-90 ,84,90,87.0,3.8,"LanceSoft Inc
3.8","New York, NY","Herndon, VA",1001 to 5000 employees,2000,Company - Private,Staffing & Outsourcing,Business Services,$100 to $500 million (USD),"Mindlance, Artech Information Systems, Pyramid Consulting",0
Data Analyst with Python,84-90 ,84,90,87.0,3.9,"Diverse Lynx
3.9","New York, NY","Princeton, NJ",501 to 1000 employees,2002,Company - Private,IT Services,Information Technology,$100 to $500 million (USD),-1,0
Data Analyst/Project Manager,84-90 ,84,90,87.0,3.0,"SMBC
3.0","Jersey City, NJ","New York, NY",Unknown,-1,Company - Public,-1,-1,Unknown / Non-Applicable,-1,0
Data Analyst - Intex Developer,84-90 ,84,90,87.0,-1.0,"Delaware Investments Colorado Municipal Income Fund, Inc","New York, NY",-1,-1,-1,-1,-1,-1,-1,-1,0
Analyst Business Data,84-90 ,84,90,87.0,4.0,"Northwell Health
4.0","Manhasset, NY","Lake Success, NY",10000+ employees,1997,Nonprofit Organization,Health Care Services & Hospitals,Health Care,$10+ billion (USD),"Catholic Health System, NewYork-Presbyterian Hospital",0
Sr. Datastage and Data Analyst,84-90 ,84,90,87.0,4.8,"TechProjects
4.8","New York, NY","North Brunswick, NJ",1 to 50 employees,2011,Company - Private,IT Services,Information Technology,Unknown / Non-Applicable,-1,0
Programmer Data Analyst,84-90 ,84,90,87.0,-1.0,Vestracare,"Valley Stream, NY",-1,-1,-1,-1,-1,-1,-1,-1,0
Consumer Lending Data Analyst,84-90 ,84,90,87.0,3.8,"Informa Intelligence
3.8","New York, NY","London, United Kingdom",1001 to 5000 employees,1998,Company - Public,Consulting,Business Services,$1 to $2 billion (USD),-1,0
Encounter Data Analyst,84-90 ,84,90,87.0,3.5,"Integra Managed Care
3.5","Lake Success, NY","Lake Success, NY",501 to 1000 employees,-1,Subsidiary or Business Segment,Health Care Services & Hospitals,Health Care,Unknown / Non-Applicable,-1,0
Business Analyst/PM/Data Analyst - Investment Bank,84-90 ,84,90,87.0,3.0,"RMS Computer
3.0","Jersey City, NJ","New York, NY",201 to 500 employees,1985,Company - Private,Computer Hardware & Software,Information Technology,$25 to $50 million (USD),-1,0
"Healthcare Analyst, Claims/Encounter Data",27-52 ,27,52,39.5,3.1,"Healthfirst
3.1","New York, NY","New York, NY",1001 to 5000 employees,1993,Nonprofit Organization,Insurance Carriers,Insurance,Unknown / Non-Applicable,"EmblemHealth, UnitedHealth Group, Aetna",0
Data Analyst,27-52 ,27,52,39.5,-1.0,Jay Hill Repairs,"Fairfield, NJ","Fairfield, NJ",1 to 50 employees,-1,Company - Public,Commercial Equipment Repair & Maintenance,"Construction, Repair & Maintenance",Unknown / Non-Applicable,-1,0
TX Healthcare Data/Reporting Analyst,27-52 ,27,52,39.5,3.5,"SAT Healthcare
3.5","New York, NY","Santa Clara, CA",201 to 500 employees,2002,Company - Private,Health Care Services & Hospitals,Health Care,$50 to $100 million (USD),-1,0
Senior Data Analyst - Regulatory Reporting,27-52 ,27,52,39.5,4.0,"American CyberSystems
4.0","New York, NY","Duluth, GA",10000+ employees,1998,Company - Private,IT Services,Information Technology,$500 million to $1 billion (USD),-1,0
Senior Specialist Data Analyst,27-52 ,27,52,39.5,3.2,"The Bank of New York Mellon
3.2","New York, NY","New York, NY",10000+ employees,1784,Company - Public,Investment Banking & Asset Management,Finance,$10+ billion (USD),"State Street, Northern Trust, BlackRock",0
SQL Report Developer Data Analyst,27-52 ,27,52,39.5,3.3,"M&T Bank Corporation
3.3","New York, NY","Buffalo, NY",10000+ employees,1856,Company - Public,Banks & Credit Unions,Finance,$5 to $10 billion (USD),-1,0
Clinical Data Analyst,27-52 ,27,52,39.5,-1.0,SoluStaff,"Brooklyn, NY","Erdenheim, PA",1 to 50 employees,-1,Company - Private,IT Services,Information Technology,$1 to $5 million (USD),-1,0
"Data Analyst,, Sales Operations - Oracle Data Cloud",27-52 ,27,52,39.5,3.6,"Oracle
3.6","New York, NY","Redwood City, CA",10000+ employees,1977,Company - Public,Enterprise Software & Network Solutions,Information Technology,$10+ billion (USD),"SAP, Salesforce, Microsoft",0
Data Analyst - Machine Learning,27-52 ,27,52,39.5,-1.0,Equation Staffing,"New York, NY","Calgary, Canada",1 to 50 employees,-1,Company - Private,-1,-1,Unknown / Non-Applicable,-1,0
"Senior Analyst, Data Analytics",27-52 ,27,52,39.5,3.6,"CMI/Compas
3.6","New York, NY","King of Prussia, PA",501 to 1000 employees,1989,Company - Private,Advertising & Marketing,Business Services,$100 to $500 million (USD),-1,0
Senior Data Analyst (Product),27-52 ,27,52,39.5,4.3,"AbleTo
4.3","New York, NY","New York, NY",51 to 200 employees,2008,Company - Private,Health Care Services & Hospitals,Health Care,$50 to $100 million (USD),-1,0
Senior Data Analyst - Data Cataloging / Data Profiling,27-52 ,27,52,39.5,4.0,"Reliable Software Resources
4.0","New York, NY","Northville, MI",501 to 1000 employees,2004,Company - Private,IT Services,Information Technology,$50 to $100 million (USD),-1,0
2021 Summer Analyst Program- Data & Analytics Solutions,27-52 ,27,52,39.5,3.7,"Eagle Investment Systems
3.7","New York, NY","Wellesley, MA",501 to 1000 employees,1989,Subsidiary or Business Segment,Investment Banking & Asset Management,Finance,$100 to $500 million (USD),-1,0
Technical Data Analyst,27-52 ,27,52,39.5,4.1,"Kforce
4.1","Summit, NJ","Tampa, FL",10000+ employees,1966,Company - Public,Staffing & Outsourcing,Business Services,$1 to $2 billion (USD),-1,0
"Senior Analyst, Customer Master Data",27-52 ,27,52,39.5,3.3,"Hikma Pharmaceuticals
3.3","Berkeley Heights, NJ","London, United Kingdom",5001 to 10000 employees,1978,Company - Public,Biotech & Pharmaceuticals,Biotech & Pharmaceuticals,$2 to $5 billion (USD),"Teva Pharmaceuticals, Sandoz International, Perrigo",0
Data Analyst/Project Manager,27-52 ,27,52,39.5,3.4,"SMBC Group
3.4","Jersey City, NJ","Tokyo, Japan",10000+ employees,1996,Company - Public,Investment Banking & Asset Management,Finance,$10+ billion (USD),"Bank Of Tokyo-Mitsubishi UFJ, Mizuho Financial Group, Citi",0
Data Analyst II - Division of Endocrinology,27-52 ,27,52,39.5,3.1,"Mount Sinai Medical Center
3.1","New York, NY","Miami Beach, FL",1001 to 5000 employees,1946,Nonprofit Organization,Health Care Services & Hospitals,Health Care,$500 million to $1 billion (USD),-1,0
Sr. Reference Data Business Analyst - SQL,27-52 ,27,52,39.5,3.7,"Citi
3.7","Jersey City, NJ","New York, NY",10000+ employees,1812,Company - Public,Investment Banking & Asset Management,Finance,$10+ billion (USD),-1,0
Data Analyst - Actuarial Background,27-52 ,27,52,39.5,-1.0,"Top Prospect Group, Inc.","New York, NY",-1,-1,-1,-1,-1,-1,-1,-1,0
Data Management Analyst (ADDM04) SEC SVCS OPS DATA GOVERNANCE - NA,27-52 ,27,52,39.5,3.9,"JPMorgan Chase
3.9","Brooklyn, NY","New York, NY",10000+ employees,1799,Company - Public,Investment Banking & Asset Management,Finance,$10+ billion (USD),-1,0
BA With Data Analyst Skills,27-52 ,27,52,39.5,4.1,"Mitchell Martin
4.1","Jersey City, NJ","New York, NY",501 to 1000 employees,1984,Company - Private,Staffing & Outsourcing,Business Services,$100 to $500 million (USD),-1,0
"Data & Reporting Analyst, GNHCC",27-52 ,27,52,39.5,3.3,"VNA Health Group
3.3","Essex Fells, NJ","Holmdel, NJ",1001 to 5000 employees,1912,Nonprofit Organization,Social Assistance,Non-Profit,$50 to $100 million (USD),-1,0
Principal Business Analyst - Data Governance,27-52 ,27,52,39.5,4.1,"Rockstar Games
4.1","New York, NY","New York, NY",1001 to 5000 employees,1998,Subsidiary or Business Segment,Video Games,Media,$10 to $25 million (USD),-1,0
Business Analyst/Data Analyst - Capital Markets,27-52 ,27,52,39.5,3.0,"RMS Computer
3.0","Jersey City, NJ","New York, NY",201 to 500 employees,1985,Company - Private,Computer Hardware & Software,Information Technology,$25 to $50 million (USD),-1,0
".net, sharepoint, Java, Data analyst, Business Analyst",27-52 ,27,52,39.5,3.4,"Hexacorp
3.4","New York, NY","Iselin, NJ",51 to 200 employees,2001,Company - Private,IT Services,Information Technology,$5 to $10 million (USD),-1,0
ETL Datastage Developer/IBM Infosphere Datastage Consultant(ETL Data Analyst)-Only NY/NJ candidates Please,27-52 ,27,52,39.5,4.8,"TechProjects
4.8","New York, NY","North Brunswick, NJ",1 to 50 employees,2011,Company - Private,IT Services,Information Technology,Unknown / Non-Applicable,-1,0
Consumer Lending Data Analyst,27-52 ,27,52,39.5,3.2,"Informa
3.2","New York, NY","London, United Kingdom",10000+ employees,1998,Company - Public,Publishing,Media,$2 to $5 billion (USD),RELX,0
Data Analyst - CBCH,27-52 ,27,52,39.5,3.8,"Columbia University Medical Center
3.8","New York, NY","New York, NY",5001 to 10000 employees,-1,Hospital,Health Care Services & Hospitals,Health Care,$500 million to $1 billion (USD),-1,0
Solar Data Analyst,27-52 ,27,52,39.5,3.7,"Momentum Solar
3.7","South Plainfield, NJ","South Plainfield, NJ",501 to 1000 employees,2009,Company - Private,Energy,"Oil, Gas, Energy & Utilities",Unknown / Non-Applicable,"Sunrun, Vivint Solar, Trinity Solar",0
Data Science Lead Analyst,27-52 ,27,52,39.5,4.6,"VIVA USA INC
4.6","Franklin Lakes, NJ","Rolling Meadows, IL",51 to 200 employees,1996,Company - Private,IT Services,Information Technology,$25 to $50 million (USD),-1,0
Clinical Data Analyst,42-74 ,42,74,58.0,2.7,"ProHEALTH Medical Management
2.7","Lake Success, NY","Lake Success, NY",1001 to 5000 employees,1997,Subsidiary or Business Segment,Health Care Services & Hospitals,Health Care,Unknown / Non-Applicable,"Northwell Health, Stony Brook University Medical, Catholic Health Services of Long Island",0
"Remote: Data Analyst (Data Lineage, Financial industry)_Long term",42-74 ,42,74,58.0,4.0,"Reliable Software Resources
4.0","New York, NY","Northville, MI",501 to 1000 employees,2004,Company - Private,IT Services,Information Technology,$50 to $100 million (USD),-1,0
Senior Data Analyst,42-74 ,42,74,58.0,-1.0,Maisonette Careers,"Brooklyn, NY",-1,-1,-1,-1,-1,-1,-1,-1,0
Data Governance Analyst,42-74 ,42,74,58.0,3.5,"Donnelly & Moore Corporation
3.5","New York, NY","New City, NY",1 to 50 employees,1997,Company - Private,Staffing & Outsourcing,Business Services,Unknown / Non-Applicable,-1,0
"Data Management, Firmwide Data Quality, Analyst",42-74 ,42,74,58.0,3.9,"J.P. Morgan
3.9","Newark, NJ","New York, NY",10000+ employees,1799,Company - Public,Investment Banking & Asset Management,Finance,$10+ billion (USD),-1,0
Compensation and Data Analyst (Human Resources),42-74 ,42,74,58.0,4.1,"Saratoga Medical Center
4.1","New York, NY","Fairfax, VA",201 to 500 employees,1985,Company - Private,Health Care Services & Hospitals,Health Care,$10 to $25 million (USD),"Fastaff, Kaiser Permanente, American Traveler",0
Senior Data Analyst,42-74 ,42,74,58.0,3.1,"YAI/NIPD Network
3.1","New York, NY","New York, NY",5001 to 10000 employees,1957,Nonprofit Organization,Social Assistance,Non-Profit,$100 to $500 million (USD),-1,0
"Data Analyst II, Division of Gastroenterology (Research)",42-74 ,42,74,58.0,3.1,"Mount Sinai Medical Center
3.1","New York, NY","Miami Beach, FL",1001 to 5000 employees,1946,Nonprofit Organization,Health Care Services & Hospitals,Health Care,$500 million to $1 billion (USD),-1,0
NY Healthcare Data/Reporting Analyst,42-74 ,42,74,58.0,3.9,"Diverse Lynx
3.9","New York, NY","Princeton, NJ",501 to 1000 employees,2002,Company - Private,IT Services,Information Technology,$100 to $500 million (USD),-1,0
Data Analyst,42-74 ,42,74,58.0,4.3,"Quad Consultancy
4.3","Mount Vernon, NY","Mosta, Malta",1 to 50 employees,2006,Company - Private,Consulting,Business Services,Unknown / Non-Applicable,-1,0
Big Data QA Analyst / QA Tester / Test Analyst,42-74 ,42,74,58.0,3.7,"Competent Systems, Inc
3.7","Jersey City, NJ","Alpharetta, GA",201 to 500 employees,2003,Company - Private,Enterprise Software & Network Solutions,Information Technology,$10 to $25 million (USD),"Infosys, Cognizant Technology Solutions, Tata Consultancy Services",0
Senior Data Analyst,42-74 ,42,74,58.0,3.2,"1199SEIU Funds
3.2","New York, NY","New York, NY",1001 to 5000 employees,-1,Nonprofit Organization,Insurance Carriers,Insurance,$100 to $500 million (USD),-1,0
Senior Supply Chain Data Analyst,42-74 ,42,74,58.0,3.8,"Peloton Interactive
3.8","New York, NY","New York, NY",1001 to 5000 employees,2012,Company - Public,"Health, Beauty, & Fitness",Consumer Services,Unknown / Non-Applicable,-1,0
"Data Analyst, Capital Markets (Manager)",42-74 ,42,74,58.0,3.5,"Genpact
3.5","New York, NY","New York, NY",10000+ employees,1997,Company - Public,IT Services,Information Technology,$2 to $5 billion (USD),"Accenture, IBM, Capgemini",0
"Analyst, People Operations & HR Data",42-74 ,42,74,58.0,-1.0,LACOSTE CORPORATE,"New York, NY",-1,-1,-1,-1,-1,-1,-1,-1,0
"Senior Analyst, Data Instrumentation & Quality (Disney+)",42-74 ,42,74,58.0,3.6,"Disney Streaming Services
3.6","New York, NY","New York, NY",501 to 1000 employees,2018,Company - Private,Internet,Information Technology,Unknown / Non-Applicable,-1,0
CIB F&BM Global Program Management EMEA - International Regulatory - Data Provisioning Business Analyst - Associate,42-74 ,42,74,58.0,3.9,"J.P. Morgan
3.9","New York, NY","New York, NY",10000+ employees,1799,Company - Public,Investment Banking & Asset Management,Finance,$10+ billion (USD),-1,0
Business Data Analyst (Financial Services),42-74 ,42,74,58.0,-1.0,The Enosys Group LLC,"New York, NY","Tuxedo Park, NY",1 to 50 employees,-1,Company - Private,-1,-1,Less than $1 million (USD),-1,0
Senior IT Technical Data Analyst,42-74 ,42,74,58.0,2.4,"EmblemHealth
2.4","New York, NY","New York, NY",1001 to 5000 employees,1937,Nonprofit Organization,Insurance Carriers,Insurance,$5 to $10 billion (USD),-1,0
Data Analyst/Data Acquisition Speciliest with Financial Industry Exp,42-74 ,42,74,58.0,4.0,"Reliable Software Resources
4.0","New York, NY","Northville, MI",501 to 1000 employees,2004,Company - Private,IT Services,Information Technology,$50 to $100 million (USD),-1,0
Data Analyst/Data Scanning with Financial Industry exp,42-74 ,42,74,58.0,4.0,"Reliable Software Resources
4.0","New York, NY","Northville, MI",501 to 1000 employees,2004,Company - Private,IT Services,Information Technology,$50 to $100 million (USD),-1,0
"Sr Business Analyst, Data Science",42-74 ,42,74,58.0,3.6,"Jackson Hewitt
3.6","Jersey City, NJ","Jersey City, NJ",201 to 500 employees,1982,Company - Private,Other Retail Stores,Retail,Unknown / Non-Applicable,"H&R Block, Liberty Tax Service, Intuit",0
Senior Data Analyst - Data Governance,42-74 ,42,74,58.0,4.0,"Reliable Software Resources
4.0","New York, NY","Northville, MI",501 to 1000 employees,2004,Company - Private,IT Services,Information Technology,$50 to $100 million (USD),-1,0
"Senior Manager, Data Analyst",42-74 ,42,74,58.0,3.2,"National Kidney Foundation
3.2","New York, NY","New York, NY",51 to 200 employees,1964,Nonprofit Organization,Health Fundraising Organizations,Non-Profit,$25 to $50 million (USD),-1,1
Senior Business Intelligence & Data Science Analyst,42-74 ,42,74,58.0,2.5,"CheckedUp
2.5","New York, NY","New York, NY (US), NY",1 to 50 employees,-1,Company - Private,-1,-1,Unknown / Non-Applicable,-1,0
Risk Adjustment Data Analyst,42-74 ,42,74,58.0,3.6,"Horizon Blue Cross Blue Shield of New Jersey
3.6","Newark, NJ","Newark, NJ",1001 to 5000 employees,1932,Nonprofit Organization,Insurance Carriers,Insurance,$10+ billion (USD),"UnitedHealth Group, Cigna, Aetna",0
Data Analyst III,42-74 ,42,74,58.0,3.0,"IPRO
3.0","Lake Success, NY","N New Hyde Park, NY",201 to 500 employees,1984,Nonprofit Organization,Health Care Services & Hospitals,Health Care,$50 to $100 million (USD),-1,0
"Sr. Data Analyst, Retail Media",77-132 ,77,132,104.5,3.9,"Criteo
3.9","New York, NY","Paris, France",1001 to 5000 employees,2005,Company - Public,Internet,Information Technology,$2 to $5 billion (USD),"MediaMath, Conversant, AppNexus",0
Sr IT Technical Data Analyst,77-132 ,77,132,104.5,2.4,"EmblemHealth
2.4","New York, NY","New York, NY",1001 to 5000 employees,1937,Nonprofit Organization,Insurance Carriers,Insurance,$5 to $10 billion (USD),-1,0
Senior Marketing Data Analyst,77-132 ,77,132,104.5,2.8,"ERGO
2.8","New York, NY","New York, NY",1 to 50 employees,2004,Company - Private,Advertising & Marketing,Business Services,Unknown / Non-Applicable,-1,1
Data Analyst III,77-132 ,77,132,104.5,4.4,"ACT Consulting
4.4","New York, NY","London, United Kingdom",1 to 50 employees,-1,Company - Private,Consulting,Business Services,Unknown / Non-Applicable,-1,0
TX Healthcare Data/Reporting Analyst,77-132 ,77,132,104.5,4.8,"Tekfortune Inc.
4.8","New York, NY","Piscataway, NJ",1 to 50 employees,-1,Company - Private,IT Services,Information Technology,Unknown / Non-Applicable,-1,0
Senior SQL Data Warehouse Analyst,77-132 ,77,132,104.5,2.8,"Intercontinental Exchange, Inc.
2.8","New York, NY","Atlanta, GA",1001 to 5000 employees,2000,Company - Public,Investment Banking & Asset Management,Finance,$5 to $10 billion (USD),-1,0
Data Analyst Junior,77-132 ,77,132,104.5,5.0,"Staffigo Technical Services, LLC
5.0","New York, NY","Woodridge, IL",51 to 200 employees,2008,Company - Private,IT Services,Information Technology,$50 to $100 million (USD),-1,0
SR. Power BI with DAX - Data Analyst,77-132 ,77,132,104.5,3.7,"8K Miles Software Services, Inc.
3.7","New York, NY","Santa Clara, CA",201 to 500 employees,2008,Company - Public,Computer Hardware & Software,Information Technology,$1 to $5 million (USD),-1,0
Informatica IDQ - Data Quality Analyst (Contract),77-132 ,77,132,104.5,4.0,"Two95 International Inc.
4.0","New York, NY","Cherry Hill, NJ",1 to 50 employees,-1,Company - Private,Staffing & Outsourcing,Business Services,$1 to $5 million (USD),-1,0
"Senior Solutions Analyst, Data Specialist",77-132 ,77,132,104.5,4.2,"VTS
4.2","New York, NY","New York, NY",201 to 500 employees,2011,Company - Private,Enterprise Software & Network Solutions,Information Technology,$50 to $100 million (USD),-1,0
Operations data analyst,77-132 ,77,132,104.5,-1.0,Sky I.T. Group (Sky Business Intelligence Team),"New York, NY",-1,-1,-1,-1,-1,-1,-1,-1,0
HR Data Analyst,77-132 ,77,132,104.5,3.5,"Robert Half
3.5","Jersey City, NJ","Menlo Park, CA",10000+ employees,1948,Company - Public,Staffing & Outsourcing,Business Services,$2 to $5 billion (USD),"Adecco, Manpower",0
Healthcare Senior Data Analyst - HEDIS,77-132 ,77,132,104.5,2.0,"Village Care
2.0","New York, NY","New York, NY",501 to 1000 employees,1977,Nonprofit Organization,Health Care Services & Hospitals,Health Care,$100 to $500 million (USD),-1,0
Senior Data Quality Analyst,77-132 ,77,132,104.5,3.3,"Quest Diagnostics
3.3","Secaucus, NJ","Secaucus, NJ",10000+ employees,1967,Company - Public,Health Care Services & Hospitals,Health Care,$5 to $10 billion (USD),"LabCorp, Bio-Reference Labs, Thermo Fisher Scientific",0
Financial Data Analyst - Accounting ll,77-132 ,77,132,104.5,-1.0,Softinc,"New York, NY","South Plainfield, NJ",51 to 200 employees,2018,Company - Public,-1,-1,$1 to $5 million (USD),-1,0
Data Analyst - Litigation,77-132 ,77,132,104.5,-1.0,"KnowledgePro, LLC","New York, NY",-1,-1,-1,-1,-1,-1,-1,-1,0
Quantitative Data Analyst/Developer,77-132 ,77,132,104.5,5.0,"Creative Data Resources
5.0","New York, NY","New York, NY",1 to 50 employees,1992,Company - Private,Staffing & Outsourcing,Business Services,Unknown / Non-Applicable,-1,0
"Sr Business Data Analyst SAP, SKU, Supply Chain",77-132 ,77,132,104.5,3.4,"EVERSANA
3.4","New York, NY","Chicago, IL",1001 to 5000 employees,2018,Company - Private,Biotech & Pharmaceuticals,Biotech & Pharmaceuticals,Unknown / Non-Applicable,-1,0
"Senior Data Analyst, Gas Planning and Design Engineering",77-132 ,77,132,104.5,3.6,"National Grid USA
3.6","Brooklyn, NY","Waltham, MA",10000+ employees,1990,Company - Public,Utilities,"Oil, Gas, Energy & Utilities",$5 to $10 billion (USD),Northeast Utilities,0
Data Analyst - Cardiac Cath Lab,77-132 ,77,132,104.5,2.1,"Barnabas Health
2.1","West Orange, NJ","Gibsonia, PA",501 to 1000 employees,-1,Company - Public,-1,-1,$5 to $10 million (USD),-1,0
Senior Data Business Analyst,77-132 ,77,132,104.5,2.8,"Aegis Media
2.8","New York, NY","London, United Kingdom",1001 to 5000 employees,1978,Subsidiary or Business Segment,Advertising & Marketing,Business Services,$2 to $5 billion (USD),-1,0
Business Analyst/Data Analyst - Capital Markets Data,77-132 ,77,132,104.5,3.0,"RMS Computer Corporation
3.0","Jersey City, NJ","New York, NY",201 to 500 employees,1985,Company - Private,Computer Hardware & Software,Information Technology,$25 to $50 million (USD),-1,0
"Firmwide Reference Data Operations, Pricing Operations, Analyst",77-132 ,77,132,104.5,3.9,"J.P. Morgan
3.9","Newark, NJ","New York, NY",10000+ employees,1799,Company - Public,Investment Banking & Asset Management,Finance,$10+ billion (USD),-1,0
Senior Healthcare Data Analyst,77-132 ,77,132,104.5,4.5,"RAMPS International Inc
4.5","New York, NY","Edison, NJ",51 to 200 employees,-1,Company - Private,Consulting,Business Services,$5 to $10 million (USD),-1,0
"Data Analyst, Quality & Patient Safety",77-132 ,77,132,104.5,-1.0,Episcopal Health Services Inc.,"Far Rockaway, NY",-1,-1,-1,-1,-1,-1,-1,-1,0
Senior Data Analyst - FHC - Family Support Center,77-132 ,77,132,104.5,4.0,"NYU Langone Health
4.0","New York, NY","New York, NY",10000+ employees,1841,Hospital,Health Care Services & Hospitals,Health Care,$5 to $10 billion (USD),"NewYork-Presbyterian Hospital, Northwell Health",0
QA Data Analyst,77-132 ,77,132,104.5,5.0,"Professional Resource Group
5.0","Lake Success, NY","Spring, TX",1 to 50 employees,-1,Company - Private,Advertising & Marketing,Business Services,Less than $1 million (USD),-1,0
Sr Data Analyst for Customer Based Management,77-132 ,77,132,104.5,3.0,"Altice USA
3.0","Long Island City, NY","Queens Village, NY",10000+ employees,-1,Company - Public,-1,-1,Unknown / Non-Applicable,-1,0
"Data Analyst/Project Manager in Jersey City, New Jersey | Careers at Harborside",77-132 ,77,132,104.5,3.4,"Sumitomo Mitsui Banking Corporation (SMBC)
3.4","Jersey City, NJ","Tokyo, Japan",10000+ employees,1996,Company - Public,Investment Banking & Asset Management,Finance,$10+ billion (USD),"Bank Of Tokyo-Mitsubishi UFJ, Mizuho Financial Group, Citi",0
Senior Financial Analyst - Enterprise Data,98-114 ,98,114,106.0,3.2,"Geller & Company
3.2","New York, NY","New York, NY",501 to 1000 employees,1984,Company - Private,Investment Banking & Asset Management,Finance,Unknown / Non-Applicable,-1,0
Data Analyst with Data Lineage/Rochade,98-114 ,98,114,106.0,4.0,"Reliable Software Resources
4.0","Florham Park, NJ","Northville, MI",501 to 1000 employees,2004,Company - Private,IT Services,Information Technology,$50 to $100 million (USD),-1,0
Senior Market Data Content Acquisition/Procurement Analyst,98-114 ,98,114,106.0,2.8,"Intercontinental Exchange, Inc.
2.8","New York, NY","Atlanta, GA",1001 to 5000 employees,2000,Company - Public,Investment Banking & Asset Management,Finance,$5 to $10 billion (USD),-1,0
Sr. Specialist Reporting Data Analyst /Engineer - Cloud,98-114 ,98,114,106.0,3.2,"The Bank of New York Mellon
3.2","Florham Park, NJ","New York, NY",10000+ employees,1784,Company - Public,Investment Banking & Asset Management,Finance,$10+ billion (USD),"State Street, Northern Trust, BlackRock",0
"Senior Business Analyst, Data Management",98-114 ,98,114,106.0,3.4,"Plymouth Rock Assurance
3.4","Woodbridge, NJ","Boston, MA",1001 to 5000 employees,1982,Company - Private,Insurance Carriers,Insurance,$10 to $25 million (USD),"Arbella Insurance, Safety Insurance",0
Data Science Analyst II - Mount Sinai Health Partners,98-114 ,98,114,106.0,3.4,"Mount Sinai Health System
3.4","New York, NY","New York, NY",10000+ employees,2013,Hospital,Health Care Services & Hospitals,Health Care,$1 to $2 billion (USD),-1,0
NY Healthcare Data/Reporting Analyst,98-114 ,98,114,106.0,3.5,"SAT Healthcare
3.5","New York, NY","Santa Clara, CA",201 to 500 employees,2002,Company - Private,Health Care Services & Hospitals,Health Care,$50 to $100 million (USD),-1,0
Data Analyst,98-114 ,98,114,106.0,3.3,"Atrium Staffing
3.3","Parsippany, NJ","New York, NY",51 to 200 employees,1995,Company - Private,Staffing & Outsourcing,Business Services,Unknown / Non-Applicable,Kelly,0
Technical Business Analyst with Retail Banking and Large Data Program,98-114 ,98,114,106.0,3.7,"eTeam Inc.
3.7","New York, NY","South Plainfield, NJ",51 to 200 employees,1999,Company - Private,Staffing & Outsourcing,Business Services,$50 to $100 million (USD),"Artech Information Systems, Mindlance, Tech Mahindra",0
Principal Sales Operations Analyst - Oracle Data Cloud,98-114 ,98,114,106.0,3.6,"Oracle
3.6","New York, NY","Redwood City, CA",10000+ employees,1977,Company - Public,Enterprise Software & Network Solutions,Information Technology,$10+ billion (USD),"SAP, Salesforce, Microsoft",0
QA Production Data Analyst,98-114 ,98,114,106.0,2.7,"Metroplus Health Plan
2.7","New York, NY","New York, NY",1001 to 5000 employees,1985,Nonprofit Organization,Health Care Services & Hospitals,Health Care,$2 to $5 billion (USD),-1,0
JPSC-7462 - Data Analyst Lead - Sr. Tableau Lead,98-114 ,98,114,106.0,4.5,"Avani Technology Solutions
4.5","Whippany, NJ","Rochester, NY",501 to 1000 employees,2008,Company - Private,IT Services,Information Technology,$50 to $100 million (USD),-1,0
Data Services Lead Analyst,98-114 ,98,114,106.0,2.5,"Primesoft
2.5","New York, NY","LISBOA, Portugal",1 to 50 employees,-1,Company - Private,IT Services,Information Technology,Less than $1 million (USD),-1,0
"Sr Data Analyst, Go-Live",98-114 ,98,114,106.0,4.4,"Riskified
4.4","New York, NY","New York, NY",501 to 1000 employees,2013,Company - Private,Research & Development,Business Services,Unknown / Non-Applicable,"Signifyd, Forter",0
Data Analyst III- SAS req'd,98-114 ,98,114,106.0,-1.0,IPro.org,"Great Neck, NY",-1,-1,-1,-1,-1,-1,-1,-1,0
Senior Healthcare Data Analyst,98-114 ,98,114,106.0,4.3,"Cecelia Health
4.3","New York, NY","New York, NY",51 to 200 employees,2009,Company - Private,Health Care Services & Hospitals,Health Care,Unknown / Non-Applicable,-1,0
Regulatory Risk Management Data Analytics and Reporting Analyst,98-114 ,98,114,106.0,5.0,"Creative Data Resources
5.0","New York, NY","New York, NY",1 to 50 employees,1992,Company - Private,Staffing & Outsourcing,Business Services,Unknown / Non-Applicable,-1,0
NY Healthcare Data/Reporting Analyst,98-114 ,98,114,106.0,4.4,"Systemart LLC
4.4","New York, NY","Parsippany, NJ",1 to 50 employees,-1,Company - Private,Computer Hardware & Software,Information Technology,$1 to $5 million (USD),-1,0
"Specialist, Data and Reporting Analyst - IT Change Management",98-114 ,98,114,106.0,3.2,"The Bank of New York Mellon
3.2","Florham Park, NJ","New York, NY",10000+ employees,1784,Company - Public,Investment Banking & Asset Management,Finance,$10+ billion (USD),"State Street, Northern Trust, BlackRock",0
Datastage Developer/Consultant/IBM Websphere Datastage Developer(ETL Data Analyst)-Only Local to NY/,98-114 ,98,114,106.0,4.8,"TechProjects
4.8","Jersey City, NJ","North Brunswick, NJ",1 to 50 employees,2011,Company - Private,IT Services,Information Technology,Unknown / Non-Applicable,-1,0
Data Analyst III- SAS req'd,98-114 ,98,114,106.0,3.0,"IPRO
3.0","Lake Success, NY","N New Hyde Park, NY",201 to 500 employees,1984,Nonprofit Organization,Health Care Services & Hospitals,Health Care,$50 to $100 million (USD),-1,0
Data Warehouse systems analyst,98-114 ,98,114,106.0,5.0,"ITech Recruiting
5.0","New York, NY","Shepton Mallet, United Kingdom",51 to 200 employees,-1,Company - Public,-1,-1,Unknown / Non-Applicable,-1,0
TX Healthcare Data/Reporting Analyst,98-114 ,98,114,106.0,3.4,"RN Staff
3.4","New York, NY","Westfield, IN",Unknown,-1,Unknown,Staffing & Outsourcing,Business Services,Unknown / Non-Applicable,-1,0
NY Healthcare Data/Reporting Analyst,98-114 ,98,114,106.0,4.2,"Abacus Service Corporation
4.2","New York, NY","Southfield, MI",501 to 1000 employees,2004,Company - Private,Staffing & Outsourcing,Business Services,Unknown / Non-Applicable,-1,0
Sr. Data Analyst - RWE,98-114 ,98,114,106.0,4.2,"CyberCoders
4.2","Hoboken, NJ","Irvine, CA",201 to 500 employees,1999,Subsidiary or Business Segment,Staffing & Outsourcing,Business Services,$100 to $500 million (USD),-1,0
Data Migration Lead/ Analyst (migration of data to the new target system),98-114 ,98,114,106.0,3.4,"TECHNOCRAFT Solutions
3.4","New York, NY","Hilliard, OH",1 to 50 employees,-1,Company - Private,Advertising & Marketing,Business Services,$1 to $5 million (USD),-1,0
Senior Data Analytics Solutions Analyst,98-114 ,98,114,106.0,3.1,"Praescient Analytics
3.1","New York, NY","Alexandria, VA",51 to 200 employees,2011,Company - Private,Consulting,Business Services,$10 to $25 million (USD),-1,0
Technical Analyst - Access/Identity Data Security,98-114 ,98,114,106.0,-1.0,C&G Consulting Services,"Hoboken, NJ",-1,-1,-1,-1,-1,-1,-1,-1,0
Data Analyst - Cardiac Cath Lab,98-114 ,98,114,106.0,3.7,"RWJBarnabas Health
3.7","West Orange, NJ","West Orange, NJ",10000+ employees,1982,Nonprofit Organization,Health Care Services & Hospitals,Health Care,$1 to $2 billion (USD),"Atlantic Health System, Robert Wood Johnson University Hospital, Solaris Health System",0
Data Quality Management Analyst,98-114 ,98,114,106.0,4.0,"Reliable Software Resources
4.0","New York, NY","Northville, MI",501 to 1000 employees,2004,Company - Private,IT Services,Information Technology,$50 to $100 million (USD),-1,0
"Business Analyst (SQL/SQL TOAD, Excel, XML, X12, HL7 messaging, data quality analysis)",48-96 ,48,96,72.0,4.3,"MVP Consulting Plus Inc
4.3","New York, NY","Albany, NY",201 to 500 employees,-1,Company - Private,Consumer Products Manufacturing,Manufacturing,$5 to $10 million (USD),-1,0
Senior Teradata Developer / Data Analyst,48-96 ,48,96,72.0,3.8,"Capgemini
3.8","Jersey City, NJ","Paris, France",10000+ employees,1967,Company - Public,Enterprise Software & Network Solutions,Information Technology,$10+ billion (USD),"Accenture, CGI, Sopra Steria",0
Data & Interface Analyst,48-96 ,48,96,72.0,2.4,"Centers Plan for Healthy Living
2.4","Staten Island, NY","Staten Island, NY",501 to 1000 employees,-1,Company - Private,Health Care Services & Hospitals,Health Care,Unknown / Non-Applicable,-1,0
NY Healthcare Data/Reporting Analyst,48-96 ,48,96,72.0,3.4,"RN Staff
3.4","New York, NY","Westfield, IN",Unknown,-1,Unknown,Staffing & Outsourcing,Business Services,Unknown / Non-Applicable,-1,0
Healthcare Senior Data Analyst - HEDIS,48-96 ,48,96,72.0,-1.0,Village Care,"New York, NY","Durham, United Kingdom",Unknown,-1,Company - Private,-1,-1,Unknown / Non-Applicable,-1,0
Data Analyst (Must have PL/SQL and Healthcare background),48-96 ,48,96,72.0,-1.0,Clear Technology Consulting,"New York, NY",-1,-1,-1,-1,-1,-1,-1,-1,0
Data Analyst / IT Data & Business Intelligence,48-96 ,48,96,72.0,4.0,"Lorven Technologies Inc
4.0","Harrison, NY","Plainsboro, NJ",1 to 50 employees,-1,Company - Private,Accounting,Accounting & Legal,Less than $1 million (USD),-1,0
Sr. Specialist Reporting Data Analyst -Technology,48-96 ,48,96,72.0,3.2,"BNY Mellon
3.2","Florham Park, NJ","New York, NY",10000+ employees,1784,Company - Public,Investment Banking & Asset Management,Finance,$10+ billion (USD),"State Street, Northern Trust, BlackRock",0
Sr. Programmer Analyst - Big Data,48-96 ,48,96,72.0,3.3,"Norgate Technology Inc
3.3","Jersey City, NJ","Garden City, NY",51 to 200 employees,1993,Company - Private,Staffing & Outsourcing,Business Services,$10 to $25 million (USD),-1,0
Senior Data Analyst - FHC - Family Support Center,48-96 ,48,96,72.0,-1.0,NYU Family Health Centers,"Brooklyn, NY",-1,-1,-1,-1,-1,-1,-1,-1,0
Data Analyst â Junior,48-96 ,48,96,72.0,5.0,"Staffigo Technical Services, LLC
5.0","New York, NY","Woodridge, IL",51 to 200 employees,2008,Company - Private,IT Services,Information Technology,$50 to $100 million (USD),-1,0
Sr. Principal Metrics Analyst- Data Scientist,48-96 ,48,96,72.0,3.2,"The Bank of New York Mellon
3.2","New York, NY","New York, NY",10000+ employees,1784,Company - Public,Investment Banking & Asset Management,Finance,$10+ billion (USD),"State Street, Northern Trust, BlackRock",0
Product & Pricing Data Analyst,48-96 ,48,96,72.0,3.1,"HomeBridge Financial Services
3.1","Iselin, NJ","Iselin, NJ",1001 to 5000 employees,1989,Company - Private,Lending,Finance,$10+ billion (USD),-1,0
SAP Data Analyst,48-96 ,48,96,72.0,3.9,"Sharp Electronics Corporation
3.9","Montvale, NJ","Montvale, NJ",1001 to 5000 employees,1962,Company - Public,IT Services,Information Technology,$1 to $2 billion (USD),-1,0
"Senior Data Analyst (E-commerce, Marketing)",48-96 ,48,96,72.0,-1.0,JR Cigar/MC Management,"Whippany, NJ",-1,-1,-1,-1,-1,-1,-1,-1,0
Clinical Data Designer (Sr. SDTM Programmer/Analyst),48-96 ,48,96,72.0,2.5,"Avacend, Inc.
2.5","Woodcliff Lake, NJ","Alpharetta, GA",51 to 200 employees,-1,Company - Private,Staffing & Outsourcing,Business Services,Unknown / Non-Applicable,-1,0
Senior Data Analytics Solutions Analyst with Security Clearance,48-96 ,48,96,72.0,3.1,"Praescient Analytics
3.1","New York, NY","Alexandria, VA",51 to 200 employees,2011,Company - Private,Consulting,Business Services,$10 to $25 million (USD),-1,0
"JPSC-7176 - Position 35, 59, 62, 100,101,102, 141,142,166 : Senior Data Analyst",48-96 ,48,96,72.0,4.5,"Avani Technology Solutions
4.5","Brooklyn, NY","Rochester, NY",501 to 1000 employees,2008,Company - Private,IT Services,Information Technology,$50 to $100 million (USD),-1,0
Senior Billing Data Analyst,48-96 ,48,96,72.0,3.2,"Care Design New York
3.2","Bronx, NY","Albany, NY",1001 to 5000 employees,2018,Nonprofit Organization,Health Care Services & Hospitals,Health Care,Unknown / Non-Applicable,-1,0
Master Data Analyst,48-96 ,48,96,72.0,4.4,"ACT Consulting
4.4","Parsippany, NJ","London, United Kingdom",1 to 50 employees,-1,Company - Private,Consulting,Business Services,Unknown / Non-Applicable,-1,0
Sr. Data Analyst,48-96 ,48,96,72.0,3.8,"TekniSMart Solutions
3.8","Franklin Lakes, NJ","Plano, TX",1 to 50 employees,-1,Contract,-1,-1,Unknown / Non-Applicable,-1,0
"Senior Functional Analyst SAP Data design, SD/MM/PP",48-96 ,48,96,72.0,3.4,"EVERSANA
3.4","New York, NY","Chicago, IL",1001 to 5000 employees,2018,Company - Private,Biotech & Pharmaceuticals,Biotech & Pharmaceuticals,Unknown / Non-Applicable,-1,0
Data Analyst,26-47 ,26,47,36.5,-1.0,HOUSING AUTHORITY OF THE COUNTY OF SALT LAKE,"Salt Lake City, UT","South Salt Lake, UT",51 to 200 employees,-1,Government,Municipal Governments,Government,Unknown / Non-Applicable,-1,0
Data Analyst,26-47 ,26,47,36.5,2.0,"CAO Group, INC
2.0","West Jordan, UT","West Jordan, UT",51 to 200 employees,-1,Company - Private,Electrical & Electronic Manufacturing,Manufacturing,$5 to $10 million (USD),-1,0
Data Analyst,26-47 ,26,47,36.5,4.2,"University of Utah
4.2","Salt Lake City, UT","Salt Lake City, UT",10000+ employees,1850,College / University,Colleges & Universities,Education,$2 to $5 billion (USD),-1,0
Data Analyst,26-47 ,26,47,36.5,3.6,"Paladin Consulting Inc
3.6","Salt Lake City, UT","Dallas, TX",501 to 1000 employees,1983,Company - Private,Computer Hardware & Software,Information Technology,$100 to $500 million (USD),"TEKsystems, Randstad US",0
Data Analyst,26-47 ,26,47,36.5,4.3,"SunTechPros, Inc.
4.3","Salt Lake City, UT","Morrisville, NC",1 to 50 employees,-1,Company - Private,Consulting,Business Services,$1 to $5 million (USD),-1,0
Data Analyst,26-47 ,26,47,36.5,4.0,"SGI Global, LLC
4.0","Salt Lake City, UT","Alexandria, VA",501 to 1000 employees,-1,Company - Public,-1,-1,Unknown / Non-Applicable,-1,0
Data Engineer / Data Analyst,26-47 ,26,47,36.5,4.3,"HCL Global Systems
4.3","Salt Lake City, UT","Farmington Hills, MI",10000+ employees,-1,Company - Private,Consulting,Business Services,$50 to $100 million (USD),-1,0
Junior Data Analyst,26-47 ,26,47,36.5,4.1,"Abnormal Security
4.1","Lehi, UT","San Francisco, CA",51 to 200 employees,2018,Company - Private,Enterprise Software & Network Solutions,Information Technology,Unknown / Non-Applicable,-1,0
Data Analyst,26-47 ,26,47,36.5,4.5,"Vimerse
4.5","Salt Lake City, UT","Sugar Land, TX",51 to 200 employees,2011,Company - Private,-1,-1,Unknown / Non-Applicable,-1,0
Data Analyst : 20,26-47 ,26,47,36.5,4.6,"Akraya Inc.
4.6","Salt Lake City, UT","Santa Clara, CA",51 to 200 employees,2001,Company - Private,Staffing & Outsourcing,Business Services,$25 to $50 million (USD),"Collabera, Artech Information Systems, TEKsystems",0
Data Intelligence - Product Data Quality Analyst (DE - RefData) - Data as a Service,26-47 ,26,47,36.5,4.0,"Goldman Sachs
4.0","Salt Lake City, UT","New York, NY",10000+ employees,1869,Company - Public,Investment Banking & Asset Management,Finance,$10+ billion (USD),"J.P. Morgan, Merrill Lynch, Morgan Stanley",0
Data Engineer/Data Analyst (REMOTE/Eventually Onsite),26-47 ,26,47,36.5,4.1,"Idexcel Inc.
4.1","Salt Lake City, UT","Herndon, VA",501 to 1000 employees,1998,Company - Private,IT Services,Information Technology,Unknown / Non-Applicable,-1,0
Data Engineer/Analyst,26-47 ,26,47,36.5,3.6,"SPECTRAFORCE TECHNOLOGIES Inc.
3.6","Salt Lake City, UT","Raleigh, NC",501 to 1000 employees,2000,Company - Private,Staffing & Outsourcing,Business Services,$25 to $50 million (USD),-1,0
Quality Data Analyst,26-47 ,26,47,36.5,2.6,"Easton Technical Products
2.6","Salt Lake City, UT","Salt Lake City, UT",201 to 500 employees,-1,Company - Private,Consumer Products Manufacturing,Manufacturing,$50 to $100 million (USD),-1,0
Technical Data Analyst/Architect,26-47 ,26,47,36.5,3.0,"CIVICA INC
3.0","Lehi, UT","Vaughan, Canada",1 to 50 employees,-1,Company - Private,-1,-1,Less than $1 million (USD),-1,0
Data Governance Analyst II,26-47 ,26,47,36.5,3.6,"ENERBANK USA
3.6","Salt Lake City, UT","Salt Lake City, UT",1 to 50 employees,-1,Company - Public,-1,-1,$100 to $500 million (USD),-1,0
Big Data Analyst,26-47 ,26,47,36.5,2.9,"VED Software Services, Inc.
2.9","Salt Lake City, UT","Farmington Hills, MI",51 to 200 employees,1995,Company - Private,IT Services,Information Technology,$5 to $10 million (USD),-1,0
Senior Data Analyst,26-47 ,26,47,36.5,3.4,"Ascential
3.4","Salt Lake City, UT","London, United Kingdom",1001 to 5000 employees,1947,Company - Public,Internet,Information Technology,$100 to $500 million (USD),-1,0
Data Analyst,26-47 ,26,47,36.5,-1.0,Artius Solutions,"Salt Lake City, UT",-1,-1,-1,-1,-1,-1,-1,-1,0
"Data Analyst at Salt Lake City, UT",26-47 ,26,47,36.5,4.5,"Vimerse
4.5","Salt Lake City, UT","Sugar Land, TX",51 to 200 employees,2011,Company - Private,-1,-1,Unknown / Non-Applicable,-1,0
Senior Data Analyst,26-47 ,26,47,36.5,3.8,"F5 Networks
3.8","Draper, UT","Seattle, WA",5001 to 10000 employees,1996,Company - Public,Computer Hardware & Software,Information Technology,$1 to $2 billion (USD),"Citrix, VMware, Juniper Networks",0
Data Scientist/Analyst - Noke,26-47 ,26,47,36.5,2.7,"Janus International Group, LLC
2.7","Lehi, UT","Temple, GA",501 to 1000 employees,2001,Company - Private,Industrial Manufacturing,Manufacturing,$100 to $500 million (USD),-1,0
Data Analyst - W2 candidate,26-47 ,26,47,36.5,3.3,"ClientSolv Technologies
3.3","American Fork, UT","Greenwood Village, CO",51 to 200 employees,1994,Company - Private,IT Services,Information Technology,$10 to $25 million (USD),-1,0
Senior Data Analyst,26-47 ,26,47,36.5,-1.0,DrangKro Aerospace,"Salt Lake City, UT",-1,-1,-1,-1,-1,-1,-1,-1,0
Marketing Coordinator / Data Analyst,26-47 ,26,47,36.5,-1.0,POPi/o Mobile Video Cloud,"Sandy, UT",-1,-1,-1,-1,-1,-1,-1,-1,0
Senior Data Analyst,26-47 ,26,47,36.5,5.0,"Resiliency LLC
5.0","Salt Lake City, UT","Stamford, CT",1 to 50 employees,-1,Company - Private,-1,-1,Unknown / Non-Applicable,-1,0
Financial Data Analyst,26-47 ,26,47,36.5,3.5,"Vivint Solar
3.5","Lehi, UT","Lehi, UT",1001 to 5000 employees,2011,Company - Public,Energy,"Oil, Gas, Energy & Utilities",$50 to $100 million (USD),-1,0
Special Operations (LREC) Incentives and Proficiency Data Analyst,26-47 ,26,47,36.5,3.5,"YORKTOWN SYSTEMS GROUP INC
3.5","Riverton, UT","Huntsville, AL",501 to 1000 employees,-1,Company - Private,Consulting,Business Services,$5 to $10 million (USD),-1,0
Senior Data Analyst,26-47 ,26,47,36.5,4.1,"Shape Security
4.1","Draper, UT","Mountain View, CA",51 to 200 employees,2011,Company - Private,IT Services,Information Technology,Unknown / Non-Applicable,-1,0
a. Senior Data and Business Analyst,31-59 ,31,59,45.0,4.0,"Connor Group
4.0","Salt Lake City, UT","Santa Clara, CA",201 to 500 employees,2006,Company - Private,Accounting,Accounting & Legal,$25 to $50 million (USD),-1,0
Fund Data Analyst,31-59 ,31,59,45.0,3.5,"Vivint Solar
3.5","Lehi, UT","Lehi, UT",1001 to 5000 employees,2011,Company - Public,Energy,"Oil, Gas, Energy & Utilities",$50 to $100 million (USD),-1,0
Sr Python Data Analyst(no c2c) contract w2 only,31-59 ,31,59,45.0,2.9,"VED Software Services, Inc.
2.9","Salt Lake City, UT","Farmington Hills, MI",51 to 200 employees,1995,Company - Private,IT Services,Information Technology,$5 to $10 million (USD),-1,0
TX Healthcare Data/Reporting Analyst,31-59 ,31,59,45.0,4.2,"Abacus Service Corporation
4.2","Salt Lake City, UT","Southfield, MI",501 to 1000 employees,2004,Company - Private,Staffing & Outsourcing,Business Services,Unknown / Non-Applicable,-1,0
Data Analyst,47-81 ,47,81,64.0,3.5,"Robert Half
3.5","Reedley, CA","Menlo Park, CA",10000+ employees,1948,Company - Public,Staffing & Outsourcing,Business Services,$2 to $5 billion (USD),"Adecco, Manpower",0
"Data Analyst, District Office - Accountability Office",47-81 ,47,81,64.0,3.7,"TCOE
3.7","Visalia, CA","Springville, CA",1 to 50 employees,-1,School / School District,Preschool & Child Care,Education,$1 to $5 million (USD),-1,0
Data Analyst (Kings County),47-81 ,47,81,64.0,3.3,"Public Health Foundation Enterprises, In
3.3","Hanford, CA","City of Industry, CA",1001 to 5000 employees,1968,Nonprofit Organization,Social Assistance,Non-Profit,$50 to $100 million (USD),-1,0
Tactical Data Link (TDL) Analyst,43-69 ,43,69,56.0,4.3,"USfalcon
4.3","Hampton, VA","Cary, NC",201 to 500 employees,1984,Company - Private,Aerospace & Defense,Aerospace & Defense,$50 to $100 million (USD),"General Dynamics Information Technology, ENSCO, Booz Allen Hamilton",0
Data Analyst,43-69 ,43,69,56.0,2.5,"Hampton University
2.5","Hampton, VA","Hampton, VA",1001 to 5000 employees,1868,College / University,Colleges & Universities,Education,$100 to $500 million (USD),-1,0
Data Science Analyst,43-69 ,43,69,56.0,2.7,"Collins Consulting Inc
2.7","Norfolk, VA","Schaumburg, IL",201 to 500 employees,1992,Company - Private,Consulting,Business Services,$25 to $50 million (USD),-1,0
Junior Data Analyst,43-69 ,43,69,56.0,2.7,"Patient Advocate Foundation
2.7","Hampton, VA","Hampton, VA",51 to 200 employees,1996,Nonprofit Organization,Social Assistance,Non-Profit,$50 to $100 million (USD),Prescription Lifeline,0
Junior Data Analyst,43-69 ,43,69,56.0,5.0,"Staffigo Technical Services, LLC
5.0","Hampton, VA","Woodridge, IL",51 to 200 employees,2008,Company - Private,IT Services,Information Technology,$50 to $100 million (USD),-1,0
Jr Data Analyst,43-69 ,43,69,56.0,4.9,"Orbis, Inc.
4.9","Portsmouth, VA","Charleston, SC",201 to 500 employees,2000,Company - Private,Architectural & Engineering Services,Business Services,$10 to $25 million (USD),-1,0
Data Science Analyst,43-69 ,43,69,56.0,3.0,"NewGen Technologies
3.0","Norfolk, VA","Duluth, GA",1 to 50 employees,-1,Company - Private,-1,-1,Less than $1 million (USD),-1,0
Data Analyst,43-69 ,43,69,56.0,1.0,"Bluemont Technology & Research, Inc.
1.0","Norfolk, VA","Mc Lean, VA",1 to 50 employees,-1,Company - Private,-1,-1,$1 to $5 million (USD),-1,0
Data Analyst,43-69 ,43,69,56.0,3.5,"ForKids, inc
3.5","Norfolk, VA","Norfolk, VA",51 to 200 employees,-1,Nonprofit Organization,Social Assistance,Non-Profit,$5 to $10 million (USD),-1,0
Data Analyst,43-69 ,43,69,56.0,5.0,"Staffigo Technical Services, LLC
5.0","Hampton, VA","Woodridge, IL",51 to 200 employees,2008,Company - Private,IT Services,Information Technology,$50 to $100 million (USD),-1,0
Data Analyst,43-69 ,43,69,56.0,4.9,"Orbis, Inc.
4.9","Portsmouth, VA","Charleston, SC",201 to 500 employees,2000,Company - Private,Architectural & Engineering Services,Business Services,$10 to $25 million (USD),-1,0
Data Analyst,43-69 ,43,69,56.0,3.4,"Dunhill Professional Search
3.4","Chesapeake, VA","Wilmington, NC",1 to 50 employees,-1,Company - Private,Staffing & Outsourcing,Business Services,Unknown / Non-Applicable,-1,0
Finance Data Analytics Analyst,43-69 ,43,69,56.0,3.1,"Smithfield
3.1","Smithfield, VA","Smithfield, VA",10000+ employees,1936,Subsidiary or Business Segment,Food & Beverage Manufacturing,Manufacturing,$10+ billion (USD),"JBS USA Holdings, Tyson Foods, Hormel",0
Business Intelligence/Data Analyst with Security Clearance,43-69 ,43,69,56.0,3.8,"Booz Allen Hamilton
3.8","Suffolk, VA","Mc Lean, VA",10000+ employees,1914,Company - Public,Consulting,Business Services,$5 to $10 billion (USD),"Accenture, Deloitte, PwC",0
Research & Data Analyst,43-69 ,43,69,56.0,1.0,"EVMS
1.0","Norfolk, VA","Chennai, India",501 to 1000 employees,1935,Company - Private,Vehicle Dealers,Retail,Unknown / Non-Applicable,-1,0
Metrics & Data Analyst,43-69 ,43,69,56.0,3.5,"Epsilon Systems Solutions, Inc.
3.5","Norfolk, VA","San Diego, CA",501 to 1000 employees,1998,Company - Private,Commercial Equipment Repair & Maintenance,"Construction, Repair & Maintenance",$100 to $500 million (USD),-1,0
Tactical Data Link (TDL) Analyst-,43-69 ,43,69,56.0,3.8,"Oasis Systems
3.8","Hampton, VA","Burlington, MA",1001 to 5000 employees,1997,Company - Private,IT Services,Information Technology,$100 to $500 million (USD),-1,0
Senior Data Analyst- Secret Clearance-,43-69 ,43,69,56.0,5.0,"Counter Threat Solutions
5.0","Norfolk, VA","Reston, VA",51 to 200 employees,2015,Company - Private,Consulting,Business Services,Unknown / Non-Applicable,-1,0
Data Analyst Junior,43-69 ,43,69,56.0,5.0,"Staffigo Technical Services, LLC
5.0","Hampton, VA","Woodridge, IL",51 to 200 employees,2008,Company - Private,IT Services,Information Technology,$50 to $100 million (USD),-1,0
HQ Data Analyst,43-69 ,43,69,56.0,3.0,"ITA International
3.0","Newport News, VA","Yorktown, VA",201 to 500 employees,-1,Company - Public,Accounting,Accounting & Legal,$10 to $25 million (USD),-1,0
USMTF Data Analyst,43-69 ,43,69,56.0,3.8,"Oasis Systems
3.8","Hampton, VA","Burlington, MA",1001 to 5000 employees,1997,Company - Private,IT Services,Information Technology,$100 to $500 million (USD),-1,0
Mid Data Analyst,43-69 ,43,69,56.0,4.9,"Orbis, Inc.
4.9","Portsmouth, VA","Charleston, SC",201 to 500 employees,2000,Company - Private,Architectural & Engineering Services,Business Services,$10 to $25 million (USD),-1,0
Product Data Business Analyst,43-69 ,43,69,56.0,-1.0,Ferguson Experienced,"Newport News, VA",-1,-1,-1,-1,-1,-1,-1,-1,0
Retail Data Quality Analyst,43-69 ,43,69,56.0,3.5,"Liberty Source
3.5","Hampton, VA","Fort Monroe, VA",51 to 200 employees,2014,Company - Private,Staffing & Outsourcing,Business Services,$5 to $10 million (USD),-1,0
USMTF Data Analyst with Security Clearance,43-69 ,43,69,56.0,3.8,"Oasis Systems, LLC
3.8","Hampton, VA","Burlington, MA",1001 to 5000 employees,1997,Company - Private,IT Services,Information Technology,$100 to $500 million (USD),-1,0
Senior Data Strategy Analyst (SDSA),43-69 ,43,69,56.0,3.2,"National Capitol Contracting (NCC)
3.2","Norfolk, VA","Mc Lean, VA",51 to 200 employees,2002,Company - Private,Telecommunications Services,Telecommunications,$10 to $25 million (USD),-1,0
Data Analyst - Va Beach - VA with Security Clearance,43-69 ,43,69,56.0,3.1,"Occam Solutions Inc
3.1","Virginia Beach, VA","Herndon, VA",1 to 50 employees,-1,Company - Private,Consulting,Business Services,$5 to $10 million (USD),-1,0
Configuration and Data Management (C&DM) Analyst,43-69 ,43,69,56.0,3.5,"Analytical Mechanics Associates
3.5","Hampton, VA","Hampton, VA",201 to 500 employees,1962,Company - Private,Consulting,Business Services,$10 to $25 million (USD),-1,0
Jr Management Analyst (Data Management),43-69 ,43,69,56.0,3.2,"GStek, Inc.
3.2","Yorktown, VA","Chesapeake, VA",201 to 500 employees,1992,Company - Private,Aerospace & Defense,Aerospace & Defense,$10 to $25 million (USD),-1,0
Senior Data Analyst,43-69 ,43,69,56.0,4.9,"Orbis, Inc.
4.9","Portsmouth, VA","Charleston, SC",201 to 500 employees,2000,Company - Private,Architectural & Engineering Services,Business Services,$10 to $25 million (USD),-1,0
Tactical Data Link (TDL) Analyst,49-112 ,49,112,80.5,3.8,"Oasis Systems
3.8","Hampton, VA","Burlington, MA",1001 to 5000 employees,1997,Company - Private,IT Services,Information Technology,$100 to $500 million (USD),-1,0
Sr Data Business Analyst - FacilitySource,49-112 ,49,112,80.5,3.7,"CBRE
3.7","Chesapeake, VA","Los Angeles, CA",10000+ employees,1906,Company - Public,Real Estate,Real Estate,Unknown / Non-Applicable,-1,0
Acoustics Data Analyst/Flight Test Engineer,49-112 ,49,112,80.5,3.5,"Analytical Mechanics Associates
3.5","Hampton, VA","Hampton, VA",201 to 500 employees,1962,Company - Private,Consulting,Business Services,$10 to $25 million (USD),-1,0
Senior Data Analyst,49-112 ,49,112,80.5,1.0,"Bluemont Technology & Research, Inc.
1.0","Norfolk, VA","Mc Lean, VA",1 to 50 employees,-1,Company - Private,-1,-1,$1 to $5 million (USD),-1,0
Senior Data Analyst- Secret Clearance,49-112 ,49,112,80.5,5.0,"Counter Threat Solutions
5.0","Norfolk, VA","Reston, VA",51 to 200 employees,2015,Company - Private,Consulting,Business Services,Unknown / Non-Applicable,-1,0
Senior Data Management Analyst (SDMA),49-112 ,49,112,80.5,3.2,"National Capitol Contracting (NCC)
3.2","Norfolk, VA","Mc Lean, VA",51 to 200 employees,2002,Company - Private,Telecommunications Services,Telecommunications,$10 to $25 million (USD),-1,0
Data Analyst - Senior Consultant,49-112 ,49,112,80.5,3.4,"Guidehouse
3.4","Norfolk, VA","Washington, DC",5001 to 10000 employees,2018,Company - Private,Consulting,Business Services,Unknown / Non-Applicable,-1,0
Data Warehouse Programmer/Analyst,49-112 ,49,112,80.5,3.1,"AXSEUM Inc
3.1","Fort Eustis, VA","Alexandria, VA",51 to 200 employees,2002,Company - Private,Consulting,Business Services,$10 to $25 million (USD),-1,0
Data Analyst (Navy) - Mid and Junior Level,49-112 ,49,112,80.5,-1.0,"Tamayo Federal Solutions, LLC","Portsmouth, VA",-1,-1,-1,-1,-1,-1,-1,-1,0
"Data Analyst - Senior Consultant - Norfolk, VA with Security Clearance",49-112 ,49,112,80.5,3.4,"Guidehouse
3.4","Norfolk, VA","Washington, DC",5001 to 10000 employees,2018,Company - Private,Consulting,Business Services,Unknown / Non-Applicable,-1,0
Program Analyst - AIS/Maintenance Data System Coordinator,49-112 ,49,112,80.5,3.5,"Epsilon Systems Solutions, Inc.
3.5","Norfolk, VA","San Diego, CA",501 to 1000 employees,1998,Company - Private,Commercial Equipment Repair & Maintenance,"Construction, Repair & Maintenance",$100 to $500 million (USD),-1,0
MSC Logistics Data Analyst,49-112 ,49,112,80.5,3.6,"CACI International
3.6","Norfolk, VA","Arlington, VA",10000+ employees,1962,Company - Public,Aerospace & Defense,Aerospace & Defense,$2 to $5 billion (USD),"CSC, ManTech, SAIC",0
Data Analyst (Navy) - Mid Level,49-112 ,49,112,80.5,-1.0,"Tamayo Federal Solutions, LLC","Portsmouth, VA",-1,-1,-1,-1,-1,-1,-1,-1,0
Business Intelligence & Data Analyst,49-112 ,49,112,80.5,3.7,"PROSOFT
3.7","Norfolk, VA","Virginia Beach, VA",201 to 500 employees,-1,Contract,IT Services,Information Technology,Unknown / Non-Applicable,-1,0
Sr Data Business Analyst - FacilitySource,49-112 ,49,112,80.5,3.6,"FacilitySource
3.6","Chesapeake, VA","Phoenix, AZ",1001 to 5000 employees,2001,Company - Public,Building & Personnel Services,Business Services,$100 to $500 million (USD),"First Service Networks, SMS Assist, Vixxo",0
Senior Data Analyst (Navy),49-112 ,49,112,80.5,-1.0,"Tamayo Federal Solutions, LLC","Portsmouth, VA",-1,-1,-1,-1,-1,-1,-1,-1,0
NIWC Service Desk Analyst Component Enterprise Data Center (CEDC with Security Clearance,49-112 ,49,112,80.5,3.3,"Universal Consulting Services
3.3","Norfolk, VA","Fairfax, VA",201 to 500 employees,2000,Company - Private,IT Services,Information Technology,$25 to $50 million (USD),-1,0
NIWC Service Desk Analyst Component Enterprise Data Center (CEDC).,49-112 ,49,112,80.5,3.3,"Universal Consulting Services, Inc.
3.3","Norfolk, VA","Fairfax, VA",201 to 500 employees,2000,Company - Private,IT Services,Information Technology,$25 to $50 million (USD),-1,0
Junior Data Analyst,30-54 ,30,54,42.0,5.0,"Staffigo Technical Services, LLC
5.0","Gainesville, FL","Woodridge, IL",51 to 200 employees,2008,Company - Private,IT Services,Information Technology,$50 to $100 million (USD),-1,0
Data Analyst,30-54 ,30,54,42.0,5.0,"Staffigo Technical Services, LLC
5.0","Gainesville, FL","Woodridge, IL",51 to 200 employees,2008,Company - Private,IT Services,Information Technology,$50 to $100 million (USD),-1,0
Data Analyst,30-54 ,30,54,42.0,4.3,"University of Florida
4.3","Gainesville, FL","Gainesville, FL",10000+ employees,1853,College / University,Colleges & Universities,Education,$1 to $2 billion (USD),-1,0
AvMed Data Governance Analyst,30-54 ,30,54,42.0,3.1,"AvMed Health Plans
3.1","Gainesville, FL","Gainesville, FL",501 to 1000 employees,1996,Nonprofit Organization,Insurance Carriers,Insurance,$500 million to $1 billion (USD),-1,0
Data Management Analyst II,30-54 ,30,54,42.0,3.3,"Shands Jacksonville
3.3","Alachua, FL","Jacksonville, FL",1001 to 5000 employees,1984,Nonprofit Organization,Health Care Services & Hospitals,Health Care,$500 million to $1 billion (USD),-1,0
Data Analyst Junior,30-54 ,30,54,42.0,5.0,"Staffigo Technical Services, LLC
5.0","Gainesville, FL","Woodridge, IL",51 to 200 employees,2008,Company - Private,IT Services,Information Technology,$50 to $100 million (USD),-1,0
Data Analyst â Junior,30-54 ,30,54,42.0,5.0,"Staffigo Technical Services, LLC
5.0","Gainesville, FL","Woodridge, IL",51 to 200 employees,2008,Company - Private,IT Services,Information Technology,$50 to $100 million (USD),-1,0
IT Analyst III Data Systems,30-54 ,30,54,42.0,3.3,"Shands Jacksonville
3.3","Gainesville, FL","Jacksonville, FL",1001 to 5000 employees,1984,Nonprofit Organization,Health Care Services & Hospitals,Health Care,$500 million to $1 billion (USD),-1,0
Product Data Analyst,55-103 ,55,103,79.0,3.1,"Stamps.com
3.1","El Segundo, CA","El Segundo, CA",1001 to 5000 employees,1996,Company - Public,Computer Hardware & Software,Information Technology,$100 to $500 million (USD),"Pitney Bowes, US Postal Service, Envelope Manager Software",0
Lead Data Analyst,55-103 ,55,103,79.0,3.6,"Headspace
3.6","Santa Monica, CA","Santa Monica, CA",201 to 500 employees,2010,Company - Private,Internet,Information Technology,Unknown / Non-Applicable,-1,0
Data Analytics Insights Analyst,55-103 ,55,103,79.0,3.7,"Neustar
3.7","Los Angeles, CA","Sterling, VA",1001 to 5000 employees,1996,Company - Private,Internet,Information Technology,$500 million to $1 billion (USD),"Adobe, Akamai, Oracle",0
Data Analyst,55-103 ,55,103,79.0,5.0,"Wellth Inc.
5.0","Los Angeles, CA","New York, NY",1 to 50 employees,2014,Company - Private,Enterprise Software & Network Solutions,Information Technology,$1 to $5 million (USD),-1,0
Data Analyst,55-103 ,55,103,79.0,-1.0,People Tree,"Hermosa Beach, CA","Hermosa Beach, CA",1 to 50 employees,2013,Self-employed,Staffing & Outsourcing,Business Services,Unknown / Non-Applicable,-1,0
Data Analyst,55-103 ,55,103,79.0,5.0,"Staffigo Technical Services, LLC
5.0","Los Angeles, CA","Woodridge, IL",51 to 200 employees,2008,Company - Private,IT Services,Information Technology,$50 to $100 million (USD),-1,0
Product Data & Insights Analyst,55-103 ,55,103,79.0,3.3,"Ruggable
3.3","Gardena, CA","Los Angeles, CA",1 to 50 employees,-1,Company - Private,-1,-1,Unknown / Non-Applicable,-1,0
Survey Data Analyst,55-103 ,55,103,79.0,5.0,"First Professional Services
5.0","Los Angeles, CA","Piscataway, NJ",51 to 200 employees,2018,Subsidiary or Business Segment,Internet,Information Technology,$1 to $5 million (USD),-1,0
Senior Data Analyst,55-103 ,55,103,79.0,3.6,"Steady
3.6","Los Angeles, CA","Atlanta, GA",1 to 50 employees,2017,Company - Private,Internet,Information Technology,Unknown / Non-Applicable,-1,1
Data Analyst,55-103 ,55,103,79.0,4.3,"ConsultNet, LLC
4.3","Burbank, CA","South Jordan, UT",201 to 500 employees,1996,Company - Private,Staffing & Outsourcing,Business Services,$50 to $100 million (USD),-1,0
Data Analyst,55-103 ,55,103,79.0,4.3,"Signal Sciences
4.3","Los Angeles, CA","Culver City, CA",51 to 200 employees,2014,Company - Private,Enterprise Software & Network Solutions,Information Technology,Unknown / Non-Applicable,-1,0
Data and Policy Analyst - Statistical Programmer,55-103 ,55,103,79.0,3.2,"Acumen
3.2","Los Angeles, CA","Burlingame, CA",201 to 500 employees,1996,Company - Private,Federal Agencies,Government,$10 to $25 million (USD),Acumen,0
Data Analyst,55-103 ,55,103,79.0,4.5,"HireTalent
4.5","Los Angeles, CA","New York, NY",201 to 500 employees,1997,Company - Private,Staffing & Outsourcing,Business Services,$25 to $50 million (USD),-1,0
"Senior Data Analyst, Marketing",55-103 ,55,103,79.0,4.3,"Dave
4.3","Los Angeles, CA","Los Angeles, CA",1 to 50 employees,2016,Company - Private,Banks & Credit Unions,Finance,Unknown / Non-Applicable,-1,0
Data Analyst,55-103 ,55,103,79.0,-1.0,Expertise LLC,"Los Angeles, CA","Seattle, WA",1 to 50 employees,-1,Contract,-1,-1,Unknown / Non-Applicable,-1,0
Data Analyst,55-103 ,55,103,79.0,4.0,"Lorven Technologies Inc
4.0","Los Angeles, CA","Plainsboro, NJ",1 to 50 employees,-1,Company - Private,Accounting,Accounting & Legal,Less than $1 million (USD),-1,0
Data Analyst,55-103 ,55,103,79.0,-1.0,Eleven Recruiting - CHURN,"Los Angeles, CA","Los Angeles, CA",1 to 50 employees,-1,Company - Private,IT Services,Information Technology,Unknown / Non-Applicable,-1,0
Data Analyst,55-103 ,55,103,79.0,3.6,"ICONMA
3.6","Culver City, CA","Troy, MI",1001 to 5000 employees,2000,Company - Private,Staffing & Outsourcing,Business Services,$100 to $500 million (USD),Experis,0
Data Analyst,55-103 ,55,103,79.0,3.5,"HITRECORD
3.5","Los Angeles, CA","Van Nuys, CA",1 to 50 employees,-1,Company - Private,-1,-1,Less than $1 million (USD),-1,0
Data Analyst,55-103 ,55,103,79.0,5.0,"Dot818
5.0","Glendale, CA","Glendale, CA",1 to 50 employees,2011,Company - Private,Advertising & Marketing,Business Services,Unknown / Non-Applicable,-1,0
Data Analyst,55-103 ,55,103,79.0,3.4,"DatamanUSA
3.4","Los Angeles, CA","Centennial, CO",51 to 200 employees,-1,Company - Private,IT Services,Information Technology,$5 to $10 million (USD),-1,0
Senior Database Analyst - Data Warehouse,55-103 ,55,103,79.0,3.9,"Cedars-Sinai
3.9","Los Angeles, CA","Los Angeles, CA",10000+ employees,1902,Nonprofit Organization,Health Care Services & Hospitals,Health Care,$2 to $5 billion (USD),"UCLA Health, City of Hope, Keck Medicine of USC",0
Data Analyst,55-103 ,55,103,79.0,-1.0,Eleven Recruiting - CHURN,"Los Angeles, CA",-1,-1,-1,-1,-1,-1,-1,-1,0
Data Analyst,55-103 ,55,103,79.0,3.5,"Robert Half
3.5","El Segundo, CA","Menlo Park, CA",10000+ employees,1948,Company - Public,Staffing & Outsourcing,Business Services,$2 to $5 billion (USD),"Adecco, Manpower",0
Data Analyst – Finance,55-103 ,55,103,79.0,3.2,"Radiology Partners
3.2","El Segundo, CA","El Segundo, CA",1001 to 5000 employees,2012,Company - Private,Health Care Services & Hospitals,Health Care,Unknown / Non-Applicable,-1,0
Data Analyst,55-103 ,55,103,79.0,4.7,"PeerStreet
4.7","El Segundo, CA","El Segundo, CA",51 to 200 employees,-1,Company - Private,Real Estate,Real Estate,Unknown / Non-Applicable,-1,0
Data Analyst,55-103 ,55,103,79.0,4.7,"PlayQ
4.7","Santa Monica, CA","Santa Monica, CA",51 to 200 employees,2007,Company - Private,Video Games,Media,Unknown / Non-Applicable,-1,0
Data Analyst,55-103 ,55,103,79.0,4.0,"Lucky Day
4.0","Los Angeles, CA","Los Angeles, CA",1 to 50 employees,2014,Company - Private,Internet,Information Technology,Unknown / Non-Applicable,-1,0
Data and Reporting Analyst,55-103 ,55,103,79.0,3.4,"Didi Hirsch Mental Health Services
3.4","Inglewood, CA","Culver City, CA",201 to 500 employees,1944,Nonprofit Organization,Health Care Services & Hospitals,Health Care,Unknown / Non-Applicable,-1,0
Data Analyst,37-70 ,37,70,53.5,-1.0,Center For Policing Equity,"Los Angeles, CA","New York, NY",51 to 200 employees,-1,Nonprofit Organization,Colleges & Universities,Education,Unknown / Non-Applicable,-1,0
Advanced Data Analytics Analyst,37-70 ,37,70,53.5,3.7,"Human Good
3.7","Glendale, CA","Vancouver, Canada",1 to 50 employees,-1,Company - Private,TV Broadcast & Cable Networks,Media,Unknown / Non-Applicable,-1,0
Data Analyst,37-70 ,37,70,53.5,4.1,"Swinerton Builders
4.1","Los Angeles, CA","San Francisco, CA",1001 to 5000 employees,1888,Company - Private,Construction,"Construction, Repair & Maintenance",$2 to $5 billion (USD),"DPR Construction, Webcor",0
Data Analyst,37-70 ,37,70,53.5,3.1,"Relevante, Inc.
3.1","Los Angeles, CA","Berwyn, PA",51 to 200 employees,2002,Company - Private,Consulting,Business Services,$10 to $25 million (USD),-1,0
Data Analyst,37-70 ,37,70,53.5,3.7,"iSpace, Inc
3.7","Glendale, CA","El Segundo, CA",51 to 200 employees,2000,Company - Private,IT Services,Information Technology,$5 to $10 million (USD),Cyient,0
Data Analyst,37-70 ,37,70,53.5,-1.0,Kharon,"Los Angeles, CA","Los Angeles, CA",51 to 200 employees,2017,Company - Public,-1,-1,$5 to $10 million (USD),-1,0
Senior Data Intelligence Analyst,37-70 ,37,70,53.5,3.9,"Cedars-Sinai
3.9","Los Angeles, CA","Los Angeles, CA",10000+ employees,1902,Nonprofit Organization,Health Care Services & Hospitals,Health Care,$2 to $5 billion (USD),"UCLA Health, City of Hope, Keck Medicine of USC",0
"Sr. Data Analyst, Consumer Applications",37-70 ,37,70,53.5,3.8,"System1
3.8","Venice, CA","Venice, CA",201 to 500 employees,2013,Company - Private,Internet,Information Technology,Unknown / Non-Applicable,-1,0
Data Governance Analyst,37-70 ,37,70,53.5,3.5,"Western Asset
3.5","Pasadena, CA","Pasadena, CA",501 to 1000 employees,1971,Subsidiary or Business Segment,Investment Banking & Asset Management,Finance,Unknown / Non-Applicable,"PIMCO, TCW, Oaktree Capital Management",0
Data Analyst,37-70 ,37,70,53.5,5.0,"Tilde Staff Inc.
5.0","Pasadena, CA","Pasadena, CA",1 to 50 employees,-1,Company - Private,-1,-1,Unknown / Non-Applicable,-1,0
"Senior Data Analyst, Data Insights",37-70 ,37,70,53.5,3.8,"Hulu
3.8","Santa Monica, CA","Santa Monica, CA",1001 to 5000 employees,2007,Company - Private,TV Broadcast & Cable Networks,Media,$1 to $2 billion (USD),"Netflix, Amazon, Apple",0
Data Analyst,37-70 ,37,70,53.5,3.8,"Login Consulting Services
3.8","El Segundo, CA","El Segundo, CA",51 to 200 employees,-1,Company - Private,Consulting,Business Services,$5 to $10 million (USD),-1,0
Workday Technical Analyst- Data Conversions,37-70 ,37,70,53.5,4.2,"University of Southern California
4.2","Los Angeles, CA","Los Angeles, CA",10000+ employees,1880,College / University,Colleges & Universities,Education,$2 to $5 billion (USD),-1,0
Data Analyst Healthcare - Experienced or Entry Level,37-70 ,37,70,53.5,3.1,"Delmarva Foundation
3.1","Cerritos, CA","Easton, MD",501 to 1000 employees,1973,Nonprofit Organization,Consulting,Business Services,$50 to $100 million (USD),-1,0
Woocommerce Data Governance Analyst,37-70 ,37,70,53.5,4.1,"LiveGlam
4.1","Los Angeles, CA","Los Angeles, CA",51 to 200 employees,2016,Company - Private,"Health, Beauty, & Fitness",Consumer Services,Unknown / Non-Applicable,-1,0
"Analyst, Data Operations",37-70 ,37,70,53.5,3.9,"Warner Bros. Entertainment
3.9","Burbank, CA","Burbank, CA",5001 to 10000 employees,1923,Company - Public,Motion Picture Production & Distribution,Media,$10+ billion (USD),NBCUniversal,0
Data Analyst,37-70 ,37,70,53.5,-1.0,NextDeavor Services,"Carson, CA",-1,-1,-1,-1,-1,-1,-1,-1,0
Data Analyst,37-70 ,37,70,53.5,3.5,"Cenergy
3.5","Irwindale, CA","Milton, WV",51 to 200 employees,-1,Company - Private,Construction,"Construction, Repair & Maintenance",$10 to $25 million (USD),-1,0
Data Analyst (Apex Legends),37-70 ,37,70,53.5,3.9,"Electronic Arts
3.9","Los Angeles, CA","Redwood City, CA",5001 to 10000 employees,1982,Company - Public,Video Games,Media,$2 to $5 billion (USD),"Riot Games, Google, Activision Blizzard",0
Data Intelligence Analyst II ( Epic Certification Required ),37-70 ,37,70,53.5,3.9,"Cedars-Sinai
3.9","Los Angeles, CA","Los Angeles, CA",10000+ employees,1902,Nonprofit Organization,Health Care Services & Hospitals,Health Care,$2 to $5 billion (USD),"UCLA Health, City of Hope, Keck Medicine of USC",0
Market Data Analyst,37-70 ,37,70,53.5,3.9,"Capital Group
3.9","Los Angeles, CA","Los Angeles, CA",5001 to 10000 employees,1931,Company - Private,Investment Banking & Asset Management,Finance,$1 to $2 billion (USD),-1,0
"Sr Analyst, Data Operations",37-70 ,37,70,53.5,3.7,"Turner Broadcasting
3.7","Burbank, CA","New York, NY",10000+ employees,2003,Subsidiary or Business Segment,TV Broadcast & Cable Networks,Media,$10+ billion (USD),"Walt Disney Company, NBCUniversal",0
Data Analyst (Ryan White),37-70 ,37,70,53.5,4.7,"AIDS Healthcare Foundation
4.7","Los Angeles, CA","Los Angeles, CA",1001 to 5000 employees,1987,Nonprofit Organization,Health Care Services & Hospitals,Health Care,$1 to $2 billion (USD),"Kaiser Permanente, CVS Health, Walgreens",0
Senior Data Analyst,37-70 ,37,70,53.5,4.0,"Lucky Day
4.0","Los Angeles, CA","Los Angeles, CA",1 to 50 employees,2014,Company - Private,Internet,Information Technology,Unknown / Non-Applicable,-1,0
"Data System Analyst I, LACERA (Senior Java Developer)",37-70 ,37,70,53.5,3.5,"LACERA
3.5","Pasadena, CA","Pasadena, CA",201 to 500 employees,1938,Government,Investment Banking & Asset Management,Finance,$2 to $5 billion (USD),-1,0
Data Analyst,37-70 ,37,70,53.5,2.9,"Arize Corporation
2.9","Anaheim, CA","New York, NY",201 to 500 employees,-1,Company - Private,Publishing,Media,$50 to $100 million (USD),-1,0
Data Analyst,37-70 ,37,70,53.5,2.8,"SAG-AFTRA Health Plan and SAG-Producers Pension Plan
2.8","Burbank, CA","Burbank, CA",Unknown,-1,Company - Private,-1,-1,Unknown / Non-Applicable,-1,0
Data Analyst,37-70 ,37,70,53.5,3.1,"Computershare
3.1","El Segundo, CA","Melbourne, Australia",10000+ employees,1978,Company - Public,Financial Transaction Processing,Finance,$2 to $5 billion (USD),-1,0
Junior Data Analyst,37-70 ,37,70,53.5,5.0,"Staffigo Technical Services, LLC
5.0","Los Angeles, CA","Woodridge, IL",51 to 200 employees,2008,Company - Private,IT Services,Information Technology,$50 to $100 million (USD),-1,0
Data Analyst,57-103 ,57,103,80.0,3.2,"Cenergy International
3.2","Irwindale, CA","Houston, TX",51 to 200 employees,-1,Company - Private,Consulting,Business Services,$10 to $25 million (USD),-1,0
Marketing Data Analyst,57-103 ,57,103,80.0,5.0,"Scale Media
5.0","Los Angeles, CA","Sherman Oaks, CA",1 to 50 employees,-1,Company - Public,Advertising & Marketing,Business Services,Unknown / Non-Applicable,-1,0
Data and Policy Analyst - Writer/Coordinator,57-103 ,57,103,80.0,3.2,"Acumen
3.2","Los Angeles, CA","Burlingame, CA",201 to 500 employees,1996,Company - Private,Federal Agencies,Government,$10 to $25 million (USD),Acumen,0
Sr. Data/Report System Analyst,57-103 ,57,103,80.0,3.9,"Cedars-Sinai
3.9","Beverly Hills, CA","Los Angeles, CA",10000+ employees,1902,Nonprofit Organization,Health Care Services & Hospitals,Health Care,$2 to $5 billion (USD),"UCLA Health, City of Hope, Keck Medicine of USC",0
Equity Data/Research Analyst,57-103 ,57,103,80.0,-1.0,Selby Jennings Buyside,"Los Angeles, CA",-1,-1,-1,-1,-1,-1,-1,-1,0
Senior Data Analyst,57-103 ,57,103,80.0,4.5,"Mobilityware
4.5","Los Angeles, CA","Irvine, CA",51 to 200 employees,1990,Company - Private,Video Games,Media,Unknown / Non-Applicable,-1,0
Data Analyst,57-103 ,57,103,80.0,3.9,"Acorns
3.9","Anaheim, CA","Irvine, CA",201 to 500 employees,-1,Company - Private,Brokerage Services,Finance,Unknown / Non-Applicable,-1,0
Data Analyst - (Python),57-103 ,57,103,80.0,5.0,"LEAPROS
5.0","Long Beach, CA","Dana Point, CA",1 to 50 employees,-1,Company - Private,-1,-1,Unknown / Non-Applicable,-1,0
Data Analyst / Developer,57-103 ,57,103,80.0,-1.0,Kforce Technology Staffing,"Los Angeles, CA",-1,-1,-1,-1,-1,-1,-1,-1,0
Data Analyst I,57-103 ,57,103,80.0,3.1,"L.A. Care Health Plan
3.1","Los Angeles, CA","Los Angeles, CA",1001 to 5000 employees,1997,Nonprofit Organization,Health Care Services & Hospitals,Health Care,Unknown / Non-Applicable,"Health Net, Kaiser Permanente, Molina Healthcare",0
Senior Data Analyst,57-103 ,57,103,80.0,3.6,"Superior Court of California County of Los Angeles
3.6","Los Angeles, CA","Los Angeles, CA",1001 to 5000 employees,-1,Government,Municipal Governments,Government,Unknown / Non-Applicable,-1,0
Senior Data Analyst,57-103 ,57,103,80.0,3.3,"Tillster
3.3","Los Angeles, CA","San Diego, CA",51 to 200 employees,2001,Company - Private,Enterprise Software & Network Solutions,Information Technology,$25 to $50 million (USD),-1,0
Billingual Chinese - Data Analyst,57-103 ,57,103,80.0,3.7,"Tripalink
3.7","Los Angeles, CA","Los Angeles, CA",1 to 50 employees,2016,Company - Public,Real Estate,Real Estate,Unknown / Non-Applicable,-1,0
Senior Data Analyst,57-103 ,57,103,80.0,4.6,"TutorMe
4.6","Los Angeles, CA","Los Angeles, CA",51 to 200 employees,2015,Subsidiary or Business Segment,Colleges & Universities,Education,Unknown / Non-Applicable,"Chegg, Tutor.com, Smarthinking",0
Reporting Data Analyst,57-103 ,57,103,80.0,4.5,"Century Group (CA)
4.5","El Segundo, CA","El Segundo, CA",51 to 200 employees,1989,Company - Private,Staffing & Outsourcing,Business Services,Unknown / Non-Applicable,-1,0
Public Policy Data Analyst,57-103 ,57,103,80.0,3.9,"Netflix, Inc.
3.9","Los Angeles, CA","Los Gatos, CA",1001 to 5000 employees,1997,Company - Public,Internet,Information Technology,$5 to $10 billion (USD),-1,0
Epidemiologist Data Analyst-Urology,57-103 ,57,103,80.0,3.8,"UC Davis Medical Center
3.8","Los Angeles, CA","Sacramento, CA",10000+ employees,-1,Nonprofit Organization,Health Care Services & Hospitals,Health Care,$2 to $5 billion (USD),-1,0
Data Analyst I,57-103 ,57,103,80.0,3.0,"Tarzana
3.0","Northridge, CA","Tarzana, CA",501 to 1000 employees,1971,Company - Private,Biotech & Pharmaceuticals,Biotech & Pharmaceuticals,$25 to $50 million (USD),-1,0
Data Systems Analyst,57-103 ,57,103,80.0,3.9,"STAND 8 Technology Services
3.9","Los Angeles, CA","Los Angeles, CA",51 to 200 employees,2009,Company - Private,Consulting,Business Services,$10 to $25 million (USD),-1,0
"Data Analyst, Predictive Analytics",57-103 ,57,103,80.0,3.4,"Internet Brands
3.4","Los Angeles, CA","El Segundo, CA",1001 to 5000 employees,1998,Company - Private,Internet,Information Technology,$1 to $2 billion (USD),-1,0
Data Reporting Analyst,57-103 ,57,103,80.0,3.5,"Robert Half
3.5","Los Angeles, CA","Menlo Park, CA",10000+ employees,1948,Company - Public,Staffing & Outsourcing,Business Services,$2 to $5 billion (USD),"Adecco, Manpower",0
Senior Data Analyst,57-103 ,57,103,80.0,4.0,"Fox Corporation
4.0","Los Angeles, CA","New York, NY",5001 to 10000 employees,2019,Company - Public,TV Broadcast & Cable Networks,Media,Unknown / Non-Applicable,-1,0
Business Data Analyst,57-103 ,57,103,80.0,5.0,"Connect International
5.0","Los Angeles, CA","West Roxbury, MA",1 to 50 employees,-1,Nonprofit Organization,-1,-1,Unknown / Non-Applicable,-1,0
Business Data Analyst,57-103 ,57,103,80.0,4.5,"PUBG Santa Monica
4.5","Los Angeles, CA","Seoul, South Korea",501 to 1000 employees,2017,Company - Private,Video Games,Media,Unknown / Non-Applicable,"Activision, Riot Games, Electronic Arts",0
Epidemiologist Data Analyst-Urology,57-103 ,57,103,80.0,4.0,"UCLA Health
4.0","Los Angeles, CA","Los Angeles, CA",5001 to 10000 employees,1919,Company - Public,Health Care Services & Hospitals,Health Care,Unknown / Non-Applicable,"Cedars-Sinai Medical Center, Loma Linda University Health, Harbor Hospital",0
Mid-Senior Data Analyst,57-103 ,57,103,80.0,3.5,"Robert Half
3.5","Los Angeles, CA","Menlo Park, CA",10000+ employees,1948,Company - Public,Staffing & Outsourcing,Business Services,$2 to $5 billion (USD),"Adecco, Manpower",0
Associate Player Support Data Analyst,57-103 ,57,103,80.0,3.4,"Activision Blizzard
3.4","El Segundo, CA","Santa Monica, CA",10000+ employees,1979,Company - Public,Video Games,Media,$5 to $10 billion (USD),-1,0
BI/Data Analyst,57-103 ,57,103,80.0,2.1,"The Loot Company
2.1","Los Angeles, CA","Los Angeles, CA",201 to 500 employees,2012,Company - Private,Other Retail Stores,Retail,Unknown / Non-Applicable,-1,0
"Sr. Data Analyst, Ad Operations",57-103 ,57,103,80.0,3.8,"System1
3.8","Venice, CA","Venice, CA",201 to 500 employees,2013,Company - Private,Internet,Information Technology,Unknown / Non-Applicable,-1,0
Data Analyst Junior,35-45 ,35,45,40.0,5.0,"Staffigo Technical Services, LLC
5.0","Los Angeles, CA","Woodridge, IL",51 to 200 employees,2008,Company - Private,IT Services,Information Technology,$50 to $100 million (USD),-1,0
"Customer Insights Manager, Senior Data Analyst | Mobile",35-45 ,35,45,40.0,-1.0,Elever Professional,"Los Angeles, CA","Austin, TX",1 to 50 employees,-1,Company - Private,-1,-1,Unknown / Non-Applicable,-1,0
Research Sr. Data Analyst - Kaiser Permanente Bernard J. Tyson School of Medicine,35-45 ,35,45,40.0,4.0,"Kaiser Permanente
4.0","Pasadena, CA","Oakland, CA",10000+ employees,1945,Nonprofit Organization,Health Care Services & Hospitals,Health Care,$10+ billion (USD),"HCA Healthcare, Dignity Health, Sutter Health",0
"Senior Business Technology Analyst - Big Data (Los Angeles area, CA)",35-45 ,35,45,40.0,3.8,"ZS Associates
3.8","Los Angeles, CA","Evanston, IL",5001 to 10000 employees,1983,Company - Private,Consulting,Business Services,Unknown / Non-Applicable,-1,0
Financial Data Analyst,35-45 ,35,45,40.0,3.8,"Tecolote Research
3.8","El Segundo, CA","Goleta, CA",501 to 1000 employees,1973,Company - Private,Aerospace & Defense,Aerospace & Defense,$50 to $100 million (USD),-1,0
Enterprise Data Quality Analyst - EDM,35-45 ,35,45,40.0,3.6,"City National Bank
3.6","Los Angeles, CA","Los Angeles, CA",1001 to 5000 employees,1954,Subsidiary or Business Segment,Banks & Credit Unions,Finance,Unknown / Non-Applicable,"East West Bank, Bank of the West, First Republic Bank",0
Survey Data Analyst,35-45 ,35,45,40.0,4.9,"Cypress HCM
4.9","Los Angeles, CA","Walnut Creek, CA",51 to 200 employees,2005,Company - Private,Staffing & Outsourcing,Business Services,Unknown / Non-Applicable,-1,0
Data Analyst/SQL/Healthcare Or Medical OR Clinical,35-45 ,35,45,40.0,-1.0,"Infonex Technologies, Inc.","Pasadena, CA","Santa Clara, CA",Unknown,-1,Company - Public,-1,-1,Unknown / Non-Applicable,-1,0
Data Analyst Manager,35-45 ,35,45,40.0,-1.0,Oakwood Search - CHURN,"Los Angeles, CA",-1,-1,-1,-1,-1,-1,-1,-1,0
Enterprise Data Analyst,35-45 ,35,45,40.0,3.6,"City National Bank
3.6","Los Angeles, CA","Los Angeles, CA",1001 to 5000 employees,1954,Subsidiary or Business Segment,Banks & Credit Unions,Finance,Unknown / Non-Applicable,"East West Bank, Bank of the West, First Republic Bank",0
MEDIA DATA ANALYST,35-45 ,35,45,40.0,-1.0,Bloom Ads Global Media Group,"Los Angeles, CA",-1,-1,-1,-1,-1,-1,-1,-1,0
Data Analyst - Personalization,35-45 ,35,45,40.0,3.4,"Internet Brands, Inc.
3.4","Los Angeles, CA","El Segundo, CA",1001 to 5000 employees,1998,Company - Private,Internet,Information Technology,$1 to $2 billion (USD),-1,0
Data Systems Analyst III,35-45 ,35,45,40.0,-1.0,ESP Legal,"Los Angeles, CA",-1,-1,-1,-1,-1,-1,-1,-1,0
Data Analyst / Developer,35-45 ,35,45,40.0,4.1,"Kforce
4.1","Los Angeles, CA","Tampa, FL",10000+ employees,1966,Company - Public,Staffing & Outsourcing,Business Services,$1 to $2 billion (USD),-1,0
Senior Data Bi Analyst,35-45 ,35,45,40.0,3.4,"Apollo Medical Holdings, Inc.
3.4","Alhambra, CA","Sandy, UT",1 to 50 employees,-1,Company - Private,-1,-1,Less than $1 million (USD),-1,0
"Operations Analyst, Data Governance",35-45 ,35,45,40.0,3.7,"Turner Broadcasting
3.7","Burbank, CA","New York, NY",10000+ employees,2003,Subsidiary or Business Segment,TV Broadcast & Cable Networks,Media,$10+ billion (USD),"Walt Disney Company, NBCUniversal",0
"Analyst, Data (Pharmacy & SQL)",35-45 ,35,45,40.0,3.1,"Molina Healthcare
3.1","Long Beach, CA","Long Beach, CA",10000+ employees,1980,Company - Public,Insurance Carriers,Insurance,$10+ billion (USD),-1,0
"Sr. Business Analyst, Data Science and Analytics",35-45 ,35,45,40.0,3.0,"Beautycounter
3.0","Santa Monica, CA","Santa Monica, CA",201 to 500 employees,2013,Company - Private,"Health, Beauty, & Fitness",Consumer Services,Unknown / Non-Applicable,-1,0
Enterprise Data Quality Analyst - EDM,35-45 ,35,45,40.0,3.5,"Genuent
3.5","Los Angeles, CA","Houston, TX",201 to 500 employees,2006,Company - Private,Staffing & Outsourcing,Business Services,$100 to $500 million (USD),-1,0
Microsoft Dynamics CRM Data Analyst,35-45 ,35,45,40.0,3.7,"IBM
3.7","Los Angeles, CA","Armonk, NY",10000+ employees,1911,Company - Public,IT Services,Information Technology,$10+ billion (USD),"Amazon, Accenture, Microsoft",0
"Marketing Data Analyst, Teleflora",35-45 ,35,45,40.0,3.6,"The Wonderful Company LLC
3.6","Los Angeles, CA","Los Angeles, CA",5001 to 10000 employees,1980,Company - Private,Consumer Products Manufacturing,Manufacturing,$2 to $5 billion (USD),-1,0
Senior Customer Data Analyst : 20,35-45 ,35,45,40.0,4.6,"Akraya Inc.
4.6","Los Angeles, CA","Santa Clara, CA",51 to 200 employees,2001,Company - Private,Staffing & Outsourcing,Business Services,$25 to $50 million (USD),"Collabera, Artech Information Systems, TEKsystems",0
REMOTE Data Analyst - POWER BI+MONGO+ DAX EXPERIENCE,35-45 ,35,45,40.0,-1.0,Catasys Health,"Santa Monica, CA",-1,-1,-1,-1,-1,-1,-1,-1,0
Senior Data Analyst - User Growth,35-45 ,35,45,40.0,3.8,"TikTok
3.8","Los Angeles, CA","Los Angeles, CA",1001 to 5000 employees,2016,Company - Private,Internet,Information Technology,Unknown / Non-Applicable,-1,0
Automotive Data Analyst,35-45 ,35,45,40.0,2.7,"MotorTrend Group
2.7","El Segundo, CA","Los Angeles, CA",501 to 1000 employees,1948,Company - Public,TV Broadcast & Cable Networks,Media,Unknown / Non-Applicable,-1,0
Data Analyst - Product,35-45 ,35,45,40.0,3.4,"Mercury Insurance Group
3.4","Brea, CA","Los Angeles, CA",1001 to 5000 employees,1961,Company - Public,Insurance Carriers,Insurance,$2 to $5 billion (USD),-1,0
"Sr. Analyst, Data",35-45 ,35,45,40.0,3.1,"Molina Healthcare
3.1","Long Beach, CA","Long Beach, CA",10000+ employees,1980,Company - Public,Insurance Carriers,Insurance,$10+ billion (USD),-1,0
Senior Data Insights Analyst,35-45 ,35,45,40.0,-1.0,Endpoint Closing,"El Segundo, CA","El Segundo, CA",1 to 50 employees,-1,Company - Private,-1,-1,Unknown / Non-Applicable,-1,0
Bilingual (Chinese) Data Analyst,42-66 ,42,66,54.0,3.7,"Tripalink
3.7","Los Angeles, CA","Los Angeles, CA",1 to 50 employees,2016,Company - Public,Real Estate,Real Estate,Unknown / Non-Applicable,-1,0
Systems and Data Analyst - SQL,42-66 ,42,66,54.0,-1.0,Ottimo Resources,"Duarte, CA","Carson, CA",Unknown,-1,Company - Public,-1,-1,Unknown / Non-Applicable,-1,0
Data Entry Analyst,42-66 ,42,66,54.0,3.6,"Ajilon
3.6","Woodland Hills, CA","Jacksonville, FL",1001 to 5000 employees,1994,Company - Public,Staffing & Outsourcing,Business Services,$100 to $500 million (USD),-1,0
"Sr Analyst, Data Operations",42-66 ,42,66,54.0,5.0,"WB Technology
5.0","Burbank, CA","Bishnupur , India",Unknown,-1,Company - Private,-1,-1,Unknown / Non-Applicable,-1,0
Data Intelligence Analyst II,42-66 ,42,66,54.0,4.0,"Prosum
4.0","Los Angeles, CA","El Segundo, CA",201 to 500 employees,1996,Company - Private,IT Services,Information Technology,$25 to $50 million (USD),"Kforce, NTT DATA, IBM",0
Business Analyst / Data Analyst with Financial Industry Experience,42-66 ,42,66,54.0,3.0,"INSPIRE IT Solutions
3.0","Monterey Park, CA","Hyderabad, India",1 to 50 employees,-1,Company - Private,-1,-1,Unknown / Non-Applicable,-1,0
Sr. Data Analyst,42-66 ,42,66,54.0,3.3,"Saicon Consultants Inc
3.3","Burbank, CA","Overland Park, KS",201 to 500 employees,1998,Company - Private,Computer Hardware & Software,Information Technology,$25 to $50 million (USD),-1,0
Investment Reporting Data Analyst,42-66 ,42,66,54.0,-1.0,"Recruiting Resources, Inc.","El Segundo, CA","Los Angeles, CA",1 to 50 employees,-1,Company - Private,-1,-1,Unknown / Non-Applicable,-1,0
Jr. Data Analyst (Jr. DA),42-66 ,42,66,54.0,4.0,"Prime MSO, LLC.
4.0","Glendale, CA","Dayton, OH",1 to 50 employees,-1,Company - Private,Health Care Services & Hospitals,Health Care,$1 to $5 million (USD),-1,0
Sr. Business Data Analyst,42-66 ,42,66,54.0,4.9,"KORE1 Technologies
4.9","Santa Monica, CA","Irvine, CA",51 to 200 employees,2005,Company - Private,Staffing & Outsourcing,Business Services,$10 to $25 million (USD),"CyberCoders, Kforce, ASGN Incorporated",0
Data Reporting Analyst,42-66 ,42,66,54.0,3.6,"Axelon Services Corporation
3.6","Pasadena, CA","New York, NY",501 to 1000 employees,-1,Company - Private,Staffing & Outsourcing,Business Services,$100 to $500 million (USD),-1,0
Pricing Data Analyst,42-66 ,42,66,54.0,3.6,"City National Corporation
3.6","Los Angeles, CA","Los Angeles, CA",1001 to 5000 employees,1954,Subsidiary or Business Segment,Banks & Credit Unions,Finance,Unknown / Non-Applicable,"East West Bank, Bank of the West, First Republic Bank",0
Senior Data Engineer & Analyst,42-66 ,42,66,54.0,5.0,"Pddn
5.0","Pasadena, CA","Fremont, CA",51 to 200 employees,-1,Company - Private,"Health, Beauty, & Fitness",Consumer Services,Less than $1 million (USD),-1,0
Principal Data Management Analyst,42-66 ,42,66,54.0,3.8,"Northrop Grumman
3.8","Woodland Hills, CA","Falls Church, VA",10000+ employees,1939,Company - Public,Aerospace & Defense,Aerospace & Defense,$10+ billion (USD),-1,0
Sr. Data Analyst,42-66 ,42,66,54.0,4.3,"ConsultNet, LLC
4.3","Burbank, CA","South Jordan, UT",201 to 500 employees,1996,Company - Private,Staffing & Outsourcing,Business Services,$50 to $100 million (USD),-1,0
Sr Data Analyst (DW),42-66 ,42,66,54.0,4.2,"Aviana Global Technologies, Inc
4.2","Los Angeles, CA","Brea, CA",1 to 50 employees,1994,Company - Private,IT Services,Information Technology,$10 to $25 million (USD),"OpenSymmetry, Perficient, DataClarity",0
"Data Analyst, Product",42-66 ,42,66,54.0,3.9,"Jam City
3.9","Culver City, CA","Los Angeles, CA",501 to 1000 employees,2010,Company - Private,Video Games,Media,Unknown / Non-Applicable,-1,0
"Digital Media Data Analyst, Apple TV+",42-66 ,42,66,54.0,4.1,"Apple
4.1","Culver City, CA","Cupertino, CA",10000+ employees,1976,Company - Public,Computer Hardware & Software,Information Technology,$10+ billion (USD),"Google, Microsoft, Samsung Electronics",0
Data Intelligence Analyst,42-66 ,42,66,54.0,3.4,"EMINENT, INC.
3.4","Cerritos, CA","Williamsville, NY",1 to 50 employees,-1,Company - Private,IT Services,Information Technology,$1 to $5 million (USD),-1,0
"Operations Analyst, Data Governance",42-66 ,42,66,54.0,5.0,"WB Technology
5.0","Burbank, CA","Bishnupur , India",Unknown,-1,Company - Private,-1,-1,Unknown / Non-Applicable,-1,0
Sr. Data Analyst,42-66 ,42,66,54.0,3.8,"Dollar Shave Club
3.8","Marina del Rey, CA","Marina del Rey, CA",201 to 500 employees,2011,Company - Private,Beauty & Personal Accessories Stores,Retail,Unknown / Non-Applicable,-1,0
Data Technician/Analyst/Specialist,42-66 ,42,66,54.0,3.5,"Leo Tech, LLC
3.5","Long Beach, CA","Singapore, Singapore",51 to 200 employees,-1,Company - Private,-1,-1,Unknown / Non-Applicable,-1,0
Senior Data Analyst,42-66 ,42,66,54.0,3.8,"TikTok
3.8","Culver City, CA","Los Angeles, CA",1001 to 5000 employees,2016,Company - Private,Internet,Information Technology,Unknown / Non-Applicable,-1,0
Research Data Analyst,42-66 ,42,66,54.0,-1.0,"Recargo, Inc., makers of PlugShare","El Segundo, CA",-1,-1,-1,-1,-1,-1,-1,-1,0
【1yr OPT+Intern】Data Analyst 保实习保就业,42-66 ,42,66,54.0,-1.0,Easyfind Company,"Arcadia, CA","Noida, India",1 to 50 employees,-1,Company - Private,-1,-1,Unknown / Non-Applicable,-1,0
Heightened Standards Data Analyst,42-66 ,42,66,54.0,3.6,"City National Bank
3.6","Beverly Hills, CA","Los Angeles, CA",1001 to 5000 employees,1954,Subsidiary or Business Segment,Banks & Credit Unions,Finance,Unknown / Non-Applicable,"East West Bank, Bank of the West, First Republic Bank",0
Corporate: Data Analyst,42-66 ,42,66,54.0,3.4,"U.S. Auto Parts Network, Inc.
3.4","Torrance, CA","Carson, CA",1001 to 5000 employees,1995,Company - Public,Automotive Parts & Accessories Stores,Retail,$100 to $500 million (USD),"AutoZone, eBay, Advance Auto Parts",0
Sr Data Analyst,42-66 ,42,66,54.0,3.1,"MyLife.com
3.1","Los Angeles, CA","Los Angeles, CA",1 to 50 employees,2002,Company - Private,Internet,Information Technology,$10 to $25 million (USD),-1,0
Data Analyst I- ON SITE POSITION,42-66 ,42,66,54.0,1.0,"Center for Family Health and Education
1.0","Panorama City, CA","Panorama City, CA",1 to 50 employees,-1,Company - Public,-1,-1,Unknown / Non-Applicable,-1,0
"Analyst, Data",42-66 ,42,66,54.0,3.1,"Molina Healthcare
3.1","Long Beach, CA","Long Beach, CA",10000+ employees,1980,Company - Public,Insurance Carriers,Insurance,$10+ billion (USD),-1,0
Senior Data Analyst,65-81 ,65,81,73.0,4.7,"DISQO
4.7","Glendale, CA","Glendale, CA",51 to 200 employees,2014,Company - Private,Research & Development,Business Services,Unknown / Non-Applicable,-1,0
Credit Data Analyst,65-81 ,65,81,73.0,-1.0,Dot 818,"Glendale, CA",-1,-1,-1,-1,-1,-1,-1,-1,0
Sr Performance Metrics Data Analyst,65-81 ,65,81,73.0,-1.0,BBCN Bank,"Los Angeles, CA",-1,-1,-1,-1,-1,-1,-1,-1,0
Sr. Data Analyst,65-81 ,65,81,73.0,-1.0,Launch Infotech,"Signal Hill, CA",-1,-1,-1,-1,-1,-1,-1,-1,0
Junior Data Analyst,65-81 ,65,81,73.0,3.9,"Tech Air
3.9","Long Beach, CA","Danbury, CT",201 to 500 employees,1935,Company - Private,Industrial Manufacturing,Manufacturing,$100 to $500 million (USD),-1,0
SENIOR DATA BI ANALYST,65-81 ,65,81,73.0,2.5,"Network Medical Management Inc
2.5","Alhambra, CA","Alhambra, CA",501 to 1000 employees,1994,Company - Public,Health Care Services & Hospitals,Health Care,Unknown / Non-Applicable,-1,0
Data Analyst - MS Access & Excel,65-81 ,65,81,73.0,3.5,"Midcom
3.5","Azusa, CA","Anaheim, CA",51 to 200 employees,1979,Company - Private,Consulting,Business Services,$10 to $25 million (USD),-1,0
Data Analyst (Asset Management / eDiscovery),65-81 ,65,81,73.0,3.8,"Odesus
3.8","Burbank, CA","Los Angeles, CA",51 to 200 employees,2001,Company - Private,Consulting,Business Services,$5 to $10 million (USD),-1,0
Jr. Data Analyst,65-81 ,65,81,73.0,3.8,"Login Consulting Services
3.8","El Segundo, CA","El Segundo, CA",51 to 200 employees,-1,Company - Private,Consulting,Business Services,$5 to $10 million (USD),-1,0
Sr. Data Analyst,65-81 ,65,81,73.0,4.0,"Unilever
4.0","Marina del Rey, CA","London, United Kingdom",10000+ employees,1872,Company - Public,Consumer Products Manufacturing,Manufacturing,$10+ billion (USD),"Procter & Gamble, Nestlé, Johnson & Johnson",0
"Data Analyst - Health, Experienced",65-81 ,65,81,73.0,4.1,"Blue Shield of California
4.1","Woodland Hills, CA","Oakland, CA",5001 to 10000 employees,1939,Nonprofit Organization,Insurance Carriers,Insurance,$10+ billion (USD),-1,0
Product/Data Analyst,65-81 ,65,81,73.0,-1.0,Clear Technology Consulting,"Glendale, CA",-1,-1,-1,-1,-1,-1,-1,-1,0
Junior Data Analyst,65-81 ,65,81,73.0,3.8,"Airgas
3.8","Long Beach, CA","Radnor, PA",10000+ employees,1982,Company - Public,Chemical Manufacturing,Manufacturing,$5 to $10 billion (USD),-1,0
Reporting Data Analyst,65-81 ,65,81,73.0,3.0,"Apollo Global Management
3.0","El Segundo, CA","New York, NY",1001 to 5000 employees,1990,Company - Public,Venture Capital & Private Equity,Finance,$1 to $2 billion (USD),-1,0
Data Intelligence Analyst,65-81 ,65,81,73.0,3.3,"Revolve
3.3","Cerritos, CA","Cerritos, CA",201 to 500 employees,2003,Company - Public,"Department, Clothing, & Shoe Stores",Retail,Unknown / Non-Applicable,-1,0
"Data Analyst-Cerritos, CA",65-81 ,65,81,73.0,5.0,"Georgia IT Inc.
5.0","Cerritos, CA","Alpharetta, GA",1 to 50 employees,-1,Company - Private,-1,-1,Less than $1 million (USD),-1,0
Digital Marketing Data Analyst,65-81 ,65,81,73.0,-1.0,"Recargo, Inc., makers of PlugShare","El Segundo, CA",-1,-1,-1,-1,-1,-1,-1,-1,0
Sr Performance Metrics Data Analyst,65-81 ,65,81,73.0,2.6,"Bank Of Hope
2.6","Los Angeles, CA","Los Angeles, CA",201 to 500 employees,-1,Company - Public,-1,-1,$100 to $500 million (USD),-1,0
Student Data Compliance Analyst,65-81 ,65,81,73.0,3.3,"KIPP SoCal Public Schools
3.3","Los Angeles, CA","Los Angeles, CA",1001 to 5000 employees,2003,Nonprofit Organization,K-12 Education,Education,$50 to $100 million (USD),-1,0
Data Quality Control Analyst,65-81 ,65,81,73.0,3.5,"Genuent
3.5","Glendale, CA","Houston, TX",201 to 500 employees,2006,Company - Private,Staffing & Outsourcing,Business Services,$100 to $500 million (USD),-1,0
Senior Data Management Analyst,65-81 ,65,81,73.0,3.0,"Apollo Global Management
3.0","El Segundo, CA","New York, NY",1001 to 5000 employees,1990,Company - Public,Venture Capital & Private Equity,Finance,$1 to $2 billion (USD),-1,0
Sr. Data Analyst,65-81 ,65,81,73.0,2.8,"SAG-AFTRA Health Plan and SAG-Producers Pension Plan
2.8","Burbank, CA","Burbank, CA",Unknown,-1,Company - Private,-1,-1,Unknown / Non-Applicable,-1,0
Data Analyst HEDIS Star,65-81 ,65,81,73.0,3.2,"SCAN Health Plan
3.2","Long Beach, CA","Long Beach, CA",501 to 1000 employees,1977,Nonprofit Organization,Insurance Carriers,Insurance,$2 to $5 billion (USD),-1,0
Senior Data Analyst,65-81 ,65,81,73.0,4.7,"PlayQ
4.7","Santa Monica, CA","Santa Monica, CA",51 to 200 employees,2007,Company - Private,Video Games,Media,Unknown / Non-Applicable,-1,0
Sr. Data Analyst,65-81 ,65,81,73.0,3.1,"Molina Healthcare
3.1","Long Beach, CA","Long Beach, CA",10000+ employees,1980,Company - Public,Insurance Carriers,Insurance,$10+ billion (USD),-1,0
SAP Master Data Analyst,65-81 ,65,81,73.0,2.5,"NetSource, Inc.
2.5","Los Angeles, CA","Bolton, CT",51 to 200 employees,-1,Company - Private,Consumer Products Manufacturing,Manufacturing,$10 to $25 million (USD),-1,0
Service Operations Data Analyst,65-81 ,65,81,73.0,3.3,"Quinn Group, Inc.
3.3","City of Industry, CA","City of Industry, CA",501 to 1000 employees,1919,Company - Private,Commercial Equipment Repair & Maintenance,"Construction, Repair & Maintenance",Unknown / Non-Applicable,"John Deere, Bobcat Company",0
Data Analyst I,65-81 ,65,81,73.0,-1.0,"zz-Tarzana Treatment Centers, Inc.","Northridge, CA",-1,-1,-1,-1,-1,-1,-1,-1,0
Senior Data Management Analyst,65-81 ,65,81,73.0,-1.0,"Recruiting Resources, Inc.","El Segundo, CA","Los Angeles, CA",1 to 50 employees,-1,Company - Private,-1,-1,Unknown / Non-Applicable,-1,0
System and Data Analyst,113-132 ,113,132,122.5,2.9,"Pacific Clinics
2.9","Arcadia, CA","Arcadia, CA",501 to 1000 employees,1926,Nonprofit Organization,Health Care Services & Hospitals,Health Care,$50 to $100 million (USD),-1,0
Service Operations Data Analyst,113-132 ,113,132,122.5,5.0,"Quinn Group
5.0","City of Industry, CA","Taipei, Taiwan",51 to 200 employees,-1,Company - Private,-1,-1,Unknown / Non-Applicable,-1,0
SAP Master Data Analyst,113-132 ,113,132,122.5,-1.0,DT Professional Services,"Los Angeles, CA","Canoga Park, CA",1 to 50 employees,2013,Company - Public,-1,-1,Less than $1 million (USD),-1,0
Business Analyst Asset Data Management,113-132 ,113,132,122.5,4.0,"NRC INC
4.0","Los Angeles, CA","Boca Raton, FL",51 to 200 employees,-1,Company - Private,-1,-1,Unknown / Non-Applicable,-1,0
Sr Digital Marketing Data Analyst (PAID SOCIAL),113-132 ,113,132,122.5,5.0,"LaBine & Associates
5.0","Santa Monica, CA","San Mateo, CA",1 to 50 employees,2013,Company - Private,Staffing & Outsourcing,Business Services,Unknown / Non-Applicable,-1,0
19-0574 - Service Operations Data Analyst,113-132 ,113,132,122.5,3.3,"Quinn Company CAT
3.3","City of Industry, CA","City of Industry, CA",501 to 1000 employees,1919,Company - Private,Commercial Equipment Repair & Maintenance,"Construction, Repair & Maintenance",Unknown / Non-Applicable,"John Deere, Bobcat Company",0
Discovery Data Analyst,113-132 ,113,132,122.5,2.9,"NTT DATA, Inc.
2.9","Burbank, CA","Singapore, Singapore",201 to 500 employees,-1,Company - Private,Accounting,Accounting & Legal,Unknown / Non-Applicable,-1,0
"Analyst, Financial Master Data",113-132 ,113,132,122.5,5.0,"WB Technology
5.0","Burbank, CA","Bishnupur , India",Unknown,-1,Company - Private,-1,-1,Unknown / Non-Applicable,-1,0
Data Analyst-HEDIS & Star,113-132 ,113,132,122.5,3.2,"SCAN Health Plan
3.2","Long Beach, CA","Long Beach, CA",501 to 1000 employees,1977,Nonprofit Organization,Insurance Carriers,Insurance,$2 to $5 billion (USD),-1,0
Music Copyright Data Analyst,113-132 ,113,132,122.5,3.3,"AppleOne
3.3","Woodland Hills, CA","Glendale, CA",1001 to 5000 employees,1964,Company - Private,Staffing & Outsourcing,Business Services,$1 to $2 billion (USD),"Kelly, Manpower",0
Sr. Data Analyst,113-132 ,113,132,122.5,3.8,"Login Consulting Services
3.8","El Segundo, CA","El Segundo, CA",51 to 200 employees,-1,Company - Private,Consulting,Business Services,$5 to $10 million (USD),-1,0
Sr. Data Analyst,113-132 ,113,132,122.5,-1.0,Shapestone Inc.,"Burbank, CA",-1,-1,-1,-1,-1,-1,-1,-1,0
Sr. Data Governance Analyst,113-132 ,113,132,122.5,4.0,"Lorven Technologies Inc
4.0","Arcadia, CA","Plainsboro, NJ",1 to 50 employees,-1,Company - Private,Accounting,Accounting & Legal,Less than $1 million (USD),-1,0
"Data Analyst - Health, Senior",113-132 ,113,132,122.5,4.1,"Blue Shield of California
4.1","Woodland Hills, CA","Oakland, CA",5001 to 10000 employees,1939,Nonprofit Organization,Insurance Carriers,Insurance,$10+ billion (USD),-1,0
Data Analyst-HEDIS & Star,113-132 ,113,132,122.5,-1.0,SCAN Healthplan,"Long Beach, CA",-1,-1,-1,-1,-1,-1,-1,-1,0
Data Entry Clerk and Analyst - Financial,113-132 ,113,132,122.5,2.8,"Information Technology Partners
2.8","Burbank, CA","Chicago, IL",51 to 200 employees,1991,Company - Private,IT Services,Information Technology,$10 to $25 million (USD),-1,0
"Analyst, Financial Master Data",113-132 ,113,132,122.5,3.9,"Warner Bros. Entertainment
3.9","Burbank, CA","Burbank, CA",5001 to 10000 employees,1923,Company - Public,Motion Picture Production & Distribution,Media,$10+ billion (USD),NBCUniversal,0
Senior Clinical Data Analyst,113-132 ,113,132,122.5,3.4,"Providence Health & Services
3.4","Gardena, CA","Renton, WA",10000+ employees,1855,Nonprofit Organization,Health Care Services & Hospitals,Health Care,$100 to $500 million (USD),-1,0
Sr. Data Analyst (Pharmacy),113-132 ,113,132,122.5,3.1,"Molina Healthcare
3.1","Long Beach, CA","Long Beach, CA",10000+ employees,1980,Company - Public,Insurance Carriers,Insurance,$10+ billion (USD),-1,0
"Sr Analyst, Data",113-132 ,113,132,122.5,3.1,"Molina Healthcare
3.1","Long Beach, CA","Long Beach, CA",10000+ employees,1980,Company - Public,Insurance Carriers,Insurance,$10+ billion (USD),-1,0
Systems and Data Analyst,113-132 ,113,132,122.5,2.4,"To Help Everyone Health & Wellness Centers
2.4","Los Angeles, CA","Los Angeles, CA",201 to 500 employees,-1,Nonprofit Organization,-1,-1,Unknown / Non-Applicable,-1,0
"Analyst, Financial Master Data",113-132 ,113,132,122.5,3.7,"Turner Broadcasting
3.7","Burbank, CA","New York, NY",10000+ employees,2003,Subsidiary or Business Segment,TV Broadcast & Cable Networks,Media,$10+ billion (USD),"Walt Disney Company, NBCUniversal",0
Copyright Data Analyst,113-132 ,113,132,122.5,3.3,"AppleOne
3.3","Woodland Hills, CA","Glendale, CA",1001 to 5000 employees,1964,Company - Private,Staffing & Outsourcing,Business Services,$1 to $2 billion (USD),"Kelly, Manpower",0
LIMS Master Data Analyst,113-132 ,113,132,122.5,4.6,"USDM Life Sciences
4.6","Santa Monica, CA","Santa Barbara, CA",201 to 500 employees,1999,Company - Private,Consulting,Business Services,Unknown / Non-Applicable,-1,0
Data Analyst *Temp-Hire*,113-132 ,113,132,122.5,2.9,"SkillsetGroup - Professional Staffing Solutions
2.9","Pico Rivera, CA","San Clemente, CA",1 to 50 employees,2013,Company - Private,Staffing & Outsourcing,Business Services,Unknown / Non-Applicable,-1,0
"QM DATA ANALYST II, WHITTIER, FULL TIME DAYS",113-132 ,113,132,122.5,3.6,"PIH Health
3.6","Whittier, CA","Whittier, CA",5001 to 10000 employees,1959,Nonprofit Organization,Health Care Services & Hospitals,Health Care,$1 to $2 billion (USD),"Adventist Health, Providence Health & Services",0
Radar Telemetry Data Analyst - RT,113-132 ,113,132,122.5,-1.0,KLM Careers,"Anaheim, CA",-1,-1,-1,-1,-1,-1,-1,-1,0
Sr. Data Analyst — US Safety,113-132 ,113,132,122.5,3.8,"TikTok
3.8","Los Angeles, CA","Los Angeles, CA",1001 to 5000 employees,2016,Company - Private,Internet,Information Technology,Unknown / Non-Applicable,-1,0
Data Analyst - Marketing Analytics,113-132 ,113,132,122.5,3.4,"Mercury Insurance Group
3.4","Brea, CA","Los Angeles, CA",1001 to 5000 employees,1961,Company - Public,Insurance Carriers,Insurance,$2 to $5 billion (USD),-1,0
Radar Telemetry Data Analyst,42-63 ,42,63,52.5,-1.0,TopTalentFetch,"Anaheim, CA",-1,-1,-1,-1,-1,-1,-1,-1,0
Radar Telemetry Data Analyst,42-63 ,42,63,52.5,-1.0,Stark HR Consulting LLC,"Anaheim, CA",-1,-1,-1,-1,-1,-1,-1,-1,0
Senior Healthcare Data Analyst,42-63 ,42,63,52.5,-1.0,"AlphaProTemps, A.P.R., Inc.","San Fernando, CA",-1,-1,-1,-1,-1,-1,-1,-1,0
Radar Telemetry Data Analyst,42-63 ,42,63,52.5,-1.0,Devotion Business Solutions,"Anaheim, CA",-1,-1,-1,-1,-1,-1,-1,-1,0
Data Analyst,60-66 ,60,66,63.0,3.9,"Wintrust Financial
3.9","Chicago, IL","Rosemont, IL",1001 to 5000 employees,1991,Company - Public,Banks & Credit Unions,Finance,$500 million to $1 billion (USD),"J.P. Morgan, Bank of America",0
Data Analyst,60-66 ,60,66,63.0,3.7,"NCSA - Next College Student Athlete
3.7","Chicago, IL","Chicago, IL",501 to 1000 employees,2000,Company - Private,Sports & Recreation,"Arts, Entertainment & Recreation",Unknown / Non-Applicable,-1,0
Data Analyst,60-66 ,60,66,63.0,3.7,"Riskonnect
3.7","Chicago, IL","Kennesaw, GA",201 to 500 employees,2007,Company - Private,Enterprise Software & Network Solutions,Information Technology,$100 to $500 million (USD),-1,0
Data Transformation Analyst,60-66 ,60,66,63.0,5.0,"Centric Consulting
5.0","Chicago, IL","Dayton, OH",501 to 1000 employees,1999,Company - Private,Consulting,Business Services,$100 to $500 million (USD),"Accenture, West Monroe, Slalom",0
Data Analyst,60-66 ,60,66,63.0,3.2,"GoHealth
3.2","Chicago, IL","Chicago, IL",501 to 1000 employees,2001,Company - Private,Health Care Services & Hospitals,Health Care,Unknown / Non-Applicable,"eHealth, Anthem",1
Jr. Data Analyst,60-66 ,60,66,63.0,3.4,"Kelly
3.4","Downers Grove, IL","Troy, MI",5001 to 10000 employees,1946,Company - Public,Staffing & Outsourcing,Business Services,$5 to $10 billion (USD),"Adecco, ManpowerGroup, Allegis Corporation",0
Urgent Need - Data Analyst,60-66 ,60,66,63.0,3.4,"Kelly
3.4","Chicago, IL","Troy, MI",5001 to 10000 employees,1946,Company - Public,Staffing & Outsourcing,Business Services,$5 to $10 billion (USD),"Adecco, ManpowerGroup, Allegis Corporation",0
Data Analyst,60-66 ,60,66,63.0,3.8,"Undertone
3.8","Chicago, IL","New York, NY",201 to 500 employees,2001,Subsidiary or Business Segment,Advertising & Marketing,Business Services,Unknown / Non-Applicable,"DoubleClick, Specific Media, Collective",1
Business Systems & Data Analyst,60-66 ,60,66,63.0,2.8,"Mike's Hard Lemonade
2.8","Chicago, IL","Chicago, IL",201 to 500 employees,1999,Company - Private,Food & Beverage Manufacturing,Manufacturing,Unknown / Non-Applicable,"Anheuser-Busch InBev, The Boston Beer Company",0
Healthcare Data Analyst - Remote,60-66 ,60,66,63.0,3.3,"Allscripts
3.3","Chicago, IL","Chicago, IL",5001 to 10000 employees,1986,Company - Public,Computer Hardware & Software,Information Technology,$1 to $2 billion (USD),"Cerner, Epic, Athena Health Care Systems",0
Junior Data Analyst,60-66 ,60,66,63.0,3.7,"Circle Logistics
3.7","Chicago, IL","Fort Wayne, IN",201 to 500 employees,2011,Company - Private,Transportation Management,Transportation & Logistics,$100 to $500 million (USD),"Redwood Logistics, Coyote Logistics, Echo Global Logistics",0
Data Analyst,60-66 ,60,66,63.0,4.0,"University of Chicago
4.0","Chicago, IL","Chicago, IL",10000+ employees,1890,College / University,Colleges & Universities,Education,$2 to $5 billion (USD),-1,0
Product Data Analyst,60-66 ,60,66,63.0,3.9,"Mondo
3.9","Chicago, IL","New York, NY",51 to 200 employees,2000,Company - Private,Staffing & Outsourcing,Business Services,$100 to $500 million (USD),"Robert Half, Insight Global",0
Entry Level / Jr. Data Analyst,60-66 ,60,66,63.0,-1.0,KesarWeb,"Chicago, IL","Langhorne, PA",1 to 50 employees,-1,Company - Private,-1,-1,Unknown / Non-Applicable,-1,0
Data Analyst (Junior),60-66 ,60,66,63.0,4.6,"Swoon
4.6","Downers Grove, IL","Chicago, IL",201 to 500 employees,2010,Company - Private,Staffing & Outsourcing,Business Services,$50 to $100 million (USD),-1,0
Data Analyst,60-66 ,60,66,63.0,4.6,"Swoon
4.6","Downers Grove, IL","Chicago, IL",201 to 500 employees,2010,Company - Private,Staffing & Outsourcing,Business Services,$50 to $100 million (USD),-1,0
Associate Marketing Data Analyst,60-66 ,60,66,63.0,4.1,"Bosch Group
4.1","Broadview, IL","Farmington Hills, MI",10000+ employees,1886,Company - Private,Miscellaneous Manufacturing,Manufacturing,$10+ billion (USD),"Continental, FCA Fiat Chrysler Automobiles",0
Outsights Data Analyst,60-66 ,60,66,63.0,3.3,"Tempus
3.3","Chicago, IL","Washington, DC",51 to 200 employees,1999,Company - Private,Financial Transaction Processing,Finance,$1 to $2 billion (USD),-1,0
Business Data Analyst,60-66 ,60,66,63.0,3.3,"Feeding America
3.3","Chicago, IL","Chicago, IL",51 to 200 employees,1979,Nonprofit Organization,Social Assistance,Non-Profit,$2 to $5 billion (USD),-1,0
Data Analyst,60-66 ,60,66,63.0,4.7,"CRS Group
4.7","Chicago, IL","Itasca, IL",51 to 200 employees,1994,Company - Private,Staffing & Outsourcing,Business Services,$10 to $25 million (USD),-1,0
Data Analyst,60-66 ,60,66,63.0,4.3,"Peterson Technology Partners
4.3","Chicago, IL","Park Ridge, IL",201 to 500 employees,1997,Contract,Computer Hardware & Software,Information Technology,$25 to $50 million (USD),-1,0
Data Analyst,60-66 ,60,66,63.0,3.2,"BMO
3.2","Chicago, IL","Chicago, IL",10000+ employees,1882,Subsidiary or Business Segment,Banks & Credit Unions,Finance,$2 to $5 billion (USD),"J.P. Morgan, Bank of America, U.S. Bank",0
Data Analyst - Excel,60-66 ,60,66,63.0,3.3,"AppleOne
3.3","Downers Grove, IL","Glendale, CA",1001 to 5000 employees,1964,Company - Private,Staffing & Outsourcing,Business Services,$1 to $2 billion (USD),"Kelly, Manpower",0
Associate Marketing Data Analyst,60-66 ,60,66,63.0,3.1,"Robert Bosch Tool Corporation
3.1","Broadview, IL","Mount Prospect, IL",1001 to 5000 employees,1971,Subsidiary or Business Segment,Consumer Products Manufacturing,Manufacturing,$500 million to $1 billion (USD),"Stanley Black & Decker, Milwaukee Tool",0
Data Analyst,60-66 ,60,66,63.0,3.5,"Chicago Public Schools
3.5","Chicago, IL","Chicago, IL",10000+ employees,1883,School / School District,K-12 Education,Education,Unknown / Non-Applicable,-1,0
Data Integrity Analyst,60-66 ,60,66,63.0,3.3,"Chicago
3.3","Chicago, IL","Chicago, IL",10000+ employees,1837,Government,Municipal Governments,Government,Unknown / Non-Applicable,-1,0
Data Integrity Analyst,60-66 ,60,66,63.0,3.8,"Guggenheim Partners
3.8","Chicago, IL","Chicago, IL",1001 to 5000 employees,1999,Private Practice / Firm,Investment Banking & Asset Management,Finance,Unknown / Non-Applicable,"BlackRock, Nuveen, Piper Sandler",0
Data Analyst - IntelliScript,60-66 ,60,66,63.0,3.8,"Milliman
3.8","Chicago, IL","Seattle, WA",1001 to 5000 employees,1947,Company - Private,Consulting,Business Services,$1 to $2 billion (USD),-1,0
Data Analyst,60-66 ,60,66,63.0,3.7,"BMO Financial Group
3.7","Chicago, IL","Toronto, Canada",10000+ employees,1817,Company - Public,Banks & Credit Unions,Finance,$10+ billion (USD),"CIBC, RBC, TD",0
Reporting and Data Analyst - (North American Collections Analytics for Data and Analytics),60-66 ,60,66,63.0,3.2,"BMO
3.2","Chicago, IL","Chicago, IL",10000+ employees,1882,Subsidiary or Business Segment,Banks & Credit Unions,Finance,$2 to $5 billion (USD),"J.P. Morgan, Bank of America, U.S. Bank",0
Data Analyst,73-82 ,73,82,77.5,4.2,"UST Global
4.2","Chicago, IL","Aliso Viejo, CA",10000+ employees,1999,Company - Private,IT Services,Information Technology,$1 to $2 billion (USD),"Cognizant Technology Solutions, Infosys, Wipro",0
Lead Data Analyst,73-82 ,73,82,77.5,4.6,"First Stop Health
4.6","Chicago, IL","Chicago, IL",1 to 50 employees,2011,Company - Private,Health Care Services & Hospitals,Health Care,Unknown / Non-Applicable,-1,0
Manufacturing Data Analyst,73-82 ,73,82,77.5,3.2,"MeadWestVaco
3.2","Woodridge, IL","Atlanta, GA",10000+ employees,2015,Company - Public,Miscellaneous Manufacturing,Manufacturing,$10+ billion (USD),"International Paper, Graphic Packaging International, Smurfit Kappa",0
Data Analyst,73-82 ,73,82,77.5,3.5,"Care Advisors Inc
3.5","Chicago, IL","Chicago, IL",1 to 50 employees,-1,Company - Private,Computer Hardware & Software,Information Technology,Unknown / Non-Applicable,-1,0
Data Analyst,73-82 ,73,82,77.5,3.7,"Ann & Robert H. Lurie Children's Hospital of Chicago
3.7","Chicago, IL","Chicago, IL",1001 to 5000 employees,2012,Nonprofit Organization,Health Care Services & Hospitals,Health Care,$500 million to $1 billion (USD),-1,0
Data Analyst,73-82 ,73,82,77.5,3.9,"TEKsystems, Inc
3.9","Chicago, IL","Hanover, MD",1001 to 5000 employees,1983,Subsidiary or Business Segment,Staffing & Outsourcing,Business Services,$2 to $5 billion (USD),"Capgemini, Slalom, Accenture",0
Data Analyst Intern,73-82 ,73,82,77.5,-1.0,MT Global US INC,"Chicago, IL","Gardena, CA",1 to 50 employees,-1,Company - Private,-1,-1,Unknown / Non-Applicable,-1,0
Senior Data Analyst,73-82 ,73,82,77.5,3.4,"HNI
3.4","Chicago, IL","Muscatine, IA",5001 to 10000 employees,1944,Company - Public,Consumer Products Manufacturing,Manufacturing,$2 to $5 billion (USD),-1,0
Data Analyst,73-82 ,73,82,77.5,4.1,"SkySource Solutions
4.1","Downers Grove, IL","Berea, OH",1 to 50 employees,2017,Company - Public,Staffing & Outsourcing,Business Services,$5 to $10 million (USD),-1,0
Junior Data Analyst,73-82 ,73,82,77.5,5.0,"Staffigo Technical Services, LLC
5.0","Chicago, IL","Woodridge, IL",51 to 200 employees,2008,Company - Private,IT Services,Information Technology,$50 to $100 million (USD),-1,0
Senior Data Analyst,73-82 ,73,82,77.5,3.5,"Flexport
3.5","Chicago, IL","San Francisco, CA",1001 to 5000 employees,2013,Company - Private,Logistics & Supply Chain,Transportation & Logistics,$500 million to $1 billion (USD),-1,0
Data Analyst,73-82 ,73,82,77.5,3.7,"Randstad
3.7","Downers Grove, IL","Atlanta, GA",1001 to 5000 employees,-1,Subsidiary or Business Segment,Staffing & Outsourcing,Business Services,Unknown / Non-Applicable,-1,0
Public Health Data Visualization Analyst,73-82 ,73,82,77.5,4.0,"Lantana Consulting Group
4.0","Chicago, IL","East Thetford, VT",1 to 50 employees,-1,Company - Private,Consulting,Business Services,Unknown / Non-Applicable,-1,0
Data Operations Analyst,73-82 ,73,82,77.5,3.5,"PDI
3.5","Chicago, IL","KIRKLAND, Canada",51 to 200 employees,2007,Unknown,-1,-1,Less than $1 million (USD),-1,0
Data Analyst,73-82 ,73,82,77.5,3.6,"Level Ex, Inc.
3.6","Chicago, IL","Chicago, IL",51 to 200 employees,2015,Company - Private,Video Games,Media,Unknown / Non-Applicable,-1,0
Data Quality Analyst,73-82 ,73,82,77.5,3.0,"Chicago Teachers Pension Fund
3.0","Chicago, IL","Chicago, IL",201 to 500 employees,-1,Government,Municipal Governments,Government,Unknown / Non-Applicable,-1,0
Marketing Data Analyst,73-82 ,73,82,77.5,-1.0,Show Me Leads,"Chicago, IL",-1,-1,-1,-1,-1,-1,-1,-1,0
Senior Data Analyst,73-82 ,73,82,77.5,-1.0,Leap,"Chicago, IL","Chicago, IL",Unknown,-1,Company - Private,-1,-1,Unknown / Non-Applicable,-1,0
Data Analyst,73-82 ,73,82,77.5,3.9,"Diverse Lynx
3.9","Chicago, IL","Princeton, NJ",501 to 1000 employees,2002,Company - Private,IT Services,Information Technology,$100 to $500 million (USD),-1,0
Data Analyst,73-82 ,73,82,77.5,5.0,"Staffigo Technical Services, LLC
5.0","Chicago, IL","Woodridge, IL",51 to 200 employees,2008,Company - Private,IT Services,Information Technology,$50 to $100 million (USD),-1,0
Provider Analytics Data Analyst,73-82 ,73,82,77.5,4.7,"CRS Group
4.7","Chicago, IL","Itasca, IL",51 to 200 employees,1994,Company - Private,Staffing & Outsourcing,Business Services,$10 to $25 million (USD),-1,0
CSI Data Analyst,73-82 ,73,82,77.5,3.5,"Chicago Public Schools
3.5","Chicago, IL","Chicago, IL",10000+ employees,1883,School / School District,K-12 Education,Education,Unknown / Non-Applicable,-1,0
Outsights Data Analyst,73-82 ,73,82,77.5,3.2,"Tempus Labs
3.2","Chicago, IL","Chicago, IL",501 to 1000 employees,2015,Company - Private,Biotech & Pharmaceuticals,Biotech & Pharmaceuticals,Unknown / Non-Applicable,-1,1
Data Analyst,73-82 ,73,82,77.5,-1.0,TalentDash,"Chicago, IL","Chicago, IL",1 to 50 employees,-1,Company - Private,-1,-1,Unknown / Non-Applicable,-1,0
Provider Analytics Data Analyst,73-82 ,73,82,77.5,4.6,"VIVA USA INC
4.6","Chicago, IL","Rolling Meadows, IL",51 to 200 employees,1996,Company - Private,IT Services,Information Technology,$25 to $50 million (USD),-1,0
Senior Data Analyst,73-82 ,73,82,77.5,4.2,"360pi
4.2","Chicago, IL","Ottawa, Canada",1 to 50 employees,-1,Company - Private,Enterprise Software & Network Solutions,Information Technology,$1 to $5 million (USD),-1,0
Data Governance Analyst,73-82 ,73,82,77.5,3.9,"TEKsystems, Inc
3.9","Chicago, IL","Hanover, MD",1001 to 5000 employees,1983,Subsidiary or Business Segment,Staffing & Outsourcing,Business Services,$2 to $5 billion (USD),"Capgemini, Slalom, Accenture",0
Senior Data Analyst,73-82 ,73,82,77.5,3.9,"Leap
3.9","Chicago, IL","New Haven, CT",51 to 200 employees,1991,Nonprofit Organization,Social Assistance,Non-Profit,Unknown / Non-Applicable,-1,0
"Senior Data Analyst, Business Intelligence",73-82 ,73,82,77.5,4.8,"Braviant Holdings
4.8","Chicago, IL","Chicago, IL",51 to 200 employees,2014,Company - Private,Lending,Finance,$50 to $100 million (USD),"Avant, Enova, OppLoans",0
Data Analyst,67-92 ,67,92,79.5,-1.0,Bartech Group,"Burr Ridge, IL","South Holland, IL",51 to 200 employees,-1,Company - Private,Construction,"Construction, Repair & Maintenance",Unknown / Non-Applicable,-1,0
Data Analyst,67-92 ,67,92,79.5,4.0,"Lorven Technologies Inc
4.0","Chicago, IL","Plainsboro, NJ",1 to 50 employees,-1,Company - Private,Accounting,Accounting & Legal,Less than $1 million (USD),-1,0
Data Analyst - Rush Infectious Diseases,67-92 ,67,92,79.5,3.9,"Rush University Medical Center
3.9","Chicago, IL","Chicago, IL",5001 to 10000 employees,1837,Hospital,Health Care Services & Hospitals,Health Care,$1 to $2 billion (USD),-1,0
Data Analyst,67-92 ,67,92,79.5,2.7,"TechUSA
2.7","Chicago, IL","Millersville, MD",1001 to 5000 employees,1998,Company - Private,Staffing & Outsourcing,Business Services,$100 to $500 million (USD),-1,0
Fair Lending Data Analyst,67-92 ,67,92,79.5,3.4,"Alliant Credit Union
3.4","Rolling Meadows, IL","Chicago, IL",501 to 1000 employees,1935,Nonprofit Organization,Banks & Credit Unions,Finance,$100 to $500 million (USD),-1,0
Data Analyst,67-92 ,67,92,79.5,4.5,"Green Key Resources
4.5","Chicago, IL","New York, NY",201 to 500 employees,2004,Company - Private,Staffing & Outsourcing,Business Services,Unknown / Non-Applicable,"Beacon Hill Staffing Group, PageGroup, Solomon Page",0
Senior Research Data Analyst,67-92 ,67,92,79.5,4.0,"University of Chicago
4.0","Chicago, IL","Chicago, IL",10000+ employees,1890,College / University,Colleges & Universities,Education,$2 to $5 billion (USD),-1,0
Data Analyst,67-92 ,67,92,79.5,3.7,"Accounting Aid Society
3.7","Chicago, IL","Detroit, MI",1 to 50 employees,-1,Nonprofit Organization,-1,-1,$1 to $5 million (USD),-1,0
Data Analyst,67-92 ,67,92,79.5,4.0,"Roig Lawyers
4.0","Deerfield, IL","Deerfield Beach, FL",201 to 500 employees,2000,Private Practice / Firm,Legal,Accounting & Legal,Unknown / Non-Applicable,-1,0
Data Management Analyst,67-92 ,67,92,79.5,3.2,"PrivateBancorp, Inc.
3.2","Chicago, IL","Chicago, IL",10000+ employees,-1,Company - Public,Banks & Credit Unions,Finance,Unknown / Non-Applicable,-1,0
Data Operations Analyst,67-92 ,67,92,79.5,3.2,"PDI Software
3.2","Chicago, IL","Atlanta, GA",501 to 1000 employees,1983,Company - Private,Enterprise Software & Network Solutions,Information Technology,Unknown / Non-Applicable,"Blue Yonder, SAP, NCR",1
Data Analyst,67-92 ,67,92,79.5,-1.0,TalentDash,"Chicago, IL","Singapore, Singapore",1 to 50 employees,2014,Company - Private,Enterprise Software & Network Solutions,Information Technology,Unknown / Non-Applicable,-1,0
"Data Analyst, Operations Engineering",67-92 ,67,92,79.5,3.8,"Invenergy
3.8","Chicago, IL","Chicago, IL",501 to 1000 employees,2001,Company - Private,Energy,"Oil, Gas, Energy & Utilities",$50 to $100 million (USD),-1,0
"Data Analyst, Tax (Affordable Care Act) (ACA) (Manager) (Multiple Positions)",67-92 ,67,92,79.5,3.8,"EY
3.8","Chicago, IL","London, United Kingdom",10000+ employees,1989,Company - Private,Accounting,Accounting & Legal,$10+ billion (USD),"Deloitte, KPMG, PwC",0
Business Analyst / Data Analyst,67-92 ,67,92,79.5,3.9,"WIN Home Inspection
3.9","Chicago, IL","Seattle, WA",1 to 50 employees,-1,Franchise,Construction,"Construction, Repair & Maintenance",Less than $1 million (USD),-1,0
Master Data Analyst,67-92 ,67,92,79.5,3.5,"Ferrara Candy Company
3.5","Chicago, IL","Chicago, IL",5001 to 10000 employees,1908,Company - Private,Food & Beverage Manufacturing,Manufacturing,Unknown / Non-Applicable,-1,0
BI Data Analyst,67-92 ,67,92,79.5,3.0,"The Accuro Group
3.0","Chicago, IL","Raleigh, NC",201 to 500 employees,2003,Company - Private,Staffing & Outsourcing,Business Services,Unknown / Non-Applicable,-1,0
Data Quality Analyst,67-92 ,67,92,79.5,3.0,"BDP International
3.0","Chicago, IL","Philadelphia, PA",1001 to 5000 employees,1966,Company - Private,Logistics & Supply Chain,Transportation & Logistics,$1 to $2 billion (USD),-1,0
Senior Data Analyst,67-92 ,67,92,79.5,3.9,"Numerator
3.9","Chicago, IL","Chicago, IL",1001 to 5000 employees,2004,Company - Private,IT Services,Information Technology,$100 to $500 million (USD),"Nielsen, Kantar, IRI",0
Sr. Data Analyst,67-92 ,67,92,79.5,3.9,"Mondo
3.9","Chicago, IL","New York, NY",51 to 200 employees,2000,Company - Private,Staffing & Outsourcing,Business Services,$100 to $500 million (USD),"Robert Half, Insight Global",0
Tableau Developer/Data Analyst,67-92 ,67,92,79.5,3.7,"Empire Today
3.7","Northlake, IL","Northlake, IL",1001 to 5000 employees,1959,Company - Private,Other Retail Stores,Retail,$500 million to $1 billion (USD),-1,0
Data Analyst,67-92 ,67,92,79.5,-1.0,El Hogar del Nino - The Home of the Child,"Chicago, IL",-1,-1,-1,-1,-1,-1,-1,-1,0
Data Analyst,67-92 ,67,92,79.5,4.3,"Fast Switch, LTD
4.3","Northbrook, IL","Dublin, OH",501 to 1000 employees,1996,Company - Private,IT Services,Information Technology,$100 to $500 million (USD),-1,0
Data Analyst – Level II,67-92 ,67,92,79.5,1.0,"Sphinix Solutions
1.0","Chicago, IL","New York, NY",1 to 50 employees,-1,Company - Private,IT Services,Information Technology,Less than $1 million (USD),-1,0
Reporting and Data Analyst - (North American Collections Analytics for Data and Analytics),67-92 ,67,92,79.5,3.7,"BMO Financial Group
3.7","Chicago, IL","Toronto, Canada",10000+ employees,1817,Company - Public,Banks & Credit Unions,Finance,$10+ billion (USD),"CIBC, RBC, TD",0
Senior Data Analyst,67-92 ,67,92,79.5,3.6,"Epiq Systems
3.6","Chicago, IL","New York, NY",5001 to 10000 employees,1988,Company - Private,Legal,Accounting & Legal,$1 to $2 billion (USD),-1,0
Data Analyst,67-92 ,67,92,79.5,4.0,"MRINetwork
4.0","Des Plaines, IL","Philadelphia, PA",1001 to 5000 employees,1965,Subsidiary or Business Segment,-1,-1,Unknown / Non-Applicable,-1,0
Senior Trading Systems Data Analyst (Chicago or NY),67-92 ,67,92,79.5,2.9,"PEAK6 Investments
2.9","Chicago, IL","Chicago, IL",1001 to 5000 employees,1997,Company - Private,Venture Capital & Private Equity,Finance,$100 to $500 million (USD),"Wolverine Trading, Interactive Brokers, Citadel",0
Data Analyst/Programmer,67-92 ,67,92,79.5,2.5,"ABS Graphics
2.5","Itasca, IL","Itasca, IL",51 to 200 employees,1982,Company - Private,Advertising & Marketing,Business Services,$25 to $50 million (USD),-1,0
Data Services Business Analyst 2,42-76 ,42,76,59.0,3.6,"Willis Towers Watson
3.6","Chicago, IL","London, United Kingdom",10000+ employees,1828,Company - Public,Consulting,Business Services,$10+ billion (USD),"Aon, Accenture, Marsh & McLennan Companies",0
Data Analyst,42-76 ,42,76,59.0,4.1,"Kforce
4.1","Evanston, IL","Tampa, FL",10000+ employees,1966,Company - Public,Staffing & Outsourcing,Business Services,$1 to $2 billion (USD),-1,0
Call Center Data Analyst,42-76 ,42,76,59.0,3.3,"The Chicago Lighthouse
3.3","Chicago, IL","Chicago, IL",501 to 1000 employees,1906,Company - Private,Social Assistance,Non-Profit,$25 to $50 million (USD),-1,0
Data Analyst - 20,42-76 ,42,76,59.0,4.8,"Genesys Talent
4.8","Northbrook, IL","Houston, TX",1 to 50 employees,2014,Company - Private,Staffing & Outsourcing,Business Services,Unknown / Non-Applicable,-1,0
Data Governance Analyst,42-76 ,42,76,59.0,5.0,"1872 Consulting
5.0","Chicago, IL","Chicago, IL",1 to 50 employees,-1,Company - Private,-1,-1,Unknown / Non-Applicable,-1,0
Data Analyst,42-76 ,42,76,59.0,3.3,"Stampede Meat, Inc.
3.3","Bridgeview, IL","Bridgeview, IL",1001 to 5000 employees,-1,Company - Private,Food & Beverage Manufacturing,Manufacturing,$100 to $500 million (USD),-1,0
Senior Global Data Analyst / Power BI Dashboard Developer,42-76 ,42,76,59.0,2.8,"ALERE
2.8","Chicago, IL","Waltham, MA",5001 to 10000 employees,2001,Company - Public,Biotech & Pharmaceuticals,Biotech & Pharmaceuticals,$2 to $5 billion (USD),-1,0
Data Analyst,42-76 ,42,76,59.0,3.6,"Kelly Mitchell Group
3.6","Downers Grove, IL","Saint Louis, MO",1001 to 5000 employees,1998,Company - Private,Staffing & Outsourcing,Business Services,$50 to $100 million (USD),-1,0
"Data Analyst, Tax (Affordable Care Act) (ACA) (Manager) (Multiple Positions)",42-76 ,42,76,59.0,-1.0,Ernst & Young LLP,"Chicago, IL",-1,-1,-1,-1,-1,-1,-1,-1,0
Logistics Data Analyst,42-76 ,42,76,59.0,2.5,"TreeHouse Foods, Inc.
2.5","Oak Brook, IL","Oak Brook, IL",10000+ employees,2005,Company - Public,Food & Beverage Manufacturing,Manufacturing,$5 to $10 billion (USD),-1,0
Data Production Analyst,42-76 ,42,76,59.0,4.2,"NJF Global Holdings
4.2","Chicago, IL","London, United Kingdom",51 to 200 employees,2003,Company - Private,Staffing & Outsourcing,Business Services,$10 to $25 million (USD),-1,1
Senior Data Analyst,42-76 ,42,76,59.0,3.5,"Chicago Public Schools
3.5","Chicago, IL","Chicago, IL",10000+ employees,1883,School / School District,K-12 Education,Education,Unknown / Non-Applicable,-1,0
SAS Data Analyst,42-76 ,42,76,59.0,1.0,"Sphinix Solutions
1.0","Chicago, IL","New York, NY",1 to 50 employees,-1,Company - Private,IT Services,Information Technology,Less than $1 million (USD),-1,0
Data Analyst,42-76 ,42,76,59.0,3.2,"Net2Source
3.2","Northbrook, IL","Somerset, NJ",1001 to 5000 employees,2007,Company - Private,Staffing & Outsourcing,Business Services,$100 to $500 million (USD),-1,0
"Manufacturing Data Analyst - Woodridge, IL",42-76 ,42,76,59.0,4.8,"Ongig
4.8","Woodridge, IL","San Francisco, CA",1 to 50 employees,2011,Company - Private,Enterprise Software & Network Solutions,Information Technology,Less than $1 million (USD),-1,0
Senior Data Analyst,42-76 ,42,76,59.0,2.9,"HIMSS
2.9","Chicago, IL","Chicago, IL",201 to 500 employees,1961,Nonprofit Organization,Health Care Services & Hospitals,Health Care,$50 to $100 million (USD),-1,0
Logistics Data Analyst,42-76 ,42,76,59.0,3.4,"Flagstone Foods
3.4","Oak Brook, IL","Saint Paul, MN",501 to 1000 employees,-1,Company - Public,Catering & Food Service Contractors,"Restaurants, Bars & Food Services",$50 to $100 million (USD),-1,0
Visiting Undergraduate Affairs Data Analyst - Office of the Vice Provost for Undergraduate Affairs & Academic Programs,42-76 ,42,76,59.0,4.1,"University of Illinois at Chicago
4.1","Chicago, IL","Chicago, IL",Unknown,1982,College / University,Colleges & Universities,Education,Unknown / Non-Applicable,-1,0
Contract Analyst - Enterprise Market Data,42-76 ,42,76,59.0,3.7,"Northern Trust
3.7","Chicago, IL","Chicago, IL",10000+ employees,1889,Company - Public,Banks & Credit Unions,Finance,$2 to $5 billion (USD),-1,0
Marketing Data Analyst - CPG,42-76 ,42,76,59.0,5.0,"Foresight ROI
5.0","Chicago, IL","Chicago, IL",1 to 50 employees,-1,Company - Private,Advertising & Marketing,Business Services,Less than $1 million (USD),-1,0
Senior Data Analyst,42-76 ,42,76,59.0,4.1,"LEARN Charter School
4.1","Chicago, IL","Chicago, IL",201 to 500 employees,2001,School / School District,K-12 Education,Education,$25 to $50 million (USD),-1,0
IT Risk and Compliance Data Reporting Analyst,42-76 ,42,76,59.0,-1.0,TalentDash,"Chicago, IL","Chicago, IL",1 to 50 employees,-1,Company - Private,-1,-1,Unknown / Non-Applicable,-1,0
Data Analyst / Business Lead Generation Specialist [Part-Time],42-76 ,42,76,59.0,2.5,"BankFinancial Corporation
2.5","Downers Grove, IL","Burr Ridge, IL",201 to 500 employees,2005,Company - Public,Banks & Credit Unions,Finance,$50 to $100 million (USD),-1,0
JPSC-5704 - Data Analyst,42-76 ,42,76,59.0,4.5,"Avani Technology Solutions
4.5","Chicago, IL","Rochester, NY",501 to 1000 employees,2008,Company - Private,IT Services,Information Technology,$50 to $100 million (USD),-1,0
Workforce Data Analyst,42-76 ,42,76,59.0,3.5,"Chicago Public Schools
3.5","Chicago, IL","Chicago, IL",10000+ employees,1883,School / School District,K-12 Education,Education,Unknown / Non-Applicable,-1,0
Data Analyst Junior,42-76 ,42,76,59.0,5.0,"Staffigo Technical Services, LLC
5.0","Chicago, IL","Woodridge, IL",51 to 200 employees,2008,Company - Private,IT Services,Information Technology,$50 to $100 million (USD),-1,0
Senior Data Analyst,42-76 ,42,76,59.0,-1.0,Trilogy Behavioral Health,"Chicago, IL",-1,-1,-1,-1,-1,-1,-1,-1,0
Senior Trading Systems Data Analyst (Chicago or NY),42-76 ,42,76,59.0,2.1,"Capital Management
2.1","Chicago, IL","Irvine, CA",1 to 50 employees,-1,Company - Private,Investment Banking & Asset Management,Finance,Less than $1 million (USD),-1,0
Data Analyst-IT III,42-76 ,42,76,59.0,-1.0,Stark HR Consulting LLC,"Chicago, IL",-1,-1,-1,-1,-1,-1,-1,-1,0
"Sr Analyst, Distrib Data Eng",42-76 ,42,76,59.0,3.3,"Nuveen
3.3","Chicago, IL","Chicago, IL",1001 to 5000 employees,1898,Company - Private,Investment Banking & Asset Management,Finance,$1 to $2 billion (USD),-1,0
Data Analyst (Supply Chain) - May Reside Anywhere in the US - Up to 100% Travel,97-129 ,97,129,113.0,4.5,"Maine Pointe
4.5","Chicago, IL","Boston, MA",51 to 200 employees,2004,Company - Private,Consulting,Business Services,$50 to $100 million (USD),"Kearney, AlixPartners, Hitachi Consulting",1
SAS Data Analyst/Reports Writer,97-129 ,97,129,113.0,-1.0,"Synchronous Solutions, Inc","Chicago, IL","Encinitas, CA",1 to 50 employees,-1,Company - Private,IT Services,Information Technology,Unknown / Non-Applicable,-1,0
Data Scientist - Sr. Analyst,97-129 ,97,129,113.0,2.0,"HR Pundits
2.0","Chicago, IL","Rolling Meadows, IL",1 to 50 employees,-1,Company - Private,Computer Hardware & Software,Information Technology,$1 to $5 million (USD),-1,0
Clinical Practice Data Analyst Specialist (Clinical Research Data Manager) - Mile Square Main,97-129 ,97,129,113.0,-1.0,University of Illinois Medical Center,"Chicago, IL",-1,-1,-1,-1,-1,-1,-1,-1,0
QA Analyst - DATA Base Exp,97-129 ,97,129,113.0,3.9,"Softpath System LLC
3.9","Chicago, IL","Norcross, GA",201 to 500 employees,1999,Company - Private,IT Services,Information Technology,$25 to $50 million (USD),-1,0
Philanthropy Operations Associate - Data Analyst,97-129 ,97,129,113.0,3.3,"Trinity Health
3.3","Maywood, IL","Livonia, MI",10000+ employees,1976,Nonprofit Organization,Health Care Services & Hospitals,Health Care,$10 to $25 million (USD),"HCA Healthcare, Vanguard Health Systems",0
Financial Systems Lead Data and Reporting Analyst,97-129 ,97,129,113.0,3.7,"Motorola Solutions
3.7","Chicago, IL","Chicago, IL",10000+ employees,1928,Company - Public,Computer Hardware & Software,Information Technology,$5 to $10 billion (USD),"Cisco Systems, Huawei Technologies, IBM",0
Data Entry and compliance Analyst,97-129 ,97,129,113.0,3.4,"Medline Industries
3.4","Northfield, IL","Northfield, IL",10000+ employees,1966,Company - Private,Health Care Products Manufacturing,Manufacturing,$10+ billion (USD),-1,0
Lead Data Analyst,97-129 ,97,129,113.0,3.8,"Capgemini
3.8","Chicago, IL","Paris, France",10000+ employees,1967,Company - Public,Enterprise Software & Network Solutions,Information Technology,$10+ billion (USD),"Accenture, CGI, Sopra Steria",0
Senior Data Analyst Informatics,97-129 ,97,129,113.0,3.2,"Tempus Labs
3.2","Chicago, IL","Chicago, IL",501 to 1000 employees,2015,Company - Private,Biotech & Pharmaceuticals,Biotech & Pharmaceuticals,Unknown / Non-Applicable,-1,1
"ERP Data Migration Analyst in Glenview, IL at Signode",97-129 ,97,129,113.0,3.2,"Signode
3.2","Glenview, IL","Glenview, IL",5001 to 10000 employees,1913,Subsidiary or Business Segment,Industrial Manufacturing,Manufacturing,$2 to $5 billion (USD),-1,0
Data Security Analytics Analyst,97-129 ,97,129,113.0,3.3,"Cedent Consulting
3.3","Chicago, IL","Frisco, TX",1 to 50 employees,-1,Company - Private,Consulting,Business Services,Less than $1 million (USD),-1,0
Clinical Practice Data Analyst Specialist (Clinical Research Data Manager) Mile Square Main (Job ID,97-129 ,97,129,113.0,1.7,"UI Health
1.7","Chicago, IL","Iowa City, IA",5001 to 10000 employees,-1,Company - Private,Health Care Services & Hospitals,Health Care,Unknown / Non-Applicable,-1,0
Data Analyst IV,97-129 ,97,129,113.0,3.5,"Robert Half
3.5","Chicago, IL","Menlo Park, CA",10000+ employees,1948,Company - Public,Staffing & Outsourcing,Business Services,$2 to $5 billion (USD),"Adecco, Manpower",0
"Sr. Data Analyst - Analytics, Marketing, CPG",97-129 ,97,129,113.0,5.0,"Jobot
5.0","Chicago, IL","Irvine, CA",51 to 200 employees,2018,Company - Private,Staffing & Outsourcing,Business Services,$25 to $50 million (USD),-1,0
SAP Data Management Analyst,97-129 ,97,129,113.0,4.3,"Square One Resources
4.3","Chicago, IL","London, United Kingdom",51 to 200 employees,1995,Company - Private,Staffing & Outsourcing,Business Services,$50 to $100 million (USD),-1,0
Senior Marketing Data Analyst (Real Estate),97-129 ,97,129,113.0,4.6,"Esquire Recruiting
4.6","Chicago, IL","Lincolnshire, IL",1 to 50 employees,2012,Company - Private,Staffing & Outsourcing,Business Services,$1 to $5 million (USD),-1,1
Logistics Data Analyst II,97-129 ,97,129,113.0,-1.0,Source Alliance Network LLC,"Chicago, IL","Chicago, IL",1 to 50 employees,2010,Company - Private,Transportation Management,Transportation & Logistics,Unknown / Non-Applicable,-1,0
"Senior Analyst, Data Analytics",97-129 ,97,129,113.0,3.0,"Walgreens
3.0","Deerfield, IL","Deerfield, IL",10000+ employees,1901,Company - Public,Drug & Health Stores,Retail,$10+ billion (USD),"CVS Health, Target, Walmart",0
Senior Data Analyst - Informatics,97-129 ,97,129,113.0,3.3,"Tempus
3.3","Chicago, IL","Washington, DC",51 to 200 employees,1999,Company - Private,Financial Transaction Processing,Finance,$1 to $2 billion (USD),-1,0
Data Quality Analyst-Product Content Specialist,97-129 ,97,129,113.0,3.0,"Steiner Electric Co
3.0","Elk Grove Village, IL","Elk Grove Village, IL",201 to 500 employees,1916,Company - Private,Wholesale,Business Services,$1 to $5 million (USD),-1,0
Technical Web Data Collection Analyst,97-129 ,97,129,113.0,-1.0,Hotel Compete,"Chicago, IL",-1,-1,-1,-1,-1,-1,-1,-1,0
Sr. Sales Operations & Data Analyst,97-129 ,97,129,113.0,5.0,"Xeris Pharmaceuticals, Inc.
5.0","Chicago, IL","Chicago, IL",51 to 200 employees,-1,Company - Public,Biotech & Pharmaceuticals,Biotech & Pharmaceuticals,Unknown / Non-Applicable,-1,0
Sales Data Analyst,97-129 ,97,129,113.0,4.0,"Sahara Management Inc.
4.0","Rolling Meadows, IL","Seattle, WA",1 to 50 employees,-1,Company - Private,-1,-1,Unknown / Non-Applicable,-1,0
Lead Data Analyst,97-129 ,97,129,113.0,2.2,"IlliniCare Health Plan
2.2","Chicago, IL","Saint Louis, MO",1001 to 5000 employees,-1,Company - Public,-1,-1,Unknown / Non-Applicable,-1,0
Senior Healthcare Data Analyst,97-129 ,97,129,113.0,-1.0,Medical Home Network,"Chicago, IL","Chicago, IL",Unknown,-1,Company - Public,-1,-1,Unknown / Non-Applicable,-1,0
Senior data analyst,97-129 ,97,129,113.0,2.7,"TechUSA
2.7","Chicago, IL","Millersville, MD",1001 to 5000 employees,1998,Company - Private,Staffing & Outsourcing,Business Services,$100 to $500 million (USD),-1,0
Data Analyst (MPI),97-129 ,97,129,113.0,3.2,"Metropolitan Family Services
3.2","Chicago, IL","Chicago, IL",201 to 500 employees,1857,Company - Private,Membership Organizations,Business Services,$50 to $100 million (USD),-1,0
"Senior Data Analyst, Sales",97-129 ,97,129,113.0,3.5,"Flexport
3.5","Chicago, IL","San Francisco, CA",1001 to 5000 employees,2013,Company - Private,Logistics & Supply Chain,Transportation & Logistics,$500 million to $1 billion (USD),-1,0
Sr. BI Data Analyst / QlikSense,97-129 ,97,129,113.0,-1.0,Kbyte Systems LLC.,"Chicago, IL",-1,-1,-1,-1,-1,-1,-1,-1,0
Data Governance and Analytics Analyst,68-87 ,68,87,77.5,2.7,"TechUSA
2.7","Chicago, IL","Millersville, MD",1001 to 5000 employees,1998,Company - Private,Staffing & Outsourcing,Business Services,$100 to $500 million (USD),-1,0
R & Python / Sr. Information Data Analyst,68-87 ,68,87,77.5,-1.0,Kbyte Systems LLC.,"Chicago, IL",-1,-1,-1,-1,-1,-1,-1,-1,0
Clinical Practice Data Analyst Specialist (Clinical Research Data Manager) - Mile Square Main,68-87 ,68,87,77.5,3.3,"University of Illinois Hospital & Health Sciences System
3.3","Chicago, IL","Chicago, IL",1001 to 5000 employees,1859,College / University,Health Care Services & Hospitals,Health Care,Unknown / Non-Applicable,-1,0
Lead Data Analyst,68-87 ,68,87,77.5,3.3,"Centene Corporation
3.3","Chicago, IL","Saint Louis, MO",10000+ employees,1984,Company - Public,Insurance Carriers,Insurance,$10+ billion (USD),-1,0
Clinical Practice Data Analyst Specialist,68-87 ,68,87,77.5,4.1,"University of Illinois at Chicago
4.1","Chicago, IL","Chicago, IL",Unknown,1982,College / University,Colleges & Universities,Education,Unknown / Non-Applicable,-1,0
Sr. Business Analyst Data Privacy,68-87 ,68,87,77.5,2.8,"RiverPoint
2.8","Chicago, IL","Pittsburgh, PA",1 to 50 employees,2013,Company - Private,Advertising & Marketing,Business Services,Unknown / Non-Applicable,-1,0
SAS Analyst / Data Analytics /Sr. information Data Analyst,68-87 ,68,87,77.5,-1.0,Kbyte Systems LLC.,"Chicago, IL",-1,-1,-1,-1,-1,-1,-1,-1,0
IT Risk and Compliance Data Reporting Analyst,68-87 ,68,87,77.5,-1.0,TalentDash,"Chicago, IL","Singapore, Singapore",1 to 50 employees,2014,Company - Private,Enterprise Software & Network Solutions,Information Technology,Unknown / Non-Applicable,-1,0
Analyst IV Systems - Data Engineering,68-87 ,68,87,77.5,3.9,"Retail Business Services, LLC
3.9","Chicago, IL","Salisbury, NC",1001 to 5000 employees,-1,Company - Public,Food & Beverage Stores,Retail,Unknown / Non-Applicable,-1,0
Data Analyst Alteryx Experience MUST,68-87 ,68,87,77.5,3.7,"22nd Century Technologies
3.7","Chicago, IL","Somerset, NJ",1001 to 5000 employees,1997,Company - Private,IT Services,Information Technology,$25 to $50 million (USD),-1,1
Sr. Business Analyst Data Privacy,68-87 ,68,87,77.5,3.8,"RiverPoint
3.8","Chicago, IL","Des Plaines, IL",1 to 50 employees,1988,Company - Private,Accounting,Accounting & Legal,$5 to $10 million (USD),-1,0
SAS Data Analyst,68-87 ,68,87,77.5,4.0,"Lorven Technologies Inc
4.0","Arlington Heights, IL","Plainsboro, NJ",1 to 50 employees,-1,Company - Private,Accounting,Accounting & Legal,Less than $1 million (USD),-1,0
Business Systems Analyst III - Data Engineering(Lead Product Owner),68-87 ,68,87,77.5,3.0,"Walgreens
3.0","Deerfield, IL","Deerfield, IL",10000+ employees,1901,Company - Public,Drug & Health Stores,Retail,$10+ billion (USD),"CVS Health, Target, Walmart",0
Sr. Data Governance Business Analyst,68-87 ,68,87,77.5,-1.0,Carnegie Soft,"Chicago, IL",-1,-1,-1,-1,-1,-1,-1,-1,0
Data Scientist Sr. - Conversation Designer & NLP Analyst,68-87 ,68,87,77.5,3.4,"PNC Financial Services Group
3.4","Downers Grove, IL","Pittsburgh, PA",10000+ employees,1845,Company - Public,Banks & Credit Unions,Finance,$10+ billion (USD),"J.P. Morgan, Bank of America",0
Data analyst with Bigdata,68-87 ,68,87,77.5,4.0,"Lorven Technologies Inc
4.0","Chicago, IL","Plainsboro, NJ",1 to 50 employees,-1,Company - Private,Accounting,Accounting & Legal,Less than $1 million (USD),-1,0
Data Analyst,29-38 ,29,38,33.5,4.1,"N.F. Smith & Associates
4.1","Houston, TX","Houston, TX",201 to 500 employees,1984,Company - Private,Wholesale,Business Services,$1 to $2 billion (USD),"Converge, Future Electronics, Advanced MP Technology",0
Data Analyst I,29-38 ,29,38,33.5,2.8,"Virtus Partners LLC
2.8","Houston, TX","Houston, TX",201 to 500 employees,2005,Company - Private,Investment Banking & Asset Management,Finance,$10 to $25 million (USD),-1,0
Data Analyst,29-38 ,29,38,33.5,3.0,"Smith and Associates
3.0","Houston, TX","Clinton, MD",1 to 50 employees,-1,Self-employed,Legal,Accounting & Legal,$1 to $5 million (USD),-1,0
Data Analyst,29-38 ,29,38,33.5,3.5,"Andiamo
3.5","Houston, TX","Warren, MI",201 to 500 employees,-1,Company - Private,Casual Restaurants,"Restaurants, Bars & Food Services",$1 to $5 million (USD),-1,0
Data Quality Analyst,29-38 ,29,38,33.5,3.6,"Crown Castle USA Inc
3.6","Houston, TX","Houston, TX",1001 to 5000 employees,1994,Company - Public,Telecommunications Services,Telecommunications,$2 to $5 billion (USD),"American Tower, SBA Communications, TowerCo LLC",0
Financial Data Analyst,29-38 ,29,38,33.5,2.7,"Luminess Cosmetics
2.7","Stafford, TX","Stafford, TX",51 to 200 employees,2007,Company - Private,Consumer Products Manufacturing,Manufacturing,Unknown / Non-Applicable,-1,0
Cost Data Analyst,29-38 ,29,38,33.5,3.9,"Mondo
3.9","Houston, TX","New York, NY",51 to 200 employees,2000,Company - Private,Staffing & Outsourcing,Business Services,$100 to $500 million (USD),"Robert Half, Insight Global",0
Data Analyst,29-38 ,29,38,33.5,3.9,"cPanel
3.9","Houston, TX","Houston, TX",201 to 500 employees,1997,Company - Private,Computer Hardware & Software,Information Technology,Unknown / Non-Applicable,-1,0
"Data Analyst, Reporting",29-38 ,29,38,33.5,3.4,"Harris County
3.4","Houston, TX","Houston, TX",5001 to 10000 employees,1966,Government,Health Care Services & Hospitals,Health Care,$100 to $500 million (USD),-1,0
Product and Data Analyst,29-38 ,29,38,33.5,-1.0,Entera,"Houston, TX","New York, NY",Unknown,-1,Company - Private,Real Estate,Real Estate,Unknown / Non-Applicable,-1,0
Data Analyst - 20,29-38 ,29,38,33.5,4.8,"Genesys Talent
4.8","Houston, TX","Houston, TX",1 to 50 employees,2014,Company - Private,Staffing & Outsourcing,Business Services,Unknown / Non-Applicable,-1,0
Data Analyst,29-38 ,29,38,33.5,3.1,"Horne LLP
3.1","Houston, TX","Ridgeland, MS",501 to 1000 employees,1962,Company - Private,Accounting,Accounting & Legal,$50 to $100 million (USD),"Carr Riggs & Ingram, Cherry Bekaert, LBMC",0
"Analyst, Data Mgmt / Quant Analysis",29-38 ,29,38,33.5,3.2,"The Bank of New York Mellon
3.2","Houston, TX","New York, NY",10000+ employees,1784,Company - Public,Investment Banking & Asset Management,Finance,$10+ billion (USD),"State Street, Northern Trust, BlackRock",0
Data Analyst,29-38 ,29,38,33.5,4.0,"McLane Global
4.0","Houston, TX","Houston, TX",51 to 200 employees,1955,Company - Private,Wholesale,Business Services,$100 to $500 million (USD),"Transnational Foods, One Source Distributors",0
Data Analyst,29-38 ,29,38,33.5,-1.0,H-GAC,"Houston, TX",-1,-1,-1,-1,-1,-1,-1,-1,0
Data Analyst & Healthcare Analytics,29-38 ,29,38,33.5,3.6,"Kelsey-Seybold Medical Group
3.6","Pearland, TX","Pearland, TX",1001 to 5000 employees,1949,Private Practice / Firm,Health Care Services & Hospitals,Health Care,$100 to $500 million (USD),-1,0
Data Analyst,29-38 ,29,38,33.5,4.3,"Pareto Systems
4.3","Stafford, TX","Stafford, TX",1 to 50 employees,2012,Company - Private,IT Services,Information Technology,$1 to $5 million (USD),-1,0
Business Analyst Data Governance,29-38 ,29,38,33.5,4.1,"Arthur Lawrence
4.1","Houston, TX","Upland, CA",201 to 500 employees,2003,Company - Private,Consulting,Business Services,Less than $1 million (USD),-1,0
Data Analyst,29-38 ,29,38,33.5,-1.0,Houston Exponential,"Houston, TX",-1,-1,-1,-1,-1,-1,-1,-1,0
Data Analyst,29-38 ,29,38,33.5,2.5,"Houston-Galveston Area Council
2.5","Houston, TX","Houston, TX",51 to 200 employees,1966,Government,Municipal Governments,Government,$100 to $500 million (USD),-1,0
XYZ Data Analyst,29-38 ,29,38,33.5,3.7,"Rosen
3.7","Houston, TX","Stans, Switzerland",201 to 500 employees,-1,Company - Private,Oil & Gas Services,"Oil, Gas, Energy & Utilities",$100 to $500 million (USD),GE,0
Data & Reporting Analyst,29-38 ,29,38,33.5,-1.0,"Imperastaff, LLC","Houston, TX","Houston, TX",Unknown,-1,Company - Public,-1,-1,Unknown / Non-Applicable,-1,0
Performance Data Analyst,29-38 ,29,38,33.5,3.7,"Randstad US
3.7","Houston, TX","Atlanta, GA",1001 to 5000 employees,-1,Subsidiary or Business Segment,Staffing & Outsourcing,Business Services,Unknown / Non-Applicable,-1,0
Data Analyst II,29-38 ,29,38,33.5,4.9,"Competentia Holding
4.9","Houston, TX","Stavanger, Norway",501 to 1000 employees,-1,Company - Private,-1,-1,Unknown / Non-Applicable,-1,0
Data Analyst II,29-38 ,29,38,33.5,3.6,"FIS
3.6","Houston, TX","Jacksonville, FL",10000+ employees,1968,Company - Public,Financial Transaction Processing,Finance,$10+ billion (USD),"Fiserv, First Data, Jack Henry & Associates",0
Business Analyst (Data Integration/Salesforce),29-38 ,29,38,33.5,3.9,"Mondo
3.9","Houston, TX","New York, NY",51 to 200 employees,2000,Company - Private,Staffing & Outsourcing,Business Services,$100 to $500 million (USD),"Robert Half, Insight Global",0
Compensation & HR Data Analyst,29-38 ,29,38,33.5,3.9,"Avetta, LLC
3.9","Houston, TX","Orem, UT",201 to 500 employees,2004,Company - Private,Enterprise Software & Network Solutions,Information Technology,$100 to $500 million (USD),-1,1
Data Quality Analyst,29-38 ,29,38,33.5,4.0,"Lorven Technologies Inc
4.0","Houston, TX","Plainsboro, NJ",1 to 50 employees,-1,Company - Private,Accounting,Accounting & Legal,Less than $1 million (USD),-1,0
Data Expert Analyst/Modeler,29-38 ,29,38,33.5,4.8,"InvenTech Info
4.8","Houston, TX","Bengaluru, India",201 to 500 employees,2010,Company - Private,IT Services,Information Technology,$1 to $5 million (USD),-1,0
Data Quality Analyst,47-76 ,47,76,61.5,4.2,"Centraprise
4.2","Houston, TX","Edison, NJ",51 to 200 employees,-1,Company - Private,IT Services,Information Technology,Less than $1 million (USD),-1,0
Data Analyst,47-76 ,47,76,61.5,5.0,"Staffigo Technical Services, LLC
5.0","Houston, TX","Woodridge, IL",51 to 200 employees,2008,Company - Private,IT Services,Information Technology,$50 to $100 million (USD),-1,0
Data Warehouse Analyst - PL/SQL - 10,47-76 ,47,76,61.5,4.7,"National Computing Group
4.7","Houston, TX","Pittsburgh, PA",1 to 50 employees,1986,Company - Private,IT Services,Information Technology,Unknown / Non-Applicable,-1,0
Operations Data Analyst,47-76 ,47,76,61.5,2.5,"HealthHelp
2.5","Houston, TX","Houston, TX",201 to 500 employees,1999,Subsidiary or Business Segment,Health Care Services & Hospitals,Health Care,$50 to $100 million (USD),-1,0
Data Quality Analyst,47-76 ,47,76,61.5,4.8,"InvenTech Info
4.8","Houston, TX","Bengaluru, India",201 to 500 employees,2010,Company - Private,IT Services,Information Technology,$1 to $5 million (USD),-1,0
Data Analyst MDM,47-76 ,47,76,61.5,1.0,"Encore Consulting Services
1.0","Houston, TX","Arlington Heights, IL",1 to 50 employees,-1,Company - Private,-1,-1,$5 to $10 million (USD),-1,0
"Data Analyst (LiDar, Ortho/Imagery)",47-76 ,47,76,61.5,2.4,"GeoDigital
2.4","Houston, TX","Atlanta, GA",51 to 200 employees,2005,Company - Private,Computer Hardware & Software,Information Technology,$25 to $50 million (USD),-1,0
Aircraft Data Analyst,47-76 ,47,76,61.5,3.3,"ForeFlight
3.3","Houston, TX",-1,51 to 200 employees,-1,Company - Private,-1,-1,Unknown / Non-Applicable,-1,0
Data Analyst Lead - SAP,47-76 ,47,76,61.5,3.8,"Capgemini
3.8","Houston, TX","Paris, France",10000+ employees,1967,Company - Public,Enterprise Software & Network Solutions,Information Technology,$10+ billion (USD),"Accenture, CGI, Sopra Steria",0
Environmental Data Analyst - Disaster Recovery,47-76 ,47,76,61.5,3.5,"ICF
3.5","Houston, TX","Fairfax, VA",5001 to 10000 employees,1999,Company - Public,Consulting,Business Services,$1 to $2 billion (USD),"Booz Allen Hamilton, Abt Associates, Oliver Wyman",0
Data Analyst Manager,47-76 ,47,76,61.5,3.5,"Andiamo
3.5","Houston, TX","Warren, MI",201 to 500 employees,-1,Company - Private,Casual Restaurants,"Restaurants, Bars & Food Services",$1 to $5 million (USD),-1,0
Data Warehouse Analyst,47-76 ,47,76,61.5,3.0,"G.A.S. Global
3.0","Houston, TX","Sugar Land, TX",10000+ employees,1970,Company - Private,Consulting,Business Services,$100 to $500 million (USD),-1,0
Data Warehouse Analyst,47-76 ,47,76,61.5,5.0,"Purity Technology LLC
5.0","Houston, TX","Cypress, TX",1 to 50 employees,-1,Company - Private,-1,-1,Unknown / Non-Applicable,-1,0
Data Analyst III (Healthcare Analytics),47-76 ,47,76,61.5,2.0,"Corporate
2.0","Houston, TX","Greenville, SC",1001 to 5000 employees,-1,Company - Private,-1,-1,Unknown / Non-Applicable,-1,0
Data Warehouse Analyst,47-76 ,47,76,61.5,3.5,"Robert Half
3.5","Houston, TX","Menlo Park, CA",10000+ employees,1948,Company - Public,Staffing & Outsourcing,Business Services,$2 to $5 billion (USD),"Adecco, Manpower",0
MDM Data Analyst,47-76 ,47,76,61.5,4.1,"Arthur Lawrence
4.1","Houston, TX","Upland, CA",201 to 500 employees,2003,Company - Private,Consulting,Business Services,Less than $1 million (USD),-1,0
Data Analyst - Report Writer,47-76 ,47,76,61.5,4.6,"EAG Services
4.6","Houston, TX","Houston, TX",1 to 50 employees,-1,Company - Private,Consulting,Business Services,$1 to $5 million (USD),-1,0
Omnichannel Marketing Data Analyst,47-76 ,47,76,61.5,3.6,"Sun and Ski Sports
3.6","Houston, TX","Houston, TX",501 to 1000 employees,1980,Company - Private,Sporting Goods Stores,Retail,Less than $1 million (USD),-1,0
Senior Data Analyst,47-76 ,47,76,61.5,3.4,"Harris County
3.4","Houston, TX","Houston, TX",5001 to 10000 employees,1966,Government,Health Care Services & Hospitals,Health Care,$100 to $500 million (USD),-1,0
Data Modeler/Data Analyst,47-76 ,47,76,61.5,4.2,"Simplex info systems Inc,
4.2","Houston, TX","Nashua, NH",1 to 50 employees,-1,Company - Private,IT Services,Information Technology,Less than $1 million (USD),-1,0
Data Collector/Analyst (Entry Level),47-76 ,47,76,61.5,3.6,"Army Houston Recruiting Battalion
3.6","Houston, TX","Fort Knox, KY",201 to 500 employees,1822,Government,Federal Agencies,Government,Unknown / Non-Applicable,-1,0
Data Analyst III (Healthcare Analytics),47-76 ,47,76,61.5,3.7,"Wellcare
3.7","Houston, TX","Tampa, FL",5001 to 10000 employees,1985,Company - Public,Insurance Carriers,Insurance,$10+ billion (USD),"Anthem, Molina Healthcare, Humana",0
Data Warehouse Analyst,47-76 ,47,76,61.5,2.9,"Yochana
2.9","Houston, TX","Farmington Hills, MI",201 to 500 employees,2009,Company - Private,Staffing & Outsourcing,Business Services,$50 to $100 million (USD),-1,0
Data Governance Analyst,47-76 ,47,76,61.5,-1.0,SM LOgics Inc,"Sugar Land, TX","Carrollton, TX",Unknown,-1,Company - Public,-1,-1,Unknown / Non-Applicable,-1,0
Data Quality Analyst,47-76 ,47,76,61.5,2.7,"TechUSA
2.7","Pasadena, TX","Millersville, MD",1001 to 5000 employees,1998,Company - Private,Staffing & Outsourcing,Business Services,$100 to $500 million (USD),-1,0
Data Analyst III (Healthcare Analytics),47-76 ,47,76,61.5,3.3,"Centene Corporation
3.3","Houston, TX","Saint Louis, MO",10000+ employees,1984,Company - Public,Insurance Carriers,Insurance,$10+ billion (USD),-1,0
Data Analyst III,47-76 ,47,76,61.5,2.8,"Virtus Partners LLC
2.8","Houston, TX","Houston, TX",201 to 500 employees,2005,Company - Private,Investment Banking & Asset Management,Finance,$10 to $25 million (USD),-1,0
CBO Data Analyst,47-76 ,47,76,61.5,3.6,"Kelsey Seybold Clinic
3.6","Pearland, TX","Pearland, TX",1001 to 5000 employees,1949,Private Practice / Firm,Health Care Services & Hospitals,Health Care,$100 to $500 million (USD),-1,0
Lead Quality Data Analyst,74-123 ,74,123,98.5,3.4,"Harris Health System
3.4","Houston, TX","Houston, TX",5001 to 10000 employees,1966,Government,Health Care Services & Hospitals,Health Care,$100 to $500 million (USD),-1,0
Master Data Management Analyst,74-123 ,74,123,98.5,3.6,"Delphi-US
3.6","Houston, TX","Newport, RI",1 to 50 employees,-1,Company - Private,Staffing & Outsourcing,Business Services,Less than $1 million (USD),-1,0
DATA WAREHOUSE ANALYST III,74-123 ,74,123,98.5,4.7,"Sharpedge Solutions Inc
4.7","Houston, TX","Lombard, IL",Unknown,-1,Company - Private,Publishing,Media,Less than $1 million (USD),-1,0
Senior Data Analyst,74-123 ,74,123,98.5,4.5,"Smith Hanley Associates
4.5","Houston, TX","New York, 061",1 to 50 employees,1980,Company - Private,Staffing & Outsourcing,Business Services,Unknown / Non-Applicable,"Kforce, PageGroup, Robert Half",0
Master Data Analyst,74-123 ,74,123,98.5,-1.0,AllRedi,"Pasadena, TX",-1,-1,-1,-1,-1,-1,-1,-1,0
Data Warehouse Analyst PL/SQL,74-123 ,74,123,98.5,4.7,"National Computing Group
4.7","Houston, TX","Pittsburgh, PA",1 to 50 employees,1986,Company - Private,IT Services,Information Technology,Unknown / Non-Applicable,-1,0
Sr. Data Governance Analyst,74-123 ,74,123,98.5,3.6,"Crown Castle USA Inc
3.6","Houston, TX","Houston, TX",1001 to 5000 employees,1994,Company - Public,Telecommunications Services,Telecommunications,$2 to $5 billion (USD),"American Tower, SBA Communications, TowerCo LLC",0
Role: Data Warehouse Analyst - Direct Client.,74-123 ,74,123,98.5,4.0,"Infomerica, Inc
4.0","Houston, TX","Cary, NC",501 to 1000 employees,1998,Company - Private,IT Services,Information Technology,$100 to $500 million (USD),-1,0
eDiscovery Data Analyst,74-123 ,74,123,98.5,4.0,"Servient
4.0","Houston, TX","Houston, TX",51 to 200 employees,2004,Company - Private,Enterprise Software & Network Solutions,Information Technology,$10 to $25 million (USD),-1,0
Senior Data Operations Analyst,74-123 ,74,123,98.5,3.6,"Kelsey Seybold Clinic
3.6","Pearland, TX","Pearland, TX",1001 to 5000 employees,1949,Private Practice / Firm,Health Care Services & Hospitals,Health Care,$100 to $500 million (USD),-1,0
Accounts Receivable Analyst (Data Entry),74-123 ,74,123,98.5,2.0,"Premier Medical Resources
2.0","Houston, TX","Houston, TX",201 to 500 employees,-1,Company - Private,-1,-1,Unknown / Non-Applicable,-1,0
Data Governance Business Analyst,74-123 ,74,123,98.5,3.8,"Icon Consultants
3.8","Houston, TX","Houston, TX",1001 to 5000 employees,1998,Company - Private,Staffing & Outsourcing,Business Services,$100 to $500 million (USD),-1,0
"Data Management Analyst - Internal Medicine, Infectious",74-123 ,74,123,98.5,4.0,"UTHealth Houston
4.0","Houston, TX","Houston, TX",5001 to 10000 employees,1972,College / University,Colleges & Universities,Education,$1 to $2 billion (USD),-1,0
"Lead Analyst, Data Mgmt / Quant Analysis",74-123 ,74,123,98.5,3.2,"The Bank of New York Mellon
3.2","Houston, TX","New York, NY",10000+ employees,1784,Company - Public,Investment Banking & Asset Management,Finance,$10+ billion (USD),"State Street, Northern Trust, BlackRock",0
HCC Data Analyst,74-123 ,74,123,98.5,3.6,"Kelsey Seybold Clinic
3.6","Pearland, TX","Pearland, TX",1001 to 5000 employees,1949,Private Practice / Firm,Health Care Services & Hospitals,Health Care,$100 to $500 million (USD),-1,0
Business Analyst - IT Data Warehouse,74-123 ,74,123,98.5,3.2,"Radiology Partners
3.2","Houston, TX","El Segundo, CA",1001 to 5000 employees,2012,Company - Private,Health Care Services & Hospitals,Health Care,Unknown / Non-Applicable,-1,0
VBA Software developer / IT Data Analyst SQL,74-123 ,74,123,98.5,4.4,"The Jupiter Group
4.4","Spring, TX","Pearland, TX",51 to 200 employees,-1,Unknown,Staffing & Outsourcing,Business Services,Less than $1 million (USD),-1,0
Healthcare Information and Data Analyst II,74-123 ,74,123,98.5,3.6,"Kelsey-Seybold Medical Group
3.6","Pearland, TX","Pearland, TX",1001 to 5000 employees,1949,Private Practice / Firm,Health Care Services & Hospitals,Health Care,$100 to $500 million (USD),-1,0
Software Engineer/Data Analyst,74-123 ,74,123,98.5,5.0,"Crawford Thomas Recruiting
5.0","Houston, TX","Orlando, FL",51 to 200 employees,2007,Company - Private,Staffing & Outsourcing,Business Services,$10 to $25 million (USD),-1,0
"Financial Data Analyst - Data Mining, Analytics, Reporting",74-123 ,74,123,98.5,5.0,"Jobot
5.0","Sugar Land, TX","Irvine, CA",51 to 200 employees,2018,Company - Private,Staffing & Outsourcing,Business Services,$25 to $50 million (USD),-1,0
Splunk SME / Data Analyst _ TXho_,74-123 ,74,123,98.5,-1.0,Talbridge Corporation,"Houston, TX","Houston, TX",51 to 200 employees,1996,Contract,Staffing & Outsourcing,Business Services,$1 to $5 million (USD),-1,0
Data Warehouse Analyst III,74-123 ,74,123,98.5,3.7,"eTeam Inc.
3.7","Houston, TX","South Plainfield, NJ",51 to 200 employees,1999,Company - Private,Staffing & Outsourcing,Business Services,$50 to $100 million (USD),"Artech Information Systems, Mindlance, Tech Mahindra",0
Contract data validation analyst,74-123 ,74,123,98.5,3.8,"LanceSoft Inc
3.8","Houston, TX","Herndon, VA",1001 to 5000 employees,2000,Company - Private,Staffing & Outsourcing,Business Services,$100 to $500 million (USD),"Mindlance, Artech Information Systems, Pyramid Consulting",0
Data Warehouse Analyst III,74-123 ,74,123,98.5,3.0,"Central Business Solutions, Inc
3.0","Houston, TX","Fremont, CA",51 to 200 employees,-1,Company - Private,Consulting,Business Services,$5 to $10 million (USD),-1,0
Electronic Data Interchange Analyst (EDI),74-123 ,74,123,98.5,3.3,"Professional Enrollment Concepts
3.3","Houston, TX","Houston, TX",1 to 50 employees,2011,Company - Private,-1,-1,$1 to $5 million (USD),-1,0
Sr. Data Analyst,74-123 ,74,123,98.5,3.1,"Texas Dow Employees Credit Union
3.1","Sugar Land, TX","Lake Jackson, TX",501 to 1000 employees,1955,Nonprofit Organization,Banks & Credit Unions,Finance,$100 to $500 million (USD),-1,0
Data Expert (Analyst/Modeler),74-123 ,74,123,98.5,4.8,"InvenTech Info
4.8","Houston, TX","Bengaluru, India",201 to 500 employees,2010,Company - Private,IT Services,Information Technology,$1 to $5 million (USD),-1,0
.Net Developer - Program Data Design Analyst,74-123 ,74,123,98.5,2.2,"Harris County Appraisal District
2.2","Houston, TX","Houston, TX",501 to 1000 employees,1980,Government,Municipal Governments,Government,$50 to $100 million (USD),-1,0
Data Analyst,53-94 ,53,94,73.5,3.1,"MUFG
3.1","Tempe, AZ","Tokyo, Japan",10000+ employees,1864,Company - Public,Banks & Credit Unions,Finance,$10+ billion (USD),-1,0
Senior Data Analyst,53-94 ,53,94,73.5,4.4,"Integrate
4.4","Phoenix, AZ","Phoenix, AZ",201 to 500 employees,2010,Company - Private,Enterprise Software & Network Solutions,Information Technology,$25 to $50 million (USD),-1,0
Data Warehouse Analyst II-ST,53-94 ,53,94,73.5,3.2,"Desert Financial Credit Union
3.2","Phoenix, AZ","Phoenix, AZ",1001 to 5000 employees,1939,Company - Public,Banks & Credit Unions,Finance,$50 to $100 million (USD),-1,0
SQL Developer/Data Analyst,53-94 ,53,94,73.5,3.7,"Corbins Electric
3.7","Phoenix, AZ","Phoenix, AZ",501 to 1000 employees,1975,Company - Private,Construction,"Construction, Repair & Maintenance",$100 to $500 million (USD),"DP Electric, Helix Electric, Wilson Electric",0
Jr. Analyst Data/Reporting,53-94 ,53,94,73.5,3.5,"The Judge Group, Inc.
3.5","Phoenix, AZ","Wayne, PA",1001 to 5000 employees,1970,Company - Private,Staffing & Outsourcing,Business Services,$100 to $500 million (USD),"Adecco, Kforce",0
Senior Data Analyst,53-94 ,53,94,73.5,4.0,"Discount Tire
4.0","Scottsdale, AZ","Scottsdale, AZ",10000+ employees,1960,Company - Private,Automotive Parts & Accessories Stores,Retail,$2 to $5 billion (USD),"Big O Tires, Les Schwab Tire Centers, Pep Boys",0
Data Warehouse Analyst III,53-94 ,53,94,73.5,3.2,"Desert Financial Credit Union
3.2","Phoenix, AZ","Phoenix, AZ",1001 to 5000 employees,1939,Company - Public,Banks & Credit Unions,Finance,$50 to $100 million (USD),-1,0
Data Analyst,53-94 ,53,94,73.5,3.5,"Robert Half
3.5","Phoenix, AZ","Menlo Park, CA",10000+ employees,1948,Company - Public,Staffing & Outsourcing,Business Services,$2 to $5 billion (USD),"Adecco, Manpower",0
Data Analyst,53-94 ,53,94,73.5,4.9,"TekCom Resources, Inc.
4.9","Phoenix, AZ","King of Prussia, PA",51 to 200 employees,2005,Company - Private,Staffing & Outsourcing,Business Services,$10 to $25 million (USD),-1,0
Data Analyst,53-94 ,53,94,73.5,4.1,"Viasat
4.1","Phoenix, AZ","Carlsbad, CA",5001 to 10000 employees,1986,Company - Public,Telecommunications Services,Telecommunications,$1 to $2 billion (USD),"Harris, Gogo, Inmarsat",0
Business Data Analyst,53-94 ,53,94,73.5,4.6,"National Education Partners
4.6","Scottsdale, AZ","Scottsdale, AZ",201 to 500 employees,2019,Company - Private,Colleges & Universities,Education,$100 to $500 million (USD),-1,0
Data Analyst,53-94 ,53,94,73.5,3.6,"Parker & Lynch
3.6","Phoenix, AZ","Jacksonville, FL",501 to 1000 employees,1992,Company - Public,Staffing & Outsourcing,Business Services,Unknown / Non-Applicable,-1,0
Data Analyst,53-94 ,53,94,73.5,3.0,"The Accuro Group
3.0","Tempe, AZ","Raleigh, NC",201 to 500 employees,2003,Company - Private,Staffing & Outsourcing,Business Services,Unknown / Non-Applicable,-1,0
Data Analyst,53-94 ,53,94,73.5,3.2,"Modis
3.2","Phoenix, AZ","Zurich, Switzerland",5001 to 10000 employees,1994,Subsidiary or Business Segment,Staffing & Outsourcing,Business Services,$500 million to $1 billion (USD),"TEKsystems, Aerotek",0
Data Analyst,53-94 ,53,94,73.5,2.9,"Gatestone & Co. Inc
2.9","Phoenix, AZ","North York, Canada",1001 to 5000 employees,-1,Company - Private,Staffing & Outsourcing,Business Services,Unknown / Non-Applicable,-1,0
Data Analyst,53-94 ,53,94,73.5,3.9,"Diverse Lynx
3.9","Tempe, AZ","Princeton, NJ",501 to 1000 employees,2002,Company - Private,IT Services,Information Technology,$100 to $500 million (USD),-1,0
Data Analyst,53-94 ,53,94,73.5,3.6,"FAMILY INVOLVEMENT CENTER
3.6","Phoenix, AZ","Phoenix, AZ",1 to 50 employees,2002,Nonprofit Organization,Social Assistance,Non-Profit,$1 to $5 million (USD),-1,0
Data Analyst,53-94 ,53,94,73.5,2.5,"Career Evolutions
2.5","Scottsdale, AZ","Scottsdale, AZ",1 to 50 employees,-1,Company - Private,-1,-1,Less than $1 million (USD),-1,0
Fall 2020 Supply Chain Data Analyst Intern,53-94 ,53,94,73.5,3.6,"ON Semiconductor
3.6","Phoenix, AZ","Phoenix, AZ",10000+ employees,1999,Company - Public,Electrical & Electronic Manufacturing,Manufacturing,$5 to $10 billion (USD),-1,0
Data Experience Analyst,53-94 ,53,94,73.5,3.6,"Charles Schwab
3.6","Phoenix, AZ","San Francisco, CA",10000+ employees,1973,Company - Public,Investment Banking & Asset Management,Finance,$5 to $10 billion (USD),-1,0
Data Analyst,53-94 ,53,94,73.5,4.4,"Softcom Systems
4.4","Tempe, AZ","Princeton, NJ",1 to 50 employees,-1,Company - Private,IT Services,Information Technology,$1 to $5 million (USD),-1,0
Data Analyst,53-94 ,53,94,73.5,-1.0,Door Sales & Installations,"Tempe, AZ",-1,-1,-1,-1,-1,-1,-1,-1,0
"Data Analyst, Marketing",53-94 ,53,94,73.5,4.6,"National Education Partners
4.6","Scottsdale, AZ","Scottsdale, AZ",201 to 500 employees,2019,Company - Private,Colleges & Universities,Education,$100 to $500 million (USD),-1,0
Data Control Business Analyst,53-94 ,53,94,73.5,3.1,"MUFG
3.1","Tempe, AZ","Tokyo, Japan",10000+ employees,1864,Company - Public,Banks & Credit Unions,Finance,$10+ billion (USD),-1,0
Network Security System/Data Analyst,53-94 ,53,94,73.5,3.1,"MUFG
3.1","Tempe, AZ","Tokyo, Japan",10000+ employees,1864,Company - Public,Banks & Credit Unions,Finance,$10+ billion (USD),-1,0
"Data Center Services Analyst I, II, III, or Senior",53-94 ,53,94,73.5,3.4,"Alaska USA
3.4","Glendale, AZ","Anchorage, AK",1001 to 5000 employees,1948,Other Organization,Banks & Credit Unions,Finance,$100 to $500 million (USD),-1,0
Data Analyst,53-94 ,53,94,73.5,2.9,"The Paragon Group
2.9","Scottsdale, AZ","SUNDERLAND, United Kingdom",1001 to 5000 employees,1985,Company - Public,Banks & Credit Unions,Finance,$500 million to $1 billion (USD),-1,0
Central Flow Data Analyst,53-94 ,53,94,73.5,3.9,"Amazon
3.9","Tempe, AZ","Seattle, WA",10000+ employees,1994,Company - Public,Internet,Information Technology,$10+ billion (USD),"Google, Microsoft, Walmart",0
"Data Center Services Analyst I, II, III, or Senior",53-94 ,53,94,73.5,-1.0,AlaskaUSA Mortgage Company,"Glendale, AZ",-1,-1,-1,-1,-1,-1,-1,-1,0
Data Analyst - Data Science and Analytics,46-102 ,46,102,74.0,-1.0,MLWIZ Team,"Phoenix, AZ","North Brunswick, NJ",1 to 50 employees,-1,Company - Private,-1,-1,Unknown / Non-Applicable,-1,0
Data Analyst,46-102 ,46,102,74.0,4.3,"Net Orbit Inc
4.3","Tempe, AZ","Tempe, AZ",501 to 1000 employees,-1,Company - Private,-1,-1,Unknown / Non-Applicable,-1,0
Data Programmer/Analyst,46-102 ,46,102,74.0,4.3,"Arizona State University
4.3","Tempe, AZ","Tempe, AZ",5001 to 10000 employees,1885,College / University,Colleges & Universities,Education,$1 to $2 billion (USD),-1,0
Master Data Operation Analyst,46-102 ,46,102,74.0,3.6,"PK
3.6","Phoenix, AZ","Portland, OR",1001 to 5000 employees,2004,Company - Private,IT Services,Information Technology,$100 to $500 million (USD),-1,0
Data Reporting Analyst,46-102 ,46,102,74.0,3.9,"Mondo
3.9","Phoenix, AZ","New York, NY",51 to 200 employees,2000,Company - Private,Staffing & Outsourcing,Business Services,$100 to $500 million (USD),"Robert Half, Insight Global",0
Data Quality Analyst,46-102 ,46,102,74.0,3.8,"IntraEdge
3.8","Tempe, AZ","Chandler, AZ",501 to 1000 employees,2002,Company - Private,IT Services,Information Technology,$50 to $100 million (USD),-1,0
Analyst (Global Data and Analytics),46-102 ,46,102,74.0,2.9,"Circle K Stores, Inc.
2.9","Tempe, AZ","Tempe, AZ",10000+ employees,1951,Company - Public,Gas Stations,Retail,$2 to $5 billion (USD),-1,0
Senior Business Intelligence Data Analyst,46-102 ,46,102,74.0,3.4,"Shamrock Foods
3.4","Phoenix, AZ","Phoenix, AZ",1001 to 5000 employees,1922,Company - Private,Food & Beverage Manufacturing,Manufacturing,$2 to $5 billion (USD),-1,0
Senior Data Analyst,46-102 ,46,102,74.0,3.4,"Tech Finders
3.4","Phoenix, AZ","Phoenix, AZ",1 to 50 employees,1998,Company - Private,Staffing & Outsourcing,Business Services,Unknown / Non-Applicable,-1,0
System Analyst/Data Analyst/ Data Governance Analyst/ Collibra,46-102 ,46,102,74.0,3.7,"Infotree Service Inc
3.7","Chandler, AZ","Canton, MI",51 to 200 employees,2004,Company - Private,Advertising & Marketing,Business Services,$1 to $5 million (USD),-1,0
Automotive Data Analyst,46-102 ,46,102,74.0,3.1,"O'Reilly Automotive
3.1","Phoenix, AZ","Springfield, MO",10000+ employees,1957,Company - Public,Automotive Parts & Accessories Stores,Retail,$5 to $10 billion (USD),"Advance Auto Parts, AutoZone, NAPA Auto Parts",0
Reporting & Data Analyst,46-102 ,46,102,74.0,-1.0,Sanford Federal,"Phoenix, AZ","Sanford, VA",Unknown,-1,Company - Private,-1,-1,Unknown / Non-Applicable,-1,0
Data/Business Analyst,46-102 ,46,102,74.0,3.1,"Uhaul
3.1","Phoenix, AZ","Reno, NV",10000+ employees,1945,Company - Public,Truck Rental & Leasing,Transportation & Logistics,$10+ billion (USD),-1,0
Data Quality (DQ) Problem Management Analyst,46-102 ,46,102,74.0,3.1,"MUFG
3.1","Tempe, AZ","Tokyo, Japan",10000+ employees,1864,Company - Public,Banks & Credit Unions,Finance,$10+ billion (USD),-1,0
Statistician/Data Analyst/SQL Coder,46-102 ,46,102,74.0,2.5,"Matrix Medical Network
2.5","Scottsdale, AZ","Scottsdale, AZ",1001 to 5000 employees,2001,Company - Private,Health Care Services & Hospitals,Health Care,Unknown / Non-Applicable,-1,0
Business Data Analyst - I,46-102 ,46,102,74.0,2.5,"Avacend, Inc.
2.5","Tempe, AZ","Alpharetta, GA",51 to 200 employees,-1,Company - Private,Staffing & Outsourcing,Business Services,Unknown / Non-Applicable,-1,0
Technology Analyst | Data Management - Data Integration | Informatica,46-102 ,46,102,74.0,3.9,"Kaygen Inc.
3.9","Phoenix, AZ","Irvine, CA",1 to 50 employees,-1,Company - Private,Consulting,Business Services,$1 to $5 million (USD),-1,0
Senior Data Analyst w/ Collibra,46-102 ,46,102,74.0,5.0,"Nucleusteq
5.0","Phoenix, AZ","Phoenix, AZ",201 to 500 employees,2018,Company - Private,IT Services,Information Technology,$10 to $25 million (USD),-1,0
SYSTEMS and DATA ANALYST,46-102 ,46,102,74.0,-1.0,Isaac Elementary School District #5,"Phoenix, AZ",-1,-1,-1,-1,-1,-1,-1,-1,0
Data Modeler / Analyst with Data Steward,46-102 ,46,102,74.0,4.5,"Strategic Systems
4.5","Tempe, AZ","Dublin, OH",201 to 500 employees,2004,Company - Private,IT Services,Information Technology,$10 to $25 million (USD),-1,0
SQL Data Analyst,46-102 ,46,102,74.0,3.3,"Edupoint
3.3","Mesa, AZ","Irvine, CA",1 to 50 employees,-1,Company - Private,Enterprise Software & Network Solutions,Information Technology,Less than $1 million (USD),-1,0
Data Analyst - Financial Advisor Services,46-102 ,46,102,74.0,3.2,"Vanguard
3.2","Scottsdale, AZ","Malvern, PA",10000+ employees,1975,Company - Private,Investment Banking & Asset Management,Finance,Unknown / Non-Applicable,"Charles Schwab, Fidelity Investments, Edward Jones",0
Marketing Data Analyst,46-102 ,46,102,74.0,3.5,"Efinancial
3.5","Tempe, AZ","Bellevue, WA",201 to 500 employees,2001,Company - Private,Insurance Agencies & Brokerages,Insurance,$50 to $100 million (USD),-1,0
CLINICAL DATA ANALYST,46-102 ,46,102,74.0,3.0,"Envision Healthcare
3.0","Phoenix, AZ","Nashville, TN",10000+ employees,2005,Company - Private,Health Care Services & Hospitals,Health Care,Unknown / Non-Applicable,-1,0
Senior Data Analyst,46-102 ,46,102,74.0,-1.0,Bartech Group,"Chandler, AZ","South Holland, IL",51 to 200 employees,-1,Company - Private,Construction,"Construction, Repair & Maintenance",Unknown / Non-Applicable,-1,0
CLINICAL DATA ANALYST,46-102 ,46,102,74.0,3.6,"Envision Physician Services
3.6","Phoenix, AZ","Nashville, TN",10000+ employees,-1,Company - Private,-1,-1,Unknown / Non-Applicable,-1,0
Senior Data and Reporting Analyst,46-102 ,46,102,74.0,4.0,"Saviance Technologies
4.0","Phoenix, AZ","Metuchen, NJ",201 to 500 employees,1999,Company - Private,IT Services,Information Technology,Unknown / Non-Applicable,-1,0
Data analyst,46-102 ,46,102,74.0,3.5,"Atos Syntel Inc.
3.5","Phoenix, AZ","Troy, MI",10000+ employees,1980,Subsidiary or Business Segment,IT Services,Information Technology,$1 to $2 billion (USD),-1,0
Data Analyst/Engineer,43-94 ,43,94,68.5,3.0,"The Accuro Group
3.0","Tempe, AZ","Raleigh, NC",201 to 500 employees,2003,Company - Private,Staffing & Outsourcing,Business Services,Unknown / Non-Applicable,-1,0
Finance Data Analyst,43-94 ,43,94,68.5,4.9,"TekCom Resources, Inc.
4.9","Phoenix, AZ","King of Prussia, PA",51 to 200 employees,2005,Company - Private,Staffing & Outsourcing,Business Services,$10 to $25 million (USD),-1,0
Data Analyst/Business Analyst with SQL,43-94 ,43,94,68.5,3.9,"Diverse Lynx
3.9","Phoenix, AZ","Princeton, NJ",501 to 1000 employees,2002,Company - Private,IT Services,Information Technology,$100 to $500 million (USD),-1,0
Financial Data Analyst,43-94 ,43,94,68.5,4.3,"Na Ali'i
4.3","DC Ranch, AZ","Honolulu, HI",201 to 500 employees,2003,Company - Private,Consulting,Business Services,Unknown / Non-Applicable,-1,0
Technical Business/Data Analyst,43-94 ,43,94,68.5,-1.0,"Capgemini America, Inc.","Tempe, AZ",-1,-1,-1,-1,-1,-1,-1,-1,0
Accounting Data Analyst,43-94 ,43,94,68.5,4.5,"Mastech Digital
4.5","Phoenix, AZ","Moon Township, PA",1001 to 5000 employees,1986,Company - Public,Staffing & Outsourcing,Business Services,$100 to $500 million (USD),-1,0
Data Analyst/Scientist Intern,43-94 ,43,94,68.5,-1.0,Minit Charger,"Tempe, AZ","Cranbury, NJ",1 to 50 employees,-1,Company - Private,Enterprise Software & Network Solutions,Information Technology,Unknown / Non-Applicable,-1,0
Senior Data Analyst,43-94 ,43,94,68.5,-1.0,Discount Tire Corporate Careers,"Scottsdale, AZ",-1,-1,-1,-1,-1,-1,-1,-1,0
Data Engineer/Database Analyst/Data Analyst,43-94 ,43,94,68.5,3.7,"Infotree Service Inc
3.7","Chandler, AZ","Canton, MI",51 to 200 employees,2004,Company - Private,Advertising & Marketing,Business Services,$1 to $5 million (USD),-1,0
Data System Analyst with SQL,43-94 ,43,94,68.5,4.3,"Wilco Source
4.3","Scottsdale, AZ","Santa Clara, CA",51 to 200 employees,-1,Company - Private,-1,-1,Unknown / Non-Applicable,-1,0
Senior Data Analyst,43-94 ,43,94,68.5,-1.0,Green Lion Search Group,"Tempe, AZ",-1,-1,-1,-1,-1,-1,-1,-1,0
ETL QA / Data Analyst,43-94 ,43,94,68.5,4.2,"Pegasus Knowledge Solutions
4.2","Scottsdale, AZ","Schaumburg, IL",201 to 500 employees,-1,Company - Private,Accounting,Accounting & Legal,$1 to $5 million (USD),-1,0
Analyst Pharmacy Quality Data,43-94 ,43,94,68.5,2.7,"AllianceRx Walgreens Prime
2.7","Tempe, AZ","Orlando, FL",1001 to 5000 employees,2017,Company - Private,Biotech & Pharmaceuticals,Biotech & Pharmaceuticals,Unknown / Non-Applicable,-1,0
"Analyst, Global Data Governance & Strategy",43-94 ,43,94,68.5,2.9,"Circle K Stores, Inc.
2.9","Tempe, AZ","Tempe, AZ",10000+ employees,1951,Company - Public,Gas Stations,Retail,$2 to $5 billion (USD),-1,0
SQL/SAS Data Analyst,43-94 ,43,94,68.5,3.6,"Signature Consultants
3.6","Chandler, AZ","Fort Lauderdale, FL",1001 to 5000 employees,1997,Company - Private,Staffing & Outsourcing,Business Services,$100 to $500 million (USD),"ComforceHealth, TEKsystems, Allegis Group",0
Senior Data Analyst,43-94 ,43,94,68.5,-1.0,Pure Flix Digital,"Scottsdale, AZ",-1,-1,-1,-1,-1,-1,-1,-1,0
Risk/Regulatory Reporting Project Data Analyst,43-94 ,43,94,68.5,3.1,"MUFG
3.1","Tempe, AZ","Tokyo, Japan",10000+ employees,1864,Company - Public,Banks & Credit Unions,Finance,$10+ billion (USD),-1,0
Data Architect /Data Modeler/Data Analyst,43-94 ,43,94,68.5,4.4,"Softcom Systems
4.4","Phoenix, AZ","Princeton, NJ",1 to 50 employees,-1,Company - Private,IT Services,Information Technology,$1 to $5 million (USD),-1,0
Data Analyst - Mid-Level,43-94 ,43,94,68.5,3.5,"The Judge Group, Inc.
3.5","Tempe, AZ","Wayne, PA",1001 to 5000 employees,1970,Company - Private,Staffing & Outsourcing,Business Services,$100 to $500 million (USD),"Adecco, Kforce",0
Sr. Data Business Analyst-Docutech,43-94 ,43,94,68.5,3.4,"First American Financial Corporation
3.4","Scottsdale, AZ","Santa Ana, CA",10000+ employees,1889,Company - Public,Insurance Carriers,Insurance,$5 to $10 billion (USD),-1,0
Information Security Data Analyst,43-94 ,43,94,68.5,3.6,"ICST, LLC
3.6","Glendale, AZ","South Portland, ME",501 to 1000 employees,1996,Company - Private,Staffing & Outsourcing,Business Services,Unknown / Non-Applicable,-1,0
Financial and Data Analyst,43-94 ,43,94,68.5,3.8,"Equity Methods
3.8","Scottsdale, AZ","Scottsdale, AZ",51 to 200 employees,-1,Company - Private,Consulting,Business Services,$10 to $25 million (USD),-1,0
Transportation Data Analyst,43-94 ,43,94,68.5,-1.0,Desert Choice Transport,"Glendale, AZ",-1,-1,-1,-1,-1,-1,-1,-1,0
Civil Engineer/GIS Data Analyst,43-94 ,43,94,68.5,3.7,"Stantec
3.7","Chandler, AZ","Edmonton, Canada",10000+ employees,1954,Company - Public,Architectural & Engineering Services,Business Services,$1 to $2 billion (USD),-1,0
IT Data Protection Analyst,43-94 ,43,94,68.5,3.7,"CSAA Insurance Group
3.7","Glendale, AZ","Walnut Creek, CA",1001 to 5000 employees,1914,Company - Private,Insurance Carriers,Insurance,Unknown / Non-Applicable,"GEICO, Allstate, State Farm",0
Business Intelligence - Data Analyst,43-94 ,43,94,68.5,3.8,"Crisis Response Network
3.8","Tempe, AZ","Tempe, AZ",51 to 200 employees,2007,Nonprofit Organization,Health Care Services & Hospitals,Health Care,$25 to $50 million (USD),-1,0
"Junior Data Analyst-Phoenix, AZ",43-94 ,43,94,68.5,5.0,"Georgia IT Inc.
5.0","Phoenix, AZ","Alpharetta, GA",1 to 50 employees,-1,Company - Private,-1,-1,Less than $1 million (USD),-1,0
"Data Analyst- San Antonio, Des Moines",43-94 ,43,94,68.5,4.1,"Kforce
4.1","Chandler, AZ","Tampa, FL",10000+ employees,1966,Company - Public,Staffing & Outsourcing,Business Services,$1 to $2 billion (USD),-1,0
Data Analyst Senior,43-94 ,43,94,68.5,4.1,"Kineticom
4.1","Chandler, AZ","San Diego, CA",201 to 500 employees,2000,Company - Private,Staffing & Outsourcing,Business Services,$25 to $50 million (USD),"NEXTGEN GLOBAL RESOURCES, Wavsys, TEKsystems",0
(Data Analyst) BA/BSA,45-78 ,45,78,61.5,4.1,"InterSources Inc.
4.1","Mesa, AZ","Fremont, CA",51 to 200 employees,2007,Company - Private,Staffing & Outsourcing,Business Services,Unknown / Non-Applicable,-1,0
Card Data Analyst,45-78 ,45,78,61.5,4.0,"GTN Technical Staffing
4.0","Tempe, AZ","Dallas, TX",201 to 500 employees,2000,Company - Private,Staffing & Outsourcing,Business Services,$25 to $50 million (USD),"MATRIX Resources, The Insource Group, TEKsystems",0
"IT Data Analyst, TS/SCI with Poly",45-78 ,45,78,61.5,3.8,"AOC Solutions, Inc.
3.8","DC Ranch, AZ","Chantilly, VA",51 to 200 employees,1996,Company - Private,Computer Hardware & Software,Information Technology,$1 to $5 million (USD),-1,0
"Senior Analyst, Global Data Governance & Strategy",45-78 ,45,78,61.5,2.9,"Circle K Stores, Inc.
2.9","Tempe, AZ","Tempe, AZ",10000+ employees,1951,Company - Public,Gas Stations,Retail,$2 to $5 billion (USD),-1,0
Data Analyst with ETL tools and EDW,45-78 ,45,78,61.5,-1.0,LiveMindz,"Tempe, AZ","Dallas, TX",51 to 200 employees,-1,Company - Private,-1,-1,Unknown / Non-Applicable,-1,0
"Underwriting Analyst (strong data analytics in actuarial, statistics etc)",45-78 ,45,78,61.5,3.1,"Blue Cross Blue Shield of Arizona
3.1","Phoenix, AZ","Phoenix, AZ",1001 to 5000 employees,1939,Nonprofit Organization,Insurance Carriers,Insurance,Unknown / Non-Applicable,-1,0
JPSC-6986 - Data Governance Analyst,45-78 ,45,78,61.5,4.5,"Avani Technology Solutions
4.5","Scottsdale, AZ","Rochester, NY",501 to 1000 employees,2008,Company - Private,IT Services,Information Technology,$50 to $100 million (USD),-1,0
Project Regulatory/Risk Data Analyst,45-78 ,45,78,61.5,3.1,"MUFG
3.1","Tempe, AZ","Tokyo, Japan",10000+ employees,1864,Company - Public,Banks & Credit Unions,Finance,$10+ billion (USD),-1,0
Marketing Data Analyst Coordinator,45-78 ,45,78,61.5,-1.0,AUDACIOUS STUDIOS LLC,"Tempe, AZ","Tempe, AZ",Unknown,-1,Company - Private,-1,-1,Unknown / Non-Applicable,-1,0
Language Data Analyst,45-78 ,45,78,61.5,2.8,"TransPerfect
2.8","Tempe, AZ","New York, NY",1001 to 5000 employees,1992,Company - Private,Consulting,Business Services,$500 million to $1 billion (USD),-1,0
Senior Analyst - Client Data,45-78 ,45,78,61.5,2.9,"CVS Health
2.9","Scottsdale, AZ","Woonsocket, RI",10000+ employees,1963,Company - Public,Health Care Services & Hospitals,Health Care,$10+ billion (USD),"Walmart, Walgreens, Express Scripts",0
Data Analyst II,41-78 ,41,78,59.5,3.6,"Greenphire
3.6","King of Prussia, PA","King of Prussia, PA",201 to 500 employees,2008,Company - Private,Computer Hardware & Software,Information Technology,$50 to $100 million (USD),"DrugDev , Bracket, Bioclinica",0
Data Analyst - Priceguide,41-78 ,41,78,59.5,3.6,"ECRI
3.6","Plymouth Meeting, PA","Plymouth Meeting, PA",201 to 500 employees,1968,Nonprofit Organization,Health Care Services & Hospitals,Health Care,Unknown / Non-Applicable,-1,0
Sr Data Analyst,41-78 ,41,78,59.5,2.3,"United BioSource
2.3","Blue Bell, PA","Blue Bell, PA",1001 to 5000 employees,2003,Other Organization,Biotech & Pharmaceuticals,Biotech & Pharmaceuticals,$100 to $500 million (USD),"Covance, ICON",0
Junior Data Analyst,41-78 ,41,78,59.5,3.2,"Revantage Corporate Services
3.2","Fort Washington, PA","Chicago, IL",201 to 500 employees,2017,Company - Private,Real Estate,Real Estate,Unknown / Non-Applicable,-1,0
Sr. Data Analyst,41-78 ,41,78,59.5,3.6,"Community Behavioral Health
3.6","Philadelphia, PA","Phila, PA",201 to 500 employees,1994,Company - Private,Health Care Services & Hospitals,Health Care,$500 million to $1 billion (USD),-1,0
Data Analyst,41-78 ,41,78,59.5,4.7,"STRATIS IoT Inc
4.7","Philadelphia, PA","Philadelphia, PA",1 to 50 employees,2013,Company - Private,Enterprise Software & Network Solutions,Information Technology,Unknown / Non-Applicable,-1,0
Data Analyst,41-78 ,41,78,59.5,3.9,"Ampcus Incorporated
3.9","Philadelphia, PA","Chantilly, VA",501 to 1000 employees,2004,Company - Private,Consulting,Business Services,$50 to $100 million (USD),-1,0
Data Analyst,41-78 ,41,78,59.5,3.9,"Mondo
3.9","Wilmington, DE","New York, NY",51 to 200 employees,2000,Company - Private,Staffing & Outsourcing,Business Services,$100 to $500 million (USD),"Robert Half, Insight Global",0
Data Analyst - Entry Level,41-78 ,41,78,59.5,-1.0,2000 east westmoreland st llc,"King of Prussia, PA",-1,-1,-1,-1,-1,-1,-1,-1,0
SQL Data Analyst,41-78 ,41,78,59.5,3.9,"Mondo
3.9","Malvern, PA","New York, NY",51 to 200 employees,2000,Company - Private,Staffing & Outsourcing,Business Services,$100 to $500 million (USD),"Robert Half, Insight Global",0
Data Analyst,41-78 ,41,78,59.5,3.8,"Seer Interactive
3.8","Philadelphia, PA","Philadelphia, PA",51 to 200 employees,2002,Company - Private,Internet,Information Technology,Unknown / Non-Applicable,-1,0
Junior Data Analyst,41-78 ,41,78,59.5,5.0,"Staffigo Technical Services, LLC
5.0","Philadelphia, PA","Woodridge, IL",51 to 200 employees,2008,Company - Private,IT Services,Information Technology,$50 to $100 million (USD),-1,0
"Data Analyst, Data & Analytics (Advanced Analytics) Manager (Multiple Positions)",41-78 ,41,78,59.5,-1.0,Ernst & Young LLP,"Philadelphia, PA",-1,-1,-1,-1,-1,-1,-1,-1,0
Data Analyst,41-78 ,41,78,59.5,3.7,"Tetra Tech, Inc.
3.7","Philadelphia, PA","Pasadena, CA",10000+ employees,1966,Company - Public,Architectural & Engineering Services,Business Services,$2 to $5 billion (USD),-1,0
Pharmaceutical Data Analyst,41-78 ,41,78,59.5,5.0,"Keen360, Inc.
5.0","Horsham, PA","King of Prussia, PA",1 to 50 employees,-1,Company - Private,-1,-1,Unknown / Non-Applicable,-1,0
Data Analyst,41-78 ,41,78,59.5,3.5,"The Judge Group, Inc.
3.5","Camden, NJ","Wayne, PA",1001 to 5000 employees,1970,Company - Private,Staffing & Outsourcing,Business Services,$100 to $500 million (USD),"Adecco, Kforce",0
Data Analyst,41-78 ,41,78,59.5,3.8,"Apex Systems
3.8","Philadelphia, PA","Glen Allen, VA",1001 to 5000 employees,1995,Subsidiary or Business Segment,Staffing & Outsourcing,Business Services,$2 to $5 billion (USD),"TEKsystems, Insight Global, Accenture",1
Data Analyst,41-78 ,41,78,59.5,4.2,"Micro-Data Systems, Inc.
4.2","Philadelphia, PA","Holmdel, NJ",51 to 200 employees,1992,Company - Private,IT Services,Information Technology,$10 to $25 million (USD),-1,0
Data Analyst,41-78 ,41,78,59.5,3.3,"Techligent
3.3","Philadelphia, PA","Vienna, VA",1 to 50 employees,-1,Company - Private,IT Services,Information Technology,Less than $1 million (USD),-1,0
Data Analyst - Data Science,41-78 ,41,78,59.5,3.3,"Gopuff
3.3","Philadelphia, PA","Philadelphia, PA",1001 to 5000 employees,2013,Company - Private,Express Delivery Services,Transportation & Logistics,Unknown / Non-Applicable,-1,0
Data Analyst,41-78 ,41,78,59.5,4.1,"Collabera
4.1","Philadelphia, PA","Basking Ridge, NJ",10000+ employees,1991,Company - Private,IT Services,Information Technology,$500 million to $1 billion (USD),"Kforce, Insight Global, Volt Consulting Group",0
Data Reporting Analyst,41-78 ,41,78,59.5,3.9,"Mondo
3.9","Feasterville Trevose, PA","New York, NY",51 to 200 employees,2000,Company - Private,Staffing & Outsourcing,Business Services,$100 to $500 million (USD),"Robert Half, Insight Global",0
Data Analyst,41-78 ,41,78,59.5,4.3,"University of Pennsylvania
4.3","Philadelphia, PA","Philadelphia, PA",10000+ employees,1740,College / University,Colleges & Universities,Education,Unknown / Non-Applicable,"Harvard University, Yale University, Princeton University",0
Data Analyst,41-78 ,41,78,59.5,4.1,"VSE, Inc.
4.1","Feasterville Trevose, PA","Langhorne, PA",1 to 50 employees,-1,Company - Private,"Cable, Internet & Telephone Providers",Telecommunications,$5 to $10 million (USD),-1,0
Data Analyst,41-78 ,41,78,59.5,3.5,"Eastern Metal Recycling
3.5","Camden, NJ","Warrington, United Kingdom",1001 to 5000 employees,-1,Company - Private,Metals Brokers,Mining & Metals,$2 to $5 billion (USD),-1,0
"Data Analyst, Data & Analytics (Advanced Analytics) Manager (Multiple Positions)",41-78 ,41,78,59.5,3.8,"EY
3.8","Philadelphia, PA","London, United Kingdom",10000+ employees,1989,Company - Private,Accounting,Accounting & Legal,$10+ billion (USD),"Deloitte, KPMG, PwC",0
Data Analyst,41-78 ,41,78,59.5,3.6,"Red Tettemer
3.6","Philadelphia, PA","Philadelphia, PA",51 to 200 employees,-1,Company - Private,Advertising & Marketing,Business Services,$10 to $25 million (USD),-1,1
Data Reporting Analyst,41-78 ,41,78,59.5,3.5,"Robert Half
3.5","Philadelphia, PA","Menlo Park, CA",10000+ employees,1948,Company - Public,Staffing & Outsourcing,Business Services,$2 to $5 billion (USD),"Adecco, Manpower",0
"Jr. Data Analyst, Master Data",38-68 ,38,68,53.0,3.2,"IntegriChain
3.2","Philadelphia, PA","Philadelphia, PA",201 to 500 employees,2005,Company - Private,IT Services,Information Technology,$10 to $25 million (USD),-1,0
Data Analyst,38-68 ,38,68,53.0,2.4,"PMHCC Inc.
2.4","Philadelphia, PA","Philadelphia, PA",501 to 1000 employees,1987,Nonprofit Organization,Health Care Services & Hospitals,Health Care,Unknown / Non-Applicable,-1,0
Neuroimaging Data Analyst Junior,38-68 ,38,68,53.0,4.3,"University of Pennsylvania
4.3","Philadelphia, PA","Philadelphia, PA",10000+ employees,1740,College / University,Colleges & Universities,Education,Unknown / Non-Applicable,"Harvard University, Yale University, Princeton University",0
Healthcare Data Analytics Analyst,38-68 ,38,68,53.0,3.1,"AmeriHealth Caritas
3.1","Philadelphia, PA","Philadelphia, PA",5001 to 10000 employees,1983,Company - Private,Insurance Carriers,Insurance,$5 to $10 billion (USD),"UnitedHealth Group, Molina Healthcare, Centene",0
Certified Tumor Registrar/Data Analyst [CTR and experience required],38-68 ,38,68,53.0,3.5,"Temple University Health System
3.5","Philadelphia, PA","Philadelphia, PA",5001 to 10000 employees,-1,Hospital,Health Care Services & Hospitals,Health Care,$500 million to $1 billion (USD),-1,0
Business Systems/Data Analyst [Remote],38-68 ,38,68,53.0,-1.0,Wittij Consulting,"Philadelphia, PA","Smithfield, RI",1 to 50 employees,-1,Unknown,-1,-1,Unknown / Non-Applicable,-1,0
CCB Risk - Fraud Risk Data Analyst - Associate,38-68 ,38,68,53.0,3.9,"JPMorgan Chase & Co.
3.9","Wilmington, DE","New York, NY",10000+ employees,1799,Company - Public,Investment Banking & Asset Management,Finance,$10+ billion (USD),-1,0
Data Analyst,38-68 ,38,68,53.0,5.0,"Staffigo Technical Services, LLC
5.0","Philadelphia, PA","Woodridge, IL",51 to 200 employees,2008,Company - Private,IT Services,Information Technology,$50 to $100 million (USD),-1,0
Analyst Data Intelligence (US),38-68 ,38,68,53.0,2.4,"Avantor
2.4","Radnor, PA","Radnor, PA",10000+ employees,1904,Company - Public,Biotech & Pharmaceuticals,Biotech & Pharmaceuticals,$2 to $5 billion (USD),"Thermo Fisher Scientific, MilliporeSigma, Merck KGaA",0
Healthcare Data Analytics Analyst,38-68 ,38,68,53.0,-1.0,Amerihealth Caritas Health Plan,"Philadelphia, PA",-1,-1,-1,-1,-1,-1,-1,-1,0
Data Analyst,38-68 ,38,68,53.0,4.2,"Tandigm Health LLC
4.2","West Conshohocken, PA","West Conshohocken, PA",51 to 200 employees,2014,Company - Private,Health Care Services & Hospitals,Health Care,Unknown / Non-Applicable,-1,0
Clinical Data Analyst,38-68 ,38,68,53.0,4.3,"University of Pennsylvania
4.3","Philadelphia, PA","Philadelphia, PA",10000+ employees,1740,College / University,Colleges & Universities,Education,Unknown / Non-Applicable,"Harvard University, Yale University, Princeton University",0
Data Analyst - Contract - W2,38-68 ,38,68,53.0,-1.0,Amplify Systems,"Malvern, PA","Salem, NH",1 to 50 employees,-1,Company - Public,IT Services,Information Technology,Less than $1 million (USD),-1,0
Healthcare Data Analyst,38-68 ,38,68,53.0,-1.0,DL Staffing Solutions,"Philadelphia, PA",-1,-1,-1,-1,-1,-1,-1,-1,0
"Data Analyst, Value Based Payment (VBP)",38-68 ,38,68,53.0,2.7,"Change Healthcare
2.7","King of Prussia, PA","Nashville, TN",10000+ employees,2007,Company - Public,IT Services,Information Technology,Unknown / Non-Applicable,-1,0
Data Analyst - Digital Media,38-68 ,38,68,53.0,4.6,"Bryn Mawr Communications LLC
4.6","Wayne, PA","Wayne, PA",1 to 50 employees,-1,Company - Private,Publishing,Media,$1 to $5 million (USD),-1,0
Data Strategy Analyst,38-68 ,38,68,53.0,3.9,"Mondo
3.9","Wilmington, DE","New York, NY",51 to 200 employees,2000,Company - Private,Staffing & Outsourcing,Business Services,$100 to $500 million (USD),"Robert Half, Insight Global",0
Business Data Analyst,38-68 ,38,68,53.0,3.5,"Dextro Software Systems
3.5","Bensalem, PA","Princeton Junction, NJ",51 to 200 employees,1993,Company - Private,IT Services,Information Technology,$10 to $25 million (USD),Vaptech,1
"Senior Data Analyst, Specialist",38-68 ,38,68,53.0,3.2,"Vanguard
3.2","Malvern, PA","Malvern, PA",10000+ employees,1975,Company - Private,Investment Banking & Asset Management,Finance,Unknown / Non-Applicable,"Charles Schwab, Fidelity Investments, Edward Jones",0
Data Analyst/Architect,38-68 ,38,68,53.0,2.7,"TechUSA
2.7","Philadelphia, PA","Millersville, MD",1001 to 5000 employees,1998,Company - Private,Staffing & Outsourcing,Business Services,$100 to $500 million (USD),-1,0
Sr Data Analyst,38-68 ,38,68,53.0,3.9,"Mondo
3.9","Philadelphia, PA","New York, NY",51 to 200 employees,2000,Company - Private,Staffing & Outsourcing,Business Services,$100 to $500 million (USD),"Robert Half, Insight Global",0
Data Analyst - Contractor,38-68 ,38,68,53.0,3.1,"ConnectiveRx
3.1","King of Prussia, PA","Whippany, NJ",1001 to 5000 employees,2015,Company - Private,Biotech & Pharmaceuticals,Biotech & Pharmaceuticals,Unknown / Non-Applicable,-1,0
SQL Data Analyst,38-68 ,38,68,53.0,4.5,"Piper Companies
4.5","Horsham, PA","Mc Lean, VA",201 to 500 employees,2011,Company - Private,Staffing & Outsourcing,Business Services,Unknown / Non-Applicable,-1,0
Data Analyst/Records Management,38-68 ,38,68,53.0,3.8,"Innovative Development, LLC
3.8","Exton, PA","Harleysville, PA",51 to 200 employees,1992,Company - Private,Consulting,Business Services,$10 to $25 million (USD),-1,0
Senior Data Analyst,38-68 ,38,68,53.0,3.2,"Philabundance
3.2","Philadelphia, PA","Philadelphia, PA",201 to 500 employees,-1,Nonprofit Organization,Social Assistance,Non-Profit,Unknown / Non-Applicable,-1,0
Senior Data Analyst,38-68 ,38,68,53.0,4.1,"Collabera
4.1","Philadelphia, PA","Basking Ridge, NJ",10000+ employees,1991,Company - Private,IT Services,Information Technology,$500 million to $1 billion (USD),"Kforce, Insight Global, Volt Consulting Group",0
Business / Data Analyst,38-68 ,38,68,53.0,-1.0,Kforce Technology Staffing,"Wilmington, DE",-1,-1,-1,-1,-1,-1,-1,-1,0
Data Analyst- Remote,38-68 ,38,68,53.0,-1.0,FredBeans,"Doylestown, PA",-1,-1,-1,-1,-1,-1,-1,-1,0
Data Governance Analyst,38-68 ,38,68,53.0,3.5,"Genuent Global, LLC
3.5","Wayne, PA","Houston, TX",201 to 500 employees,2006,Company - Private,Staffing & Outsourcing,Business Services,$100 to $500 million (USD),-1,0
Senior Data Analyst,37-44 ,37,44,40.5,4.3,"University of Pennsylvania
4.3","Philadelphia, PA","Philadelphia, PA",10000+ employees,1740,College / University,Colleges & Universities,Education,Unknown / Non-Applicable,"Harvard University, Yale University, Princeton University",0
Data Analyst- Remote,37-44 ,37,44,40.5,1.8,"Fred Beans Parts, Inc
1.8","Doylestown, PA","Doylestown, PA",51 to 200 employees,-1,Company - Private,-1,-1,$50 to $100 million (USD),-1,0
Senior Healthcare Data Analyst - Multiple Positions,37-44 ,37,44,40.5,3.7,"CHOP
3.7","Philadelphia, PA","Philadelphia, PA",1001 to 5000 employees,1855,Nonprofit Organization,Health Care Services & Hospitals,Health Care,$50 to $100 million (USD),-1,0
Data Analyst D,37-44 ,37,44,40.5,4.3,"University of Pennsylvania
4.3","Philadelphia, PA","Philadelphia, PA",10000+ employees,1740,College / University,Colleges & Universities,Education,Unknown / Non-Applicable,"Harvard University, Yale University, Princeton University",0
Data Analyst,37-44 ,37,44,40.5,3.8,"Login Consulting Services, Inc
3.8","Allegheny West, PA","El Segundo, CA",51 to 200 employees,-1,Company - Private,Consulting,Business Services,$5 to $10 million (USD),-1,0
Data Analyst,37-44 ,37,44,40.5,4.0,"ORS Partners
4.0","Paoli, PA","Audubon, PA",51 to 200 employees,2012,Company - Private,Staffing & Outsourcing,Business Services,$10 to $25 million (USD),-1,0
Data Analyst- Remote,37-44 ,37,44,40.5,3.9,"Fred Beans
3.9","Doylestown, PA","Doylestown, PA",1001 to 5000 employees,-1,Company - Private,Vehicle Dealers,Retail,$1 to $2 billion (USD),-1,0
SQL Data Analyst,37-44 ,37,44,40.5,3.9,"Zachary Piper Solutions, LLC
3.9","Horsham, PA","Mc Lean, VA",51 to 200 employees,2011,Company - Private,Enterprise Software & Network Solutions,Information Technology,$10 to $25 million (USD),-1,0
Business/Data Analyst,37-44 ,37,44,40.5,3.4,"Infinity Consulting Solutions
3.4","Wilmington, DE","New York, NY",501 to 1000 employees,2001,Company - Private,Staffing & Outsourcing,Business Services,$100 to $500 million (USD),"The Judge Group, Addison Group, PageGroup",0
Data and Information Analyst,37-44 ,37,44,40.5,2.4,"PMHCC, Inc.
2.4","Philadelphia, PA","Philadelphia, PA",501 to 1000 employees,1987,Nonprofit Organization,Health Care Services & Hospitals,Health Care,Unknown / Non-Applicable,-1,0
Data Analyst,37-44 ,37,44,40.5,3.2,"Angeion Group
3.2","Chester Township, PA","Philadelphia, PA",1 to 50 employees,-1,Company - Private,Consulting,Business Services,Unknown / Non-Applicable,-1,0
Data Analyst,37-44 ,37,44,40.5,3.8,"iTech Solutions, Inc
3.8","Conshohocken, PA","Farmington, CT",51 to 200 employees,1995,Company - Private,Staffing & Outsourcing,Business Services,$10 to $25 million (USD),-1,0
Data Analyst,37-44 ,37,44,40.5,2.6,"AccessLex Institute
2.6","West Chester, PA","West Chester, PA",51 to 200 employees,-1,Nonprofit Organization,Colleges & Universities,Education,Unknown / Non-Applicable,-1,0
Senior CX Data Analyst,37-44 ,37,44,40.5,3.2,"Vanguard
3.2","Malvern, PA","Malvern, PA",10000+ employees,1975,Company - Private,Investment Banking & Asset Management,Finance,Unknown / Non-Applicable,"Charles Schwab, Fidelity Investments, Edward Jones",0
"Senior Data Management Analyst, Enterprise Data Management, OCDO",37-44 ,37,44,40.5,3.9,"TD Bank
3.9","Mount Laurel, NJ","Toronto, Canada",10000+ employees,1855,Company - Public,Banks & Credit Unions,Finance,$10+ billion (USD),"Chase, BB&T, SunTrust",0
Vertical Lift Data Exploitation Analyst,37-44 ,37,44,40.5,3.7,"Boeing
3.7","Ridley Park, PA","Chicago, IL",10000+ employees,1916,Company - Public,Aerospace & Defense,Aerospace & Defense,$10+ billion (USD),"Lockheed Martin, Northrop Grumman, Airbus",0
Data Governance Analyst,37-44 ,37,44,40.5,4.7,"TeamSoft
4.7","Wayne, PA","Middleton, WI",201 to 500 employees,1996,Company - Private,IT Services,Information Technology,$50 to $100 million (USD),-1,0
Business Data Analyst,37-44 ,37,44,40.5,4.2,"Freedom Mortgage
4.2","Mount Laurel, NJ","Mount Laurel, NJ",1001 to 5000 employees,1990,Company - Private,Investment Banking & Asset Management,Finance,$1 to $2 billion (USD),-1,0
Business Analyst - Data Science & SQL,37-44 ,37,44,40.5,3.5,"Computer Enterprises, Inc.
3.5","Philadelphia, PA","Pittsburgh, PA",501 to 1000 employees,1992,Company - Private,IT Services,Information Technology,$50 to $100 million (USD),"TEKsystems, CGI, SDLC Partners",0
Lead Geophysical Data Analyst,37-44 ,37,44,40.5,3.5,"Weston Solutions Inc.
3.5","West Chester, PA","West Chester, PA",1001 to 5000 employees,1957,Company - Private,Oil & Gas Services,"Oil, Gas, Energy & Utilities",$500 million to $1 billion (USD),-1,0
Sales Data Analyst,37-44 ,37,44,40.5,3.7,"McGrath Systems
3.7","Berwyn, PA","Blue Bell, PA",1 to 50 employees,2005,Company - Private,Staffing & Outsourcing,Business Services,$10 to $25 million (USD),-1,0
Data Analyst,37-44 ,37,44,40.5,-1.0,DL Staffing Solutions,"Newtown, PA",-1,-1,-1,-1,-1,-1,-1,-1,0
Business Analyst/Data Domain Expert,37-44 ,37,44,40.5,3.2,"Numeric, LLC
3.2","Philadelphia, PA","Chadds Ford, PA",1 to 50 employees,-1,Company - Private,Staffing & Outsourcing,Business Services,$5 to $10 million (USD),-1,1
Junior Data Analyst - SQL Programmer,37-44 ,37,44,40.5,2.7,"TechUSA
2.7","Philadelphia, PA","Millersville, MD",1001 to 5000 employees,1998,Company - Private,Staffing & Outsourcing,Business Services,$100 to $500 million (USD),-1,0
Data Analyst,37-44 ,37,44,40.5,4.5,"Piper Companies
4.5","Horsham, PA","Mc Lean, VA",201 to 500 employees,2011,Company - Private,Staffing & Outsourcing,Business Services,Unknown / Non-Applicable,-1,0
Business / Data Analyst,37-44 ,37,44,40.5,4.1,"Kforce
4.1","Wilmington, DE","Tampa, FL",10000+ employees,1966,Company - Public,Staffing & Outsourcing,Business Services,$1 to $2 billion (USD),-1,0
"Business Analyst with Data domain,media",37-44 ,37,44,40.5,-1.0,LiveMindz,"Philadelphia, PA","Dallas, TX",51 to 200 employees,-1,Company - Private,-1,-1,Unknown / Non-Applicable,-1,0
Data Analyst,37-44 ,37,44,40.5,3.9,"Zachary Piper Solutions, LLC
3.9","Horsham, PA","Mc Lean, VA",51 to 200 employees,2011,Company - Private,Enterprise Software & Network Solutions,Information Technology,$10 to $25 million (USD),-1,0
Senior Data Analyst,37-44 ,37,44,40.5,3.6,"A2C Consulting
3.6","Philadelphia, PA","Philadelphia, PA",1 to 50 employees,1994,Company - Private,Consulting,Business Services,Unknown / Non-Applicable,-1,0
Senior Healthcare Data Analyst - Cost and Utilization Analysis,64-113 ,64,113,88.5,3.6,"Community Behavioral Health
3.6","Philadelphia, PA","Phila, PA",201 to 500 employees,1994,Company - Private,Health Care Services & Hospitals,Health Care,$500 million to $1 billion (USD),-1,0
Pharmaceutical Customer Data Analyst,64-113 ,64,113,88.5,4.1,"APN Software Services Inc.
4.1","Plymouth Meeting, PA","Newark, CA",51 to 200 employees,-1,Company - Private,Computer Hardware & Software,Information Technology,$25 to $50 million (USD),-1,0
Data Analyst,64-113 ,64,113,88.5,4.4,"Contemporary Staffing Solutions
4.4","Philadelphia, PA","Mount Laurel, NJ",1001 to 5000 employees,1994,Company - Private,Staffing & Outsourcing,Business Services,$100 to $500 million (USD),"PathFinder Staffing, Juno Search Partners, Robert Half",0
Senior Data Analyst,64-113 ,64,113,88.5,3.5,"The Judge Group
3.5","Wayne, PA","Wayne, PA",1001 to 5000 employees,1970,Company - Private,Staffing & Outsourcing,Business Services,$100 to $500 million (USD),"Adecco, Kforce",0
Program Manager / Business Data Analyst,64-113 ,64,113,88.5,2.3,"Versant Health
2.3","Newtown Square, PA","Linthicum, MD",1001 to 5000 employees,-1,Company - Private,Insurance Carriers,Insurance,Unknown / Non-Applicable,-1,0
DBA / Data Analyst,64-113 ,64,113,88.5,4.2,"Micro-Data Systems Inc.
4.2","Philadelphia, PA","Holmdel, NJ",51 to 200 employees,1992,Company - Private,IT Services,Information Technology,$10 to $25 million (USD),-1,0
Analyst - Data Intelligence (US),64-113 ,64,113,88.5,2.4,"Avantor
2.4","Wayne, PA","Radnor, PA",10000+ employees,1904,Company - Public,Biotech & Pharmaceuticals,Biotech & Pharmaceuticals,$2 to $5 billion (USD),"Thermo Fisher Scientific, MilliporeSigma, Merck KGaA",0
"Data Analyst (Philadelphia, PA)",64-113 ,64,113,88.5,3.7,"Tetra Tech
3.7","Philadelphia, PA","Pasadena, CA",10000+ employees,1966,Company - Public,Architectural & Engineering Services,Business Services,$2 to $5 billion (USD),-1,0
Data & Systems Analyst,64-113 ,64,113,88.5,4.2,"Freedom Mortgage
4.2","Mount Laurel, NJ","Mount Laurel, NJ",1001 to 5000 employees,1990,Company - Private,Investment Banking & Asset Management,Finance,$1 to $2 billion (USD),-1,0
Business Analyst - Data and Analytics,64-113 ,64,113,88.5,2.7,"Eastern Airlines LLC
2.7","Wayne, PA","Miami, FL",1 to 50 employees,-1,Company - Private,-1,-1,$5 to $10 million (USD),-1,0
Lead Data Analyst,64-113 ,64,113,88.5,4.3,"NextGen Global Resources LLC
4.3","Philadelphia, PA","San Diego, CA",501 to 1000 employees,2009,Subsidiary or Business Segment,"Cable, Internet & Telephone Providers",Telecommunications,$100 to $500 million (USD),"Aerotek, Kforce, Glotel",0
Senior Data Analyst - Client Experience,64-113 ,64,113,88.5,3.2,"Vanguard
3.2","Malvern, PA","Malvern, PA",10000+ employees,1975,Company - Private,Investment Banking & Asset Management,Finance,Unknown / Non-Applicable,"Charles Schwab, Fidelity Investments, Edward Jones",0
Data Analyst and Report Writer,64-113 ,64,113,88.5,3.5,"The Judge Group
3.5","Boothwyn, PA","Wayne, PA",1001 to 5000 employees,1970,Company - Private,Staffing & Outsourcing,Business Services,$100 to $500 million (USD),"Adecco, Kforce",0
Payment Integrity Data Analyst,64-113 ,64,113,88.5,3.7,"amerihealth
3.7","Philadelphia, PA","Philadelphia, PA",5001 to 10000 employees,1997,Subsidiary or Business Segment,Insurance Carriers,Insurance,$25 to $50 million (USD),-1,0
Lead Data Analyst,64-113 ,64,113,88.5,3.9,"GSK
3.9","Philadelphia, PA","Brentford, United Kingdom",10000+ employees,1830,Company - Public,Biotech & Pharmaceuticals,Biotech & Pharmaceuticals,$10+ billion (USD),"Pfizer, AstraZeneca, Merck",0
Data Analyst-(analytics),64-113 ,64,113,88.5,3.6,"A2C Consulting
3.6","Philadelphia, PA","Philadelphia, PA",1 to 50 employees,1994,Company - Private,Consulting,Business Services,Unknown / Non-Applicable,-1,0
Pharmaceutical Data Analyst – Analytics,64-113 ,64,113,88.5,-1.0,ConcertAI,"King of Prussia, PA",-1,-1,-1,-1,-1,-1,-1,-1,0
Patient Recruitment Data Analyst (ArcGIS),64-113 ,64,113,88.5,-1.0,Pharmica Consulting,"Norristown, PA","Sparta, NJ",Unknown,-1,Company - Private,-1,-1,Unknown / Non-Applicable,-1,0
Virology Data Analysts,64-113 ,64,113,88.5,3.4,"Eurofins
3.4","West Point, PA","Luxembourg, Luxembourg",10000+ employees,1987,Company - Private,Biotech & Pharmaceuticals,Biotech & Pharmaceuticals,$2 to $5 billion (USD),-1,0
Biochemist Data Analyst,64-113 ,64,113,88.5,3.4,"Eurofins
3.4","West Point, PA","Luxembourg, Luxembourg",10000+ employees,1987,Company - Private,Biotech & Pharmaceuticals,Biotech & Pharmaceuticals,$2 to $5 billion (USD),-1,0
Data Governance Analyst,64-113 ,64,113,88.5,4.2,"Freedom Mortgage
4.2","Marlton, NJ","Mount Laurel, NJ",1001 to 5000 employees,1990,Company - Private,Investment Banking & Asset Management,Finance,$1 to $2 billion (USD),-1,0
Senior Healthcare Data Analyst,64-113 ,64,113,88.5,5.0,"Cambridge Advisory Group
5.0","King of Prussia, PA","King of Prussia, PA",1 to 50 employees,-1,Company - Private,Consulting,Business Services,$1 to $5 million (USD),-1,0
Healthcare Data Analytics Analyst Senior,64-113 ,64,113,88.5,-1.0,Amerihealth Caritas Health Plan,"Philadelphia, PA",-1,-1,-1,-1,-1,-1,-1,-1,0
SR BUSINESS DATA ANALYST PRN,64-113 ,64,113,88.5,3.3,"Cooper University Health Care
3.3","Camden, NJ","Camden, NJ",5001 to 10000 employees,1887,Hospital,Health Care Services & Hospitals,Health Care,Unknown / Non-Applicable,-1,0
AWS Analys/ Data analyst,64-113 ,64,113,88.5,3.9,"Diverse Lynx
3.9","Malvern, PA","Princeton, NJ",501 to 1000 employees,2002,Company - Private,IT Services,Information Technology,$100 to $500 million (USD),-1,0
Payment Integrity Data Analyst Job posting in #Philadelphia #ITjobs,64-113 ,64,113,88.5,3.7,"amerihealth
3.7","Philadelphia, PA","Philadelphia, PA",5001 to 10000 employees,1997,Subsidiary or Business Segment,Insurance Carriers,Insurance,$25 to $50 million (USD),-1,0
Sport & Data Analyst,64-113 ,64,113,88.5,-1.0,Philadelphia 76ers - HBSE,"Camden, NJ",-1,-1,-1,-1,-1,-1,-1,-1,0
Data Analyst Supporting the FBI #20-188,64-113 ,64,113,88.5,2.8,"Forfeiture Support Associates
2.8","Philadelphia, PA","Ashburn, VA",1001 to 5000 employees,2004,Company - Private,Staffing & Outsourcing,Business Services,$50 to $100 million (USD),-1,0
Data Engineer/Reporting Analyst,64-113 ,64,113,88.5,1.6,"Management Decisions, Inc.
1.6","Philadelphia, PA","Milwaukee, WI",1 to 50 employees,-1,Company - Public,Advertising & Marketing,Business Services,$1 to $5 million (USD),-1,0
Sr. Data Analyst - Project Manager,64-113 ,64,113,88.5,2.7,"TechUSA
2.7","Philadelphia, PA","Millersville, MD",1001 to 5000 employees,1998,Company - Private,Staffing & Outsourcing,Business Services,$100 to $500 million (USD),-1,0
Data Analyst SAS Programmer,50-93 ,50,93,71.5,4.6,"SRG Woolf
4.6","King of Prussia, PA","Raleigh, NC",1 to 50 employees,1995,Company - Private,Staffing & Outsourcing,Business Services,$10 to $25 million (USD),-1,0
Sr. Data Analyst,50-93 ,50,93,71.5,3.8,"Login Consulting Services, Inc
3.8","Allegheny West, PA","El Segundo, CA",51 to 200 employees,-1,Company - Private,Consulting,Business Services,$5 to $10 million (USD),-1,0
"Systems Analyst, Quality Data System",50-93 ,50,93,71.5,3.3,"Adaptimmune Ltd
3.3","Philadelphia, PA","Abingdon, United Kingdom",201 to 500 employees,-1,Company - Public,Biotech & Pharmaceuticals,Biotech & Pharmaceuticals,Unknown / Non-Applicable,-1,0
Data Visualization Project Manager/ Business Analyst (PM / BA),50-93 ,50,93,71.5,4.8,"Trillium Solutions Group
4.8","Horsham, PA","Highland Park, IL",1 to 50 employees,2002,Private Practice / Firm,IT Services,Information Technology,$1 to $5 million (USD),-1,0
Stability Data Analyst,50-93 ,50,93,71.5,-1.0,Eurofins USA PSS Insourcing Solutions,"West Point, PA",-1,-1,-1,-1,-1,-1,-1,-1,0
Business Analyst/Data Analyst,50-93 ,50,93,71.5,3.5,"The Judge Group
3.5","Wilmington, DE","Wayne, PA",1001 to 5000 employees,1970,Company - Private,Staffing & Outsourcing,Business Services,$100 to $500 million (USD),"Adecco, Kforce",0
Stability Data Analyst,50-93 ,50,93,71.5,-1.0,EUROFINS SCIENT.,"West Point, PA",-1,-1,-1,-1,-1,-1,-1,-1,0
Data Analyst Junior,50-93 ,50,93,71.5,5.0,"Staffigo Technical Services, LLC
5.0","Wilmington, DE","Woodridge, IL",51 to 200 employees,2008,Company - Private,IT Services,Information Technology,$50 to $100 million (USD),-1,0
Business Intelligence and Data Sciences Analyst,50-93 ,50,93,71.5,3.6,"TE Connectivity
3.6","Berwyn, PA","Schaffhausen, Switzerland",10000+ employees,2007,Company - Public,Electrical & Electronic Manufacturing,Manufacturing,$10+ billion (USD),-1,0
Sr Business Analyst (Data Quality),50-93 ,50,93,71.5,4.2,"Freedom Mortgage
4.2","Marlton, NJ","Mount Laurel, NJ",1001 to 5000 employees,1990,Company - Private,Investment Banking & Asset Management,Finance,$1 to $2 billion (USD),-1,0
Healthcare Data Analytics Analyst Senior,50-93 ,50,93,71.5,3.1,"AmeriHealth Caritas
3.1","Philadelphia, PA","Philadelphia, PA",5001 to 10000 employees,1983,Company - Private,Insurance Carriers,Insurance,$5 to $10 billion (USD),"UnitedHealth Group, Molina Healthcare, Centene",0
"Mid Level Data Analyst / BI Engineer - Looker, Python, Client Facing",50-93 ,50,93,71.5,1.6,"Management Decisions, Inc.
1.6","Philadelphia, PA","Milwaukee, WI",1 to 50 employees,-1,Company - Public,Advertising & Marketing,Business Services,$1 to $5 million (USD),-1,0
Technical Business Analyst (Data Warehouse),50-93 ,50,93,71.5,4.5,"Piper Companies
4.5","Horsham, PA","Mc Lean, VA",201 to 500 employees,2011,Company - Private,Staffing & Outsourcing,Business Services,Unknown / Non-Applicable,-1,0
Data Link Analyst,50-93 ,50,93,71.5,3.3,"Future Technologies Inc.
3.3","Moorestown, NJ","Plainfield, NJ",1001 to 5000 employees,-1,Company - Private,Accounting,Accounting & Legal,$5 to $10 million (USD),-1,0
"Lead Analyst, Data Transfer, Integration & Quality, Wilmington, DE",50-93 ,50,93,71.5,3.2,"BNY Mellon
3.2","Wilmington, DE","New York, NY",10000+ employees,1784,Company - Public,Investment Banking & Asset Management,Finance,$10+ billion (USD),"State Street, Northern Trust, BlackRock",0
Technical Business Analyst (Data Warehouse),50-93 ,50,93,71.5,3.9,"Zachary Piper Solutions, LLC
3.9","Horsham, PA","Mc Lean, VA",51 to 200 employees,2011,Company - Private,Enterprise Software & Network Solutions,Information Technology,$10 to $25 million (USD),-1,0
Certified Tumor Registrar/Data Analyst [CTR and experience required],50-93 ,50,93,71.5,4.0,"Fox Chase Cancer Center
4.0","Philadelphia, PA","Philadelphia, PA",1001 to 5000 employees,1974,Nonprofit Organization,Health Care Services & Hospitals,Health Care,$100 to $500 million (USD),"Penn Medicine, Kimmel Cancer Center Jefferson, Abington Jefferson Health",0
Data Center Migration PMO Analyst/PMO Lead,50-93 ,50,93,71.5,4.1,"Kforce
4.1","Wilmington, DE","Tampa, FL",10000+ employees,1966,Company - Public,Staffing & Outsourcing,Business Services,$1 to $2 billion (USD),-1,0
Data Center Migration PMO Analyst/PMO Lead,50-93 ,50,93,71.5,-1.0,Kforce Technology Staffing,"Wilmington, DE",-1,-1,-1,-1,-1,-1,-1,-1,0
Data Analyst / Tableau Developer,37-68 ,37,68,52.5,3.9,"Technocrafts, Inc.
3.9","San Antonio, TX","Chantilly, VA",1 to 50 employees,-1,Company - Private,Computer Hardware & Software,Information Technology,$1 to $5 million (USD),-1,0
Data Analyst,37-68 ,37,68,52.5,3.4,"Ionidea
3.4","San Antonio, TX","Fairfax, VA",1001 to 5000 employees,1991,Company - Private,IT Services,Information Technology,Unknown / Non-Applicable,-1,0
Data Analyst,37-68 ,37,68,52.5,4.0,"CYNET SYSTEMS
4.0","San Antonio, TX","Ashburn, VA",501 to 1000 employees,2010,Company - Private,IT Services,Information Technology,$50 to $100 million (USD),-1,0
Data Analyst,37-68 ,37,68,52.5,3.1,"Integrated Resources
3.1","San Antonio, TX","Edison, NJ",201 to 500 employees,1996,Company - Private,Staffing & Outsourcing,Business Services,$25 to $50 million (USD),-1,0
Data Analyst I,37-68 ,37,68,52.5,3.0,"Deacon Recruiting
3.0","San Antonio, TX","San Antonio, TX",1 to 50 employees,-1,Company - Private,Staffing & Outsourcing,Business Services,$1 to $5 million (USD),-1,0
Data Reporting Analyst,37-68 ,37,68,52.5,3.9,"Indotronix International Corporation
3.9","San Antonio, TX","Rochester, NY",501 to 1000 employees,1986,Company - Private,IT Services,Information Technology,$50 to $100 million (USD),-1,0
Data Analyst,37-68 ,37,68,52.5,3.9,"Diverse Lynx
3.9","San Antonio, TX","Princeton, NJ",501 to 1000 employees,2002,Company - Private,IT Services,Information Technology,$100 to $500 million (USD),-1,0
Data Analyst,37-68 ,37,68,52.5,3.7,"Huntington Ingalls Industries
3.7","San Antonio, TX","Newport News, VA",10000+ employees,2011,Company - Public,Aerospace & Defense,Aerospace & Defense,$5 to $10 billion (USD),"General Dynamics, Lockheed Martin",0
Marketing & Data Analyst,37-68 ,37,68,52.5,4.1,"Principle Auto
4.1","San Antonio, TX","San Antonio, TX",501 to 1000 employees,2014,Company - Private,Vehicle Dealers,Retail,Unknown / Non-Applicable,-1,0
Data Analyst,37-68 ,37,68,52.5,3.4,"C2 GPS- Alamo Workforce
3.4","San Antonio, TX","Austin, TX",501 to 1000 employees,2010,Company - Private,Consulting,Business Services,Unknown / Non-Applicable,-1,0
Data Reporting Analyst,37-68 ,37,68,52.5,3.4,"Vantage Bank Texas
3.4","San Antonio, TX","San Antonio, TX",201 to 500 employees,1985,Company - Private,Banks & Credit Unions,Finance,$1 to $2 billion (USD),-1,0
"Data & Reporting Analyst, Distribution Planning & Operations",37-68 ,37,68,52.5,4.3,"H E B
4.3","San Antonio, TX","San Antonio, TX",10000+ employees,1905,Company - Private,Grocery Stores & Supermarkets,Retail,$10+ billion (USD),-1,0
Data Analyst,37-68 ,37,68,52.5,2.5,"Vinsari
2.5","San Antonio, TX","Irving, TX",51 to 200 employees,-1,Other Organization,-1,-1,Unknown / Non-Applicable,-1,0
Epidemiologist - Data Analyst,37-68 ,37,68,52.5,4.0,"CICONIX, LLC
4.0","San Antonio, TX","Annapolis, MD",1 to 50 employees,-1,Company - Private,Federal Agencies,Government,Unknown / Non-Applicable,-1,0
Contract Data Analyst,37-68 ,37,68,52.5,-1.0,"Amyx, Iinc.","San Antonio, TX",-1,-1,-1,-1,-1,-1,-1,-1,0
Epidemiology Data Analyst,37-68 ,37,68,52.5,2.8,"NJVC
2.8","San Antonio, TX","Chantilly, VA",1001 to 5000 employees,2001,Company - Private,IT Services,Information Technology,$100 to $500 million (USD),"BAE Systems USA, CACI International, General Dynamics Information Technology",0
Data Business Solutions Analyst,37-68 ,37,68,52.5,3.7,"Randstad
3.7","San Antonio, TX","Atlanta, GA",1001 to 5000 employees,-1,Subsidiary or Business Segment,Staffing & Outsourcing,Business Services,Unknown / Non-Applicable,-1,0
Data Analyst,37-68 ,37,68,52.5,5.0,"Staffigo Technical Services, LLC
5.0","San Antonio, TX","Woodridge, IL",51 to 200 employees,2008,Company - Private,IT Services,Information Technology,$50 to $100 million (USD),-1,0
Risk Data Analyst,37-68 ,37,68,52.5,3.0,"Deacon Recruiting
3.0","San Antonio, TX","San Antonio, TX",1 to 50 employees,-1,Company - Private,Staffing & Outsourcing,Business Services,$1 to $5 million (USD),-1,0
Contract Data Analyst,37-68 ,37,68,52.5,4.0,"Amyx, Inc.
4.0","San Antonio, TX","Reston, VA",501 to 1000 employees,1999,Company - Private,IT Services,Information Technology,$50 to $100 million (USD),-1,0
Senior Data Analyst,37-68 ,37,68,52.5,4.5,"Scaleworks
4.5","San Antonio, TX","San Antonio, TX",1 to 50 employees,2016,Company - Private,Computer Hardware & Software,Information Technology,Unknown / Non-Applicable,-1,0
Senior Data Analyst,37-68 ,37,68,52.5,3.5,"HCL Technologies Ltd.
3.5","San Antonio, TX","Noida, India",10000+ employees,1991,Company - Public,Computer Hardware & Software,Information Technology,$5 to $10 billion (USD),"Infosys, Tata Consultancy Services, Wipro",0
Data Analyst,37-68 ,37,68,52.5,3.3,"CDO Technologies Inc
3.3","San Antonio, TX","Dayton, OH",201 to 500 employees,1995,Company - Private,Computer Hardware & Software,Information Technology,$50 to $100 million (USD),-1,0
"Epidemiology/Data Analyst, San Antonio, TX, US, ID",37-68 ,37,68,52.5,-1.0,Cherokee Federal,"San Antonio, TX","Rusk, TX",1 to 50 employees,-1,Nonprofit Organization,Banks & Credit Unions,Finance,Unknown / Non-Applicable,-1,0
Senior Data Analyst,37-68 ,37,68,52.5,4.1,"Kforce
4.1","San Antonio, TX","Tampa, FL",10000+ employees,1966,Company - Public,Staffing & Outsourcing,Business Services,$1 to $2 billion (USD),-1,0
Senior Data Science Analyst,37-68 ,37,68,52.5,2.9,"PETCO
2.9","San Antonio, TX","San Diego, CA",10000+ employees,1965,Company - Private,Pet & Pet Supplies Stores,Retail,$2 to $5 billion (USD),"PetSmart, Walmart, Costco Wholesale",0
"Data Analyst ( SAS,SQL)",37-68 ,37,68,52.5,3.7,"eTeam Inc.
3.7","San Antonio, TX","South Plainfield, NJ",51 to 200 employees,1999,Company - Private,Staffing & Outsourcing,Business Services,$50 to $100 million (USD),"Artech Information Systems, Mindlance, Tech Mahindra",0
Data Analyst - Top Secret w/ SCI Eligibility,37-68 ,37,68,52.5,4.0,"LMI
4.0","San Antonio, TX","Tysons, VA",1001 to 5000 employees,1961,Nonprofit Organization,Consulting,Business Services,$100 to $500 million (USD),"Booz Allen Hamilton, Noblis, Deloitte",0
Epidemiology/Data Analyst,37-68 ,37,68,52.5,4.0,"CAMRIS International
4.0","San Antonio, TX","Bethesda, MD",201 to 500 employees,2003,Company - Private,Federal Agencies,Government,$50 to $100 million (USD),-1,0
Epidemiology Data Analyst,37-68 ,37,68,52.5,3.5,"General Dynamics Information Technology
3.5","Lackland AFB, TX","Fairfax, VA",10000+ employees,1996,Subsidiary or Business Segment,IT Services,Information Technology,$10+ billion (USD),"SAIC, Leidos, Northrop Grumman",0
Senior Data Analyst,73-89 ,73,89,81.0,3.3,"Convene Technologies
3.3","San Antonio, TX","Tampa, FL",51 to 200 employees,2005,Company - Private,IT Services,Information Technology,Unknown / Non-Applicable,-1,0
Data Security Analyst,73-89 ,73,89,81.0,-1.0,Cyber Warrior Network,"San Antonio, TX","San Antonio, TX",1 to 50 employees,2015,Company - Private,IT Services,Information Technology,Unknown / Non-Applicable,-1,0
Data Security Analyst,73-89 ,73,89,81.0,2.6,"nana
2.6","San Antonio, TX","Kotzebue, AK",1001 to 5000 employees,1991,Unknown,Social Assistance,Non-Profit,$2 to $5 billion (USD),-1,0
Data Security Analyst,73-89 ,73,89,81.0,3.3,"Akima Management Services
3.3","San Antonio, TX","Herndon, VA",5001 to 10000 employees,2003,Company - Private,Aerospace & Defense,Aerospace & Defense,$1 to $2 billion (USD),"Chenega Corporation, Chugach Alaska, ASRC Federal Holding Company",0
Data Analyst/Engineers,73-89 ,73,89,81.0,3.9,"Diverse Lynx
3.9","San Antonio, TX","Princeton, NJ",501 to 1000 employees,2002,Company - Private,IT Services,Information Technology,$100 to $500 million (USD),-1,0
Senior Contract Data Analyst,73-89 ,73,89,81.0,-1.0,"Amyx, Iinc.","San Antonio, TX",-1,-1,-1,-1,-1,-1,-1,-1,0
Epidemiology Data Analyst,73-89 ,73,89,81.0,3.8,"Chenega Healthcare Services
3.8","San Antonio, TX","San Antonio, TX",501 to 1000 employees,1974,Subsidiary or Business Segment,Staffing & Outsourcing,Business Services,Unknown / Non-Applicable,-1,0
IT Data Science Analyst,73-89 ,73,89,81.0,4.1,"Kforce
4.1","San Antonio, TX","Tampa, FL",10000+ employees,1966,Company - Public,Staffing & Outsourcing,Business Services,$1 to $2 billion (USD),-1,0
"Configuration Data Analyst, (Secret Clearance Required) San Antonio, TX, US ID",73-89 ,73,89,81.0,3.2,"Cherokee Nation Businesses, LLC
3.2","San Antonio, TX","Catoosa, OK",1001 to 5000 employees,-1,Company - Private,Accounting,Accounting & Legal,$500 million to $1 billion (USD),-1,0
TECHNICAL DATA ANALYST,73-89 ,73,89,81.0,3.8,"Spectrum Comm
3.8","Lackland AFB, TX","Newport News, VA",51 to 200 employees,1999,Company - Private,Aerospace & Defense,Aerospace & Defense,$25 to $50 million (USD),-1,1
Senior Contract Data Analyst,73-89 ,73,89,81.0,4.0,"Amyx, Inc.
4.0","San Antonio, TX","Reston, VA",501 to 1000 employees,1999,Company - Private,IT Services,Information Technology,$50 to $100 million (USD),-1,0
"Configuration Data Analyst, (Secret Clearance Required) San An with Security Clearance",73-89 ,73,89,81.0,-1.0,Cherokee Federal,"San Antonio, TX","Rusk, TX",1 to 50 employees,-1,Nonprofit Organization,Banks & Credit Unions,Finance,Unknown / Non-Applicable,-1,0
Senior Risk Analyst-Data,73-89 ,73,89,81.0,3.9,"Peyton Resource Group
3.9","San Antonio, TX","Irving, TX",1 to 50 employees,2001,Company - Private,Staffing & Outsourcing,Business Services,$10 to $25 million (USD),-1,0
Functional Analyst (CECL Data),73-89 ,73,89,81.0,4.4,"Softcom Systems
4.4","San Antonio, TX","Princeton, NJ",1 to 50 employees,-1,Company - Private,IT Services,Information Technology,$1 to $5 million (USD),-1,0
Data Analyst with Security Clearance,73-89 ,73,89,81.0,3.3,"CDO Technologies Inc
3.3","San Antonio, TX","Dayton, OH",201 to 500 employees,1995,Company - Private,Computer Hardware & Software,Information Technology,$50 to $100 million (USD),-1,0
"Configuration Data Analyst, San Antonio, TX, US ID#17897 with Security Clearance",73-89 ,73,89,81.0,-1.0,Cherokee Federal,"Fort Sam Houston, TX","Rusk, TX",1 to 50 employees,-1,Nonprofit Organization,Banks & Credit Unions,Finance,Unknown / Non-Applicable,-1,0
"(REMOTE) Sr. Risk Analyst (IT, IS and/or Data expertise)",73-89 ,73,89,81.0,3.1,"Strategic Staffing Solutions
3.1","San Antonio, TX","Detroit, MI",1001 to 5000 employees,1990,Contract,Staffing & Outsourcing,Business Services,$100 to $500 million (USD),-1,0
"Sr. Risk Analyst (IT, IS and/or Data expertise)",73-89 ,73,89,81.0,3.1,"Strategic Staffing Solutions
3.1","San Antonio, TX","Detroit, MI",1001 to 5000 employees,1990,Contract,Staffing & Outsourcing,Business Services,$100 to $500 million (USD),-1,0
Navy Maintenance Data Systems Analyst,76-122 ,76,122,99.0,3.6,"CACI International
3.6","San Diego, CA","Arlington, VA",10000+ employees,1962,Company - Public,Aerospace & Defense,Aerospace & Defense,$2 to $5 billion (USD),"CSC, ManTech, SAIC",0
Data Analyst,76-122 ,76,122,99.0,3.3,"Midland Credit Management
3.3","San Diego, CA","San Diego, CA",1001 to 5000 employees,1953,Subsidiary or Business Segment,Banks & Credit Unions,Finance,$1 to $2 billion (USD),PRA Group,0
Research Data Analyst,76-122 ,76,122,99.0,4.3,"UC San Diego
4.3","San Diego, CA","La Jolla, CA",10000+ employees,1960,College / University,Colleges & Universities,Education,Unknown / Non-Applicable,-1,0
Data Analyst II,76-122 ,76,122,99.0,3.0,"HealthStream
3.0","San Diego, CA","Nashville, TN",501 to 1000 employees,1990,Company - Public,Education Training Services,Education,$100 to $500 million (USD),"Cornerstone OnDemand, Blackboard",0
Data Analyst,76-122 ,76,122,99.0,4.5,"Conflux Systems Inc.
4.5","San Diego, CA","Alpharetta, GA",1 to 50 employees,-1,Company - Private,Accounting,Accounting & Legal,Less than $1 million (USD),-1,0
Data Analyst,76-122 ,76,122,99.0,3.7,"22nd Century Technologies
3.7","San Diego, CA","Somerset, NJ",1001 to 5000 employees,1997,Company - Private,IT Services,Information Technology,$25 to $50 million (USD),-1,1
Division Data and Financial Analyst,76-122 ,76,122,99.0,4.2,"University of California
4.2","San Diego, CA","Oakland, CA",10000+ employees,1868,College / University,Colleges & Universities,Education,$5 to $10 billion (USD),-1,0
Research Data Analyst,76-122 ,76,122,99.0,3.7,"University of California - San Diego Medical Centers
3.7","San Diego, CA","San Diego, CA",10000+ employees,1966,Hospital,Health Care Services & Hospitals,Health Care,Unknown / Non-Applicable,"Sharp HealthCare, Scripps Health",0
Data Analyst 3,76-122 ,76,122,99.0,4.0,"BD (Becton, Dickinson and Company)
4.0","San Diego, CA",-1,Unknown,-1,Company - Private,-1,-1,Unknown / Non-Applicable,-1,0
Data Analyst,76-122 ,76,122,99.0,3.4,"Client Solution Architects
3.4","San Diego, CA","Mechanicsburg, PA",201 to 500 employees,2003,Company - Private,Aerospace & Defense,Aerospace & Defense,$50 to $100 million (USD),-1,0
Data Analyst,76-122 ,76,122,99.0,4.2,"Cue
4.2","San Diego, CA","San Diego, CA",51 to 200 employees,2010,Company - Private,Biotech & Pharmaceuticals,Biotech & Pharmaceuticals,Unknown / Non-Applicable,-1,0
Junior Data Analyst,76-122 ,76,122,99.0,5.0,"Staffigo Technical Services, LLC
5.0","San Diego, CA","Woodridge, IL",51 to 200 employees,2008,Company - Private,IT Services,Information Technology,$50 to $100 million (USD),-1,0
Data Analyst,76-122 ,76,122,99.0,3.2,"Encore Capital Group
3.2","San Diego, CA","San Diego, CA",5001 to 10000 employees,1953,Company - Public,Financial Analytics & Research,Finance,$1 to $2 billion (USD),"PRA Group, PRA Group (Canada)",0
Data Analyst - VerityStream,76-122 ,76,122,99.0,3.0,"HealthStream
3.0","San Diego, CA","Nashville, TN",501 to 1000 employees,1990,Company - Public,Education Training Services,Education,$100 to $500 million (USD),"Cornerstone OnDemand, Blackboard",0
Data Analyst,76-122 ,76,122,99.0,4.4,"ProMedia
4.4","San Diego, CA","Miami, FL",1 to 50 employees,2010,Company - Private,Advertising & Marketing,Business Services,Unknown / Non-Applicable,-1,0
Senior Data Analyst,76-122 ,76,122,99.0,3.4,"Axos Bank
3.4","San Diego, CA","San Diego, CA",1001 to 5000 employees,2000,Company - Public,Banks & Credit Unions,Finance,$500 million to $1 billion (USD),-1,0
Business Data Analyst (SQL / Tableau),76-122 ,76,122,99.0,4.8,"Sayva Solutions
4.8","San Diego, CA","La Jolla, CA",51 to 200 employees,2014,Company - Private,Staffing & Outsourcing,Business Services,Unknown / Non-Applicable,-1,0
Data & Business Intelligence Analyst,76-122 ,76,122,99.0,5.0,"The Rock Church
5.0","San Diego, CA","Fenton, MI",1 to 50 employees,-1,Nonprofit Organization,-1,-1,Unknown / Non-Applicable,-1,0
Fleet Optimization Data Analyst (Solar + Storage),76-122 ,76,122,99.0,3.2,"Stem
3.2","San Diego, CA","Millbrae, CA",51 to 200 employees,2009,Company - Private,Energy,"Oil, Gas, Energy & Utilities",$25 to $50 million (USD),-1,0
Data Analyst,76-122 ,76,122,99.0,3.8,"Tandem Diabetes
3.8","San Diego, CA","San Diego, CA",1001 to 5000 employees,2006,Company - Public,Health Care Products Manufacturing,Manufacturing,$50 to $100 million (USD),-1,0
Data Steward/Configuration Analyst,76-122 ,76,122,99.0,3.9,"Illumina
3.9","San Diego, CA","San Diego, CA",5001 to 10000 employees,1998,Company - Public,Biotech & Pharmaceuticals,Biotech & Pharmaceuticals,$2 to $5 billion (USD),"Thermo Fisher Scientific, Roche",0
Administrative Assistant / Data Analyst Supporting the DEA #20-318,76-122 ,76,122,99.0,2.8,"Forfeiture Support Associates
2.8","San Diego, CA","Ashburn, VA",1001 to 5000 employees,2004,Company - Private,Staffing & Outsourcing,Business Services,$50 to $100 million (USD),-1,0
Data Manager - Bioinformatics Analyst (Naval Health Center),76-122 ,76,122,99.0,3.5,"General Dynamics
3.5","San Diego, CA","Reston, VA",10000+ employees,1952,Company - Public,Aerospace & Defense,Aerospace & Defense,$10+ billion (USD),-1,0
Data Analyst,76-122 ,76,122,99.0,5.0,"Staffigo Technical Services, LLC
5.0","San Diego, CA","Woodridge, IL",51 to 200 employees,2008,Company - Private,IT Services,Information Technology,$50 to $100 million (USD),-1,0
Data Analyst III,76-122 ,76,122,99.0,3.5,"Potomac Management
3.5","San Diego, CA","Hagerstown, MD",51 to 200 employees,-1,Nonprofit Organization,-1,-1,Unknown / Non-Applicable,-1,0
Data Analyst,76-122 ,76,122,99.0,-1.0,Operation Samahan Health Clinic,"National City, CA",-1,-1,-1,-1,-1,-1,-1,-1,0
Data Privacy Analyst,76-122 ,76,122,99.0,3.5,"Dexcom, Inc.
3.5","San Diego, CA","San Diego, CA",1001 to 5000 employees,1999,Company - Public,Biotech & Pharmaceuticals,Biotech & Pharmaceuticals,$1 to $2 billion (USD),"Medtronic, Roche",0
"Data Analyst 3 (San Diego or Atlanta, GA)",76-122 ,76,122,99.0,3.6,"BD
3.6","San Diego, CA","Franklin Lakes, NJ",10000+ employees,1897,Company - Public,Health Care Products Manufacturing,Manufacturing,$10+ billion (USD),"Abbott, Siemens, Baxter",0
"Research Scientist, Structural Biologist - CryoEM Data Analyst",60-124 ,60,124,92.0,3.3,"Vertex Pharmaceuticals
3.3","San Diego, CA","Boston, MA",1001 to 5000 employees,1989,Company - Public,Biotech & Pharmaceuticals,Biotech & Pharmaceuticals,$2 to $5 billion (USD),Biogen,0
Systems Analyst - Data Integration and ETL process,60-124 ,60,124,92.0,3.4,"Kelly
3.4","San Diego, CA","Troy, MI",5001 to 10000 employees,1946,Company - Public,Staffing & Outsourcing,Business Services,$5 to $10 billion (USD),"Adecco, ManpowerGroup, Allegis Corporation",0
Senior Consulting Data Analyst,60-124 ,60,124,92.0,4.0,"Kaiser Permanente
4.0","San Diego, CA","Oakland, CA",10000+ employees,1945,Nonprofit Organization,Health Care Services & Hospitals,Health Care,$10+ billion (USD),"HCA Healthcare, Dignity Health, Sutter Health",0
Senior Data Analyst,60-124 ,60,124,92.0,3.9,"Illumina
3.9","San Diego, CA","San Diego, CA",5001 to 10000 employees,1998,Company - Public,Biotech & Pharmaceuticals,Biotech & Pharmaceuticals,$2 to $5 billion (USD),"Thermo Fisher Scientific, Roche",0
#105009 Research Data Analyst,60-124 ,60,124,92.0,4.3,"UC San Diego
4.3","San Diego, CA","La Jolla, CA",10000+ employees,1960,College / University,Colleges & Universities,Education,Unknown / Non-Applicable,-1,0
Automotive eCommerce Data Analyst - Remote,60-124 ,60,124,92.0,4.2,"Web Shop Manager
4.2","San Diego, CA","San Diego, CA",1 to 50 employees,2000,Company - Private,Computer Hardware & Software,Information Technology,$1 to $5 million (USD),-1,0
Sr. Data Analyst,60-124 ,60,124,92.0,4.6,"Housecall Pro
4.6","San Diego, CA","San Diego, CA",51 to 200 employees,2013,Company - Private,Computer Hardware & Software,Information Technology,Unknown / Non-Applicable,-1,0
Senior Technical Data Analyst,60-124 ,60,124,92.0,4.4,"Intuit
4.4","San Diego, CA","Mountain View, CA",5001 to 10000 employees,1983,Company - Public,Computer Hardware & Software,Information Technology,$2 to $5 billion (USD),"Square, PayPal, H&R Block",0
Data Governance Analyst,60-124 ,60,124,92.0,-1.0,The RiverStone Group,"San Diego, CA","Towanda, PA",1 to 50 employees,-1,Unknown,-1,-1,Unknown / Non-Applicable,-1,0
Division Data and Financial Analyst,60-124 ,60,124,92.0,3.7,"University of California - San Diego Medical Centers
3.7","San Diego, CA","San Diego, CA",10000+ employees,1966,Hospital,Health Care Services & Hospitals,Health Care,Unknown / Non-Applicable,"Sharp HealthCare, Scripps Health",0
Data Analyst III (Healthcare Analytics),60-124 ,60,124,92.0,2.3,"Interpreta
2.3","San Diego, CA","San Diego, CA",1 to 50 employees,-1,Company - Private,-1,-1,$10 to $25 million (USD),-1,0
Senior Business Data Analyst,60-124 ,60,124,92.0,4.4,"Intuit
4.4","San Diego, CA","Mountain View, CA",5001 to 10000 employees,1983,Company - Public,Computer Hardware & Software,Information Technology,$2 to $5 billion (USD),"Square, PayPal, H&R Block",0
Data Analyst III (Healthcare Analytics),60-124 ,60,124,92.0,3.3,"Centene Corporation
3.3","San Diego, CA","Saint Louis, MO",10000+ employees,1984,Company - Public,Insurance Carriers,Insurance,$10+ billion (USD),-1,0
Data Analyst - VerityStream,60-124 ,60,124,92.0,4.1,"Verity, A HealthStream Company
4.1","San Diego, CA","Boulder, CO",201 to 500 employees,1985,Subsidiary or Business Segment,Computer Hardware & Software,Information Technology,Unknown / Non-Applicable,-1,0
Automotive eCommerce Data Analyst,60-124 ,60,124,92.0,4.2,"Web Shop Manager
4.2","San Diego, CA","San Diego, CA",1 to 50 employees,2000,Company - Private,Computer Hardware & Software,Information Technology,$1 to $5 million (USD),-1,0
Data Analyst IV,60-124 ,60,124,92.0,3.5,"Potomac Management
3.5","San Diego, CA","Hagerstown, MD",51 to 200 employees,-1,Nonprofit Organization,-1,-1,Unknown / Non-Applicable,-1,0
Division Data and Financial Analyst,60-124 ,60,124,92.0,4.3,"UC San Diego
4.3","San Diego, CA","La Jolla, CA",10000+ employees,1960,College / University,Colleges & Universities,Education,Unknown / Non-Applicable,-1,0
Data Analyst Junior,60-124 ,60,124,92.0,5.0,"Staffigo Technical Services, LLC
5.0","San Diego, CA","Woodridge, IL",51 to 200 employees,2008,Company - Private,IT Services,Information Technology,$50 to $100 million (USD),-1,0
SWRMC Assessments Junior Data Analyst,60-124 ,60,124,92.0,3.2,"Amentum
3.2","San Diego, CA","Germantown, MD",10000+ employees,-1,Company - Public,-1,-1,Unknown / Non-Applicable,-1,0
Business Data Analyst III,60-124 ,60,124,92.0,3.5,"Russell Tobin & Associates
3.5","San Diego, CA","New York, NY",51 to 200 employees,2010,Subsidiary or Business Segment,Staffing & Outsourcing,Business Services,$10 to $25 million (USD),-1,0
C4I Data Analyst/Engineer,60-124 ,60,124,92.0,3.3,"Perspecta
3.3","San Diego, CA","Chantilly, VA",10000+ employees,2018,Company - Public,Aerospace & Defense,Aerospace & Defense,Unknown / Non-Applicable,-1,0
Molecular Researcher and Data Analyst,60-124 ,60,124,92.0,4.3,"UC San Diego
4.3","San Diego, CA","La Jolla, CA",10000+ employees,1960,College / University,Colleges & Universities,Education,Unknown / Non-Applicable,-1,0
Health Data Analyst IV,60-124 ,60,124,92.0,2.5,"MedImpact
2.5","San Diego, CA","San Diego, CA",1001 to 5000 employees,1989,Company - Private,Wholesale,Business Services,$10 to $25 million (USD),-1,0
Information Security and Data Privacy Analyst,60-124 ,60,124,92.0,-1.0,Gossamer Bio,"San Diego, CA","San Diego, CA",51 to 200 employees,-1,Company - Public,-1,-1,Unknown / Non-Applicable,-1,0
IT DATA ANALYST- Information Technology,60-124 ,60,124,92.0,3.3,"Sycuan Casino
3.3","El Cajon, CA","El Cajon, CA",1001 to 5000 employees,1983,Company - Private,Gambling,"Arts, Entertainment & Recreation",$100 to $500 million (USD),"Viejas Casino, Barona Casino, Pechanga Resort & Casino",0
"7232 Data Engineer (Analyst/Programmer - Career), Information Technology DevOps",60-124 ,60,124,92.0,4.1,"California State University
4.1","San Diego, CA","Long Beach, CA",10000+ employees,1962,College / University,Colleges & Universities,Education,$2 to $5 billion (USD),-1,0
Systems Analyst - Data Integration,60-124 ,60,124,92.0,3.7,"Sunrise Systems, Inc.
3.7","San Diego, CA","Edison, NJ",501 to 1000 employees,1990,Company - Private,IT Services,Information Technology,$25 to $50 million (USD),-1,0
Molecular Researcher and Data Analyst,60-124 ,60,124,92.0,3.7,"University of California - San Diego Medical Centers
3.7","San Diego, CA","San Diego, CA",10000+ employees,1966,Hospital,Health Care Services & Hospitals,Health Care,Unknown / Non-Applicable,"Sharp HealthCare, Scripps Health",0
Data Analyst - EDSS,60-124 ,60,124,92.0,4.2,"World Wide Technology
4.2","San Diego, CA","Maryland Heights, MO",5001 to 10000 employees,1990,Company - Private,Computer Hardware & Software,Information Technology,$10+ billion (USD),"Forsythe Technology, ePlus",0
Sr. Data Governance Analyst,60-124 ,60,124,92.0,4.9,"The Carrera Agency
4.9","San Diego, CA","Aliso Viejo, CA",51 to 200 employees,2002,Company - Private,Staffing & Outsourcing,Business Services,$10 to $25 million (USD),-1,0
Data Manager - Bioinformatics Analyst (Naval Health Center),60-124 ,60,124,92.0,3.5,"General Dynamics Information Technology
3.5","San Diego, CA","Fairfax, VA",10000+ employees,1996,Subsidiary or Business Segment,IT Services,Information Technology,$10+ billion (USD),"SAIC, Leidos, Northrop Grumman",0
#104252 Division Data and Financial Analyst,34-61 ,34,61,47.5,4.3,"UC San Diego
4.3","San Diego, CA","La Jolla, CA",10000+ employees,1960,College / University,Colleges & Universities,Education,Unknown / Non-Applicable,-1,0
Systems Analyst - Data Integration and ETL process,34-61 ,34,61,47.5,3.4,"Kelly IT
3.4","San Diego, CA",-1,501 to 1000 employees,-1,Company - Private,Staffing & Outsourcing,Business Services,Unknown / Non-Applicable,-1,0
Senior Financial Data Analyst,34-61 ,34,61,47.5,3.5,"Vervent
3.5","San Diego, CA","San Diego, CA",501 to 1000 employees,1986,Company - Private,Lending,Finance,Unknown / Non-Applicable,-1,1
Sr. C4I Data Analyst/Engineer,34-61 ,34,61,47.5,3.3,"Perspecta
3.3","San Diego, CA","Chantilly, VA",10000+ employees,2018,Company - Public,Aerospace & Defense,Aerospace & Defense,Unknown / Non-Applicable,-1,0
Senior Tactical Data Link Systems Analyst,34-61 ,34,61,47.5,3.7,"SBG Techology Solutions
3.7","San Diego, CA","Stafford, VA",51 to 200 employees,2004,Company - Private,IT Services,Information Technology,$10 to $25 million (USD),-1,0
Data Analyst I,24-48 ,24,48,36.0,4.1,"Insight Enterprises, Inc.
4.1","Plano, TX","Tempe, AZ",5001 to 10000 employees,1988,Company - Public,Enterprise Software & Network Solutions,Information Technology,$5 to $10 billion (USD),"CDW, PCM, SHI International",0
Data Analyst II,24-48 ,24,48,36.0,4.1,"Insight Enterprises, Inc.
4.1","Plano, TX","Tempe, AZ",5001 to 10000 employees,1988,Company - Public,Enterprise Software & Network Solutions,Information Technology,$5 to $10 billion (USD),"CDW, PCM, SHI International",0
Data Conversion Analyst,24-48 ,24,48,36.0,4.3,"Harris Computer
4.3","Allen, TX","Ottawa, Canada",5001 to 10000 employees,1976,Subsidiary or Business Segment,Computer Hardware & Software,Information Technology,$500 million to $1 billion (USD),Tyler Technologies,0
Data Analyst - Retail (Entry Level),24-48 ,24,48,36.0,3.3,"Lidl
3.3","Arlington, TX","London, United Kingdom",10000+ employees,1994,Company - Private,Grocery Stores & Supermarkets,Retail,$10+ billion (USD),"ALDI, Tesco, Carrefour",0
Data Analyst - Healthcare Fraud,24-48 ,24,48,36.0,3.1,"Delmarva Foundation
3.1","Dallas, TX","Easton, MD",501 to 1000 employees,1973,Nonprofit Organization,Consulting,Business Services,$50 to $100 million (USD),-1,0
Data Analyst Intern,24-48 ,24,48,36.0,4.9,"Pieces Technology, Inc.
4.9","Dallas, TX","Dallas, TX",51 to 200 employees,2015,Company - Private,Enterprise Software & Network Solutions,Information Technology,Unknown / Non-Applicable,-1,0
Data Analyst BHJOB11946_,24-48 ,24,48,36.0,3.3,"Addison Group
3.3","Dallas, TX","Chicago, IL",501 to 1000 employees,1999,Company - Private,Staffing & Outsourcing,Business Services,Unknown / Non-Applicable,-1,0
SQL Data Analyst,24-48 ,24,48,36.0,3.9,"Mondo
3.9","Dallas, TX","New York, NY",51 to 200 employees,2000,Company - Private,Staffing & Outsourcing,Business Services,$100 to $500 million (USD),"Robert Half, Insight Global",0
Data Science - Analyst/Associate - Security Incident Response Team,24-48 ,24,48,36.0,4.0,"Goldman Sachs
4.0","Dallas, TX","New York, NY",10000+ employees,1869,Company - Public,Investment Banking & Asset Management,Finance,$10+ billion (USD),"J.P. Morgan, Merrill Lynch, Morgan Stanley",0
Game Data Analyst,24-48 ,24,48,36.0,5.0,"PeopleFun
5.0","Richardson, TX","Richardson, TX",1 to 50 employees,-1,Company - Private,Audiovisual,"Arts, Entertainment & Recreation",Unknown / Non-Applicable,-1,0
"Analyst, Data Intelligence",24-48 ,24,48,36.0,3.7,"The Richards Group
3.7","Dallas, TX","Dallas, TX",501 to 1000 employees,1957,Company - Private,Advertising & Marketing,Business Services,$100 to $500 million (USD),-1,0
HR Data Analyst II,24-48 ,24,48,36.0,3.7,"Federal Reserve Bank
3.7","Dallas, TX","New York, NY",1001 to 5000 employees,1914,Company - Private,Financial Analytics & Research,Finance,$10+ billion (USD),-1,0
Data Analyst,24-48 ,24,48,36.0,3.8,"TekniSMart Solutions
3.8","Dallas, TX","Plano, TX",1 to 50 employees,-1,Contract,-1,-1,Unknown / Non-Applicable,-1,0
Data Analyst,24-48 ,24,48,36.0,4.4,"InfoVision, Inc.
4.4","Dallas, TX","Richardson, TX",1001 to 5000 employees,1995,Company - Private,IT Services,Information Technology,$100 to $500 million (USD),-1,0
DATA ANALYST,24-48 ,24,48,36.0,3.1,"Dallas County
3.1","Dallas, TX","Dallas, TX",201 to 500 employees,-1,Government,Municipal Governments,Government,$50 to $100 million (USD),-1,0
Data Science – Analyst/Associate - Security Incident Response Team,24-48 ,24,48,36.0,4.0,"Goldman Sachs
4.0","Dallas, TX","New York, NY",10000+ employees,1869,Company - Public,Investment Banking & Asset Management,Finance,$10+ billion (USD),"J.P. Morgan, Merrill Lynch, Morgan Stanley",0
IGNITE Graduate Development Program - Application Developer / Data Scientist / Business Analyst,24-48 ,24,48,36.0,3.4,"Atos
3.4","Irving, TX","Bezons, France",10000+ employees,1919,Company - Public,IT Services,Information Technology,$10+ billion (USD),"Accenture, Capgemini",0
Data Analyst,24-48 ,24,48,36.0,-1.0,Yeti Technologies,"Irving, TX","Irving, TX",1 to 50 employees,-1,Company - Public,IT Services,Information Technology,Less than $1 million (USD),-1,0
Data Analyst (HR),24-48 ,24,48,36.0,3.3,"Lidl
3.3","Arlington, TX","London, United Kingdom",10000+ employees,1994,Company - Private,Grocery Stores & Supermarkets,Retail,$10+ billion (USD),"ALDI, Tesco, Carrefour",0
Data Analyst,24-48 ,24,48,36.0,4.1,"Nokia
4.1","Dallas, TX","Nokia, Finland",10000+ employees,1865,Company - Public,Telecommunications Services,Telecommunications,$10+ billion (USD),"Ericsson-Worldwide, Huawei Technologies, Microsoft",0
"Data Analyst (SQL, Tableau)",24-48 ,24,48,36.0,3.5,"The Judge Group, Inc.
3.5","Richardson, TX","Wayne, PA",1001 to 5000 employees,1970,Company - Private,Staffing & Outsourcing,Business Services,$100 to $500 million (USD),"Adecco, Kforce",0
DATA ANALYST TEAM — Data Analyst,24-48 ,24,48,36.0,3.3,"Precision
3.3","Dallas, TX","Hastings, MN",1 to 50 employees,-1,Company - Private,-1,-1,Less than $1 million (USD),-1,0
Data Analyst,24-48 ,24,48,36.0,3.4,"ZeniMax Media, Inc.
3.4","Dallas, TX","Rockville, MD",201 to 500 employees,1999,Company - Private,Video Games,Media,Unknown / Non-Applicable,-1,0
Data Analyst (Product Analytics),24-48 ,24,48,36.0,2.8,"Match Group
2.8","Dallas, TX","Norwalk, CT",1001 to 5000 employees,1998,Company - Private,Advertising & Marketing,Business Services,$100 to $500 million (USD),-1,0
Data Analyst,24-48 ,24,48,36.0,2.9,"Hilltop Holdings
2.9","Irving, TX","Dallas, TX",1001 to 5000 employees,1998,Company - Public,Banks & Credit Unions,Finance,$1 to $2 billion (USD),-1,0
Performance Improvement Data Analyst,24-48 ,24,48,36.0,4.0,"Texas Scottish Rite Hospital for Children
4.0","Dallas, TX","Dallas, TX",1001 to 5000 employees,1921,Nonprofit Organization,Health Care Services & Hospitals,Health Care,Unknown / Non-Applicable,-1,0
Junior Data Analyst,24-48 ,24,48,36.0,5.0,"Staffigo Technical Services, LLC
5.0","Dallas, TX","Woodridge, IL",51 to 200 employees,2008,Company - Private,IT Services,Information Technology,$50 to $100 million (USD),-1,0
Data Analyst,24-48 ,24,48,36.0,2.9,"Human Coalition
2.9","Plano, TX","Frisco, TX",201 to 500 employees,-1,Nonprofit Organization,-1,-1,Unknown / Non-Applicable,-1,0
DALLAS Campus Recruiting 2018 - I&D - Data Analyst,24-48 ,24,48,36.0,3.8,"Capgemini
3.8","Dallas, TX","Paris, France",10000+ employees,1967,Company - Public,Enterprise Software & Network Solutions,Information Technology,$10+ billion (USD),"Accenture, CGI, Sopra Steria",0
Business Data Analyst,30-53 ,30,53,41.5,3.8,"Diversant LLC
3.8","Dallas, TX","Red Bank, NJ",1001 to 5000 employees,2005,Company - Private,Staffing & Outsourcing,Business Services,$100 to $500 million (USD),"Kforce, Mitchell Martin, Insight Global",0
"Analyst, Data & Design",30-53 ,30,53,41.5,3.3,"Dallas ISD
3.3","Dallas, TX","Dallas, TX",10000+ employees,1867,School / School District,Preschool & Child Care,Education,$1 to $2 billion (USD),-1,0
Data Analyst,30-53 ,30,53,41.5,-1.0,StaffingSoft Inc.,"Irving, TX",-1,-1,-1,-1,-1,-1,-1,-1,0
Data Quality Analyst,30-53 ,30,53,41.5,3.6,"Signify Health
3.6","Dallas, TX","Dallas, TX",501 to 1000 employees,2017,Company - Private,Health Care Services & Hospitals,Health Care,Unknown / Non-Applicable,-1,1
Data Analyst,30-53 ,30,53,41.5,4.1,"Kforce
4.1","Dallas, TX","Tampa, FL",10000+ employees,1966,Company - Public,Staffing & Outsourcing,Business Services,$1 to $2 billion (USD),-1,0
Data Analyst,30-53 ,30,53,41.5,4.6,"Financial Additions
4.6","Dallas, TX","Dallas, TX",1 to 50 employees,1999,Company - Private,Investment Banking & Asset Management,Finance,$5 to $10 million (USD),-1,0
"Analyst I, Data & Design",30-53 ,30,53,41.5,3.3,"Dallas Independent School District
3.3","Dallas, TX","Dallas, TX",10000+ employees,1867,School / School District,Preschool & Child Care,Education,$1 to $2 billion (USD),-1,0
Data Analyst,30-53 ,30,53,41.5,3.4,"First American Financial Corporation
3.4","Irving, TX","Santa Ana, CA",10000+ employees,1889,Company - Public,Insurance Carriers,Insurance,$5 to $10 billion (USD),-1,0
Client Data Analyst,30-53 ,30,53,41.5,3.6,"Signify Health
3.6","Dallas, TX","Dallas, TX",501 to 1000 employees,2017,Company - Private,Health Care Services & Hospitals,Health Care,Unknown / Non-Applicable,-1,1
HR Data Analyst II,30-53 ,30,53,41.5,4.1,"Federal Reserve Bank (FRB)
4.1","Dallas, TX","Washington, DC",1001 to 5000 employees,1913,Government,Federal Agencies,Government,Unknown / Non-Applicable,"FDIC, Office of the Comptroller of the Currency, SEC",0
Data Analyst,30-53 ,30,53,41.5,-1.0,1,"Dallas, TX",-1,-1,-1,-1,-1,-1,-1,-1,0
Healthcare Data Analyst,30-53 ,30,53,41.5,3.8,"VITALWARE LLC
3.8","Dallas, TX","Yakima, WA",51 to 200 employees,2010,Company - Private,Health Care Services & Hospitals,Health Care,$10 to $25 million (USD),-1,0
IGNITE Graduate Development Program Application Developer / Data Scientist / Business Analyst,30-53 ,30,53,41.5,-1.0,Atos Healthcare,"Irving, TX",-1,-1,-1,-1,-1,-1,-1,-1,0
Data Analyst II,30-53 ,30,53,41.5,3.6,"Kubota Tractor
3.6","Grapevine, TX","Grapevine, TX",1001 to 5000 employees,1971,Subsidiary or Business Segment,Industrial Manufacturing,Manufacturing,$2 to $5 billion (USD),-1,0
Data Analyst,30-53 ,30,53,41.5,2.9,"Trinity Industries
2.9","Dallas, TX","Dallas, TX",10000+ employees,1933,Company - Public,Transportation Equipment Manufacturing,Manufacturing,$5 to $10 billion (USD),"GATX, BNSF Railway",0
Data Analyst,30-53 ,30,53,41.5,3.7,"Randstad US
3.7","Plano, TX","Atlanta, GA",1001 to 5000 employees,-1,Subsidiary or Business Segment,Staffing & Outsourcing,Business Services,Unknown / Non-Applicable,-1,0
System/Data Analyst,30-53 ,30,53,41.5,3.5,"L&T Infotech
3.5","Irving, TX","Mumbai, India",10000+ employees,1997,Company - Public,IT Services,Information Technology,Unknown / Non-Applicable,"Infosys, Accenture, Capgemini",0
HR Data Analyst II,30-53 ,30,53,41.5,3.6,"Federal Reserve Bank of Richmond
3.6","Dallas, TX","Richmond, VA",1001 to 5000 employees,1914,Nonprofit Organization,Banks & Credit Unions,Finance,$5 to $10 billion (USD),-1,0
Data Analyst,30-53 ,30,53,41.5,1.0,"Sphinix Solutions
1.0","Plano, TX","New York, NY",1 to 50 employees,-1,Company - Private,IT Services,Information Technology,Less than $1 million (USD),-1,0
Data Reporting Analyst,30-53 ,30,53,41.5,4.1,"A-Line Staffing Solutions
4.1","Dallas, TX","Utica, MI",501 to 1000 employees,2004,Company - Private,Staffing & Outsourcing,Business Services,Unknown / Non-Applicable,-1,0
Sr Data Integrity Analyst,30-53 ,30,53,41.5,3.8,"Atmos Energy Corp.
3.8","Dallas, TX","Dallas, TX",1001 to 5000 employees,1906,Company - Public,Oil & Gas Services,"Oil, Gas, Energy & Utilities",$2 to $5 billion (USD),-1,0
Data System Analyst,30-53 ,30,53,41.5,3.7,"Citi
3.7","Irving, TX","New York, NY",10000+ employees,1812,Company - Public,Investment Banking & Asset Management,Finance,$10+ billion (USD),-1,0
Data Analyst,30-53 ,30,53,41.5,5.0,"Staffigo Technical Services, LLC
5.0","Dallas, TX","Woodridge, IL",51 to 200 employees,2008,Company - Private,IT Services,Information Technology,$50 to $100 million (USD),-1,0
Research Data Analyst,30-53 ,30,53,41.5,2.6,"North Central Texas Council of Governments
2.6","Arlington, TX","Arlington, TX",201 to 500 employees,1966,Nonprofit Organization,Membership Organizations,Business Services,$10 to $25 million (USD),-1,0
Data Analyst,30-53 ,30,53,41.5,-1.0,Corporate G. LLC,"Dallas, TX","Bengaluru, India",201 to 500 employees,-1,Company - Private,-1,-1,Unknown / Non-Applicable,-1,0
RAPD Risk Platforms & Data - Analyst,30-53 ,30,53,41.5,4.0,"Goldman Sachs
4.0","Dallas, TX","New York, NY",10000+ employees,1869,Company - Public,Investment Banking & Asset Management,Finance,$10+ billion (USD),"J.P. Morgan, Merrill Lynch, Morgan Stanley",0
Business Data Analyst,30-53 ,30,53,41.5,3.5,"McAfee
3.5","Plano, TX","Santa Clara, CA",5001 to 10000 employees,1987,Company - Private,Computer Hardware & Software,Information Technology,$10+ billion (USD),"Palo Alto Networks, NortonLifeLock, CrowdStrike",0
Data Analyst,30-53 ,30,53,41.5,4.6,"Conch Technologies, Inc
4.6","Plano, TX","Memphis, TN",51 to 200 employees,-1,Company - Private,Consulting,Business Services,$5 to $10 million (USD),-1,0
Business Analyst/Data Consultant,30-53 ,30,53,41.5,3.8,"Apex Systems
3.8","Irving, TX","Glen Allen, VA",1001 to 5000 employees,1995,Subsidiary or Business Segment,Staffing & Outsourcing,Business Services,$2 to $5 billion (USD),"TEKsystems, Insight Global, Accenture",1
Data Analyst - Contract Renewals,30-53 ,30,53,41.5,2.8,"RealPage
2.8","Richardson, TX","Richardson, TX",5001 to 10000 employees,1998,Company - Public,Computer Hardware & Software,Information Technology,$500 million to $1 billion (USD),"Yardi Systems, AppFolio",0
Analyst Supply Chain I Data Management,41-86 ,41,86,63.5,3.9,"Mary Kay
3.9","Lewisville, TX","Addison, TX",5001 to 10000 employees,1963,Company - Private,Consumer Products Manufacturing,Manufacturing,$2 to $5 billion (USD),-1,0
Senior Data Analyst,41-86 ,41,86,63.5,4.5,"Mobilityware
4.5","Dallas, TX","Irvine, CA",51 to 200 employees,1990,Company - Private,Video Games,Media,Unknown / Non-Applicable,-1,0
Data Analyst,41-86 ,41,86,63.5,3.0,"AustinCSI
3.0","Grapevine, TX","Plano, TX",51 to 200 employees,2007,Company - Private,Consulting,Business Services,Unknown / Non-Applicable,-1,0
Data Integration Analyst,41-86 ,41,86,63.5,4.4,"Apptricity Corporation
4.4","Irving, TX","Irving, TX",51 to 200 employees,1999,Company - Private,Computer Hardware & Software,Information Technology,$5 to $10 million (USD),-1,0
Data Analyst,41-86 ,41,86,63.5,4.1,"Mitchell Martin
4.1","Plano, TX","New York, NY",501 to 1000 employees,1984,Company - Private,Staffing & Outsourcing,Business Services,$100 to $500 million (USD),-1,0
Data Analyst,41-86 ,41,86,63.5,4.3,"National NeuroMonitoring
4.3","Addison, TX","San Antonio, TX",51 to 200 employees,2008,Company - Private,Health Care Services & Hospitals,Health Care,Unknown / Non-Applicable,-1,0
Healthcare Analyst / Healthcare Data Analyst,41-86 ,41,86,63.5,5.0,"PriceSenz
5.0","Irving, TX","Irving, TX",Unknown,-1,Company - Public,-1,-1,Unknown / Non-Applicable,-1,0
Human Resources data Analyst,41-86 ,41,86,63.5,1.9,"MOA
1.9","Plano, TX","Paris, France",51 to 200 employees,1997,Unknown,-1,-1,Unknown / Non-Applicable,-1,0
Business Analyst - Data Protection,41-86 ,41,86,63.5,3.4,"NTT DATA
3.4","Irving, TX","Tokyo, Japan",10000+ employees,1967,Company - Public,IT Services,Information Technology,$10+ billion (USD),"Capgemini, Accenture, Deloitte",0
Data Analyst,41-86 ,41,86,63.5,2.8,"Ho Chunk
2.8","Arlington, TX","Winnebago, NE",201 to 500 employees,1995,Company - Private,Convenience Stores & Truck Stops,"Restaurants, Bars & Food Services",$100 to $500 million (USD),-1,0
Data Analyst,41-86 ,41,86,63.5,4.2,"Precision technologies corp
4.2","Plano, TX","New Brunswick, NJ",201 to 500 employees,2008,Company - Private,IT Services,Information Technology,$10 to $25 million (USD),-1,0
Data Analytics Senior Analyst,41-86 ,41,86,63.5,3.7,"Citi
3.7","Irving, TX","New York, NY",10000+ employees,1812,Company - Public,Investment Banking & Asset Management,Finance,$10+ billion (USD),-1,0
Business Data Analyst,41-86 ,41,86,63.5,-1.0,Optum Consumer Solutions Group,"Plano, TX",-1,-1,-1,-1,-1,-1,-1,-1,0
Client Data Analyst,41-86 ,41,86,63.5,3.4,"Mosaic Sales Solutions
3.4","Irving, TX","Irving, TX",5001 to 10000 employees,1947,Company - Private,Advertising & Marketing,Business Services,$500 million to $1 billion (USD),"Marketing Werks, GMR Marketing, Anderson Merchandisers",0
Information Technology Specialist / Data Analyst,41-86 ,41,86,63.5,3.2,"One Call Claims, LLC
3.2","Dallas, TX","Mobile, AL",201 to 500 employees,-1,Company - Private,Insurance Carriers,Insurance,Unknown / Non-Applicable,-1,0
Data Analyst,41-86 ,41,86,63.5,4.2,"Prudent Technologies & Consulting
4.2","Grapevine, TX","Dallas, TX",51 to 200 employees,1998,Company - Private,IT Services,Information Technology,$25 to $50 million (USD),-1,0
Data Management Analyst,41-86 ,41,86,63.5,4.7,"Daylight Solutions
4.7","Dallas, TX","San Diego, CA",51 to 200 employees,-1,Company - Private,Aerospace & Defense,Aerospace & Defense,$25 to $50 million (USD),-1,0
Data Import Analyst,41-86 ,41,86,63.5,4.6,"LeadsOnline LLC
4.6","Plano, TX","Plano, TX",1 to 50 employees,-1,Company - Private,-1,-1,$1 to $5 million (USD),-1,0
Senior Data Analyst,41-86 ,41,86,63.5,3.8,"Excite Health Partners
3.8","Dallas, TX","Towson, MD",51 to 200 employees,-1,Company - Private,Staffing & Outsourcing,Business Services,Unknown / Non-Applicable,-1,0
SAS Data Analyst III(With SOL & Tableau),41-86 ,41,86,63.5,3.4,"PROLIM Global Corporation
3.4","Dallas, TX","Farmington Hills, MI",201 to 500 employees,2005,Company - Private,Enterprise Software & Network Solutions,Information Technology,$25 to $50 million (USD),"Arena, HCL Technologies, PTC",0
NA Data Reporting Analyst,41-86 ,41,86,63.5,3.1,"ADT
3.1","Irving, TX","Boca Raton, FL",10000+ employees,1874,Company - Public,Security Services,Business Services,$2 to $5 billion (USD),"Vivint Smart Home, Johnson Controls",0
SAS Data Analyst,41-86 ,41,86,63.5,3.4,"Pinnacle Technical Resources, Inc.
3.4","Dallas, TX","Dallas, TX",5001 to 10000 employees,1996,Company - Private,Staffing & Outsourcing,Business Services,$100 to $500 million (USD),-1,0
Data Analyst II,41-86 ,41,86,63.5,-1.0,Insight UK,"Plano, TX","Warwick, United Kingdom",1 to 50 employees,-1,Company - Private,-1,-1,Unknown / Non-Applicable,-1,0
Data Science- Security Analyst,41-86 ,41,86,63.5,3.4,"eDataForce consulting LLC
3.4","Dallas, TX","Flower Mound, TX",1 to 50 employees,2012,Company - Private,IT Services,Information Technology,$1 to $5 million (USD),-1,0
Direct Client Requirement - Data Reporting Analyst,41-86 ,41,86,63.5,-1.0,"Real Soft, Inc / Diversity Direct","Dallas, TX",-1,-1,-1,-1,-1,-1,-1,-1,0
Data Management Analyst,41-86 ,41,86,63.5,2.9,"Trinity Industries
2.9","Dallas, TX","Dallas, TX",10000+ employees,1933,Company - Public,Transportation Equipment Manufacturing,Manufacturing,$5 to $10 billion (USD),"GATX, BNSF Railway",0
Sr. Business Data Analyst - Enterprise Risk,41-86 ,41,86,63.5,2.5,"ServiceLink, a Black Knight Company
2.5","Dallas, TX","Pittsburgh, PA",1001 to 5000 employees,1967,Subsidiary or Business Segment,Lending,Finance,$500 million to $1 billion (USD),"Mortgage Connect, Amrock, Title365",0
Claims Data Analyst,41-86 ,41,86,63.5,4.0,"Lightbeam Health Solutions
4.0","Irving, TX","Irving, TX",51 to 200 employees,-1,Company - Private,Health Care Services & Hospitals,Health Care,$5 to $10 million (USD),-1,0
Data Analyst 4,41-86 ,41,86,63.5,2.8,"Telnet (Rockville, MD)
2.8","Dallas, TX","Rockville, MD",51 to 200 employees,-1,Company - Private,Consulting,Business Services,$10 to $25 million (USD),-1,0
SENIOR APPLICATION PROGRAMMER ANALYST (Data Transformation & Integration) - ITD,44-82 ,44,82,63.0,3.3,"Tarrant County
3.3","Tarrant, TX","Fort Worth, TX",1 to 50 employees,-1,Government,Municipal Governments,Government,Less than $1 million (USD),-1,0
Data Governance Analyst,44-82 ,44,82,63.0,3.8,"Diversant LLC
3.8","Dallas, TX","Red Bank, NJ",1001 to 5000 employees,2005,Company - Private,Staffing & Outsourcing,Business Services,$100 to $500 million (USD),"Kforce, Mitchell Martin, Insight Global",0
Data Analyst - SM,44-82 ,44,82,63.0,3.8,"Vastika
3.8","Irving, TX","Irving, TX",1 to 50 employees,-1,Company - Private,"Health, Beauty, & Fitness",Consumer Services,Less than $1 million (USD),-1,0
Reporting Data Analyst (contract to hire),44-82 ,44,82,63.0,-1.0,Financial Services Company,"Dallas, TX",-1,-1,-1,-1,-1,-1,-1,-1,0
Data Analyst {S02268P},44-82 ,44,82,63.0,4.2,"University of Texas at Arlington
4.2","Arlington, TX","Arlington, TX",1001 to 5000 employees,1967,College / University,Colleges & Universities,Education,$100 to $500 million (USD),-1,0
Data Analyst,44-82 ,44,82,63.0,4.1,"APN Software Services Inc.
4.1","Plano, TX","Newark, CA",51 to 200 employees,-1,Company - Private,Computer Hardware & Software,Information Technology,$25 to $50 million (USD),-1,0
Data Analyst - Marketing,44-82 ,44,82,63.0,3.7,"Fairway Independent Mortgage Corporation
3.7","Carrollton, TX","Madison, WI",5001 to 10000 employees,1996,Company - Private,Lending,Finance,$10+ billion (USD),-1,0
Senior Data Quality Analyst,44-82 ,44,82,63.0,3.6,"Signify Health
3.6","Dallas, TX","Dallas, TX",501 to 1000 employees,2017,Company - Private,Health Care Services & Hospitals,Health Care,Unknown / Non-Applicable,-1,1
Senior Data Analyst,44-82 ,44,82,63.0,3.5,"HCL America Inc.
3.5","Plano, TX","Noida, India",10000+ employees,1991,Company - Public,Computer Hardware & Software,Information Technology,$5 to $10 billion (USD),"Infosys, Tata Consultancy Services, Wipro",0
Sr. Enterprise BI Data Analyst,44-82 ,44,82,63.0,2.1,"Colfax Corporation
2.1","Dallas, TX","Annapolis Junction, MD",10000+ employees,1995,Company - Public,Industrial Manufacturing,Manufacturing,$2 to $5 billion (USD),"SPX, Flowserve, Robbins & Myers",0
Accounting/Data Analyst Associate,44-82 ,44,82,63.0,3.7,"Bloomfield Homes
3.7","Southlake, TX","Southlake, TX",1 to 50 employees,-1,Subsidiary or Business Segment,Construction,"Construction, Repair & Maintenance",$100 to $500 million (USD),-1,0
Sr. Business Data Analyst Enterprise Risk,44-82 ,44,82,63.0,2.5,"ServiceLink
2.5","Dallas, TX","Pittsburgh, PA",1001 to 5000 employees,1967,Subsidiary or Business Segment,Lending,Finance,$500 million to $1 billion (USD),"Mortgage Connect, Amrock, Title365",0
Sr. BI Data Engineer and Analyst,44-82 ,44,82,63.0,3.6,"Onyx CenterSource
3.6","Dallas, TX","Dallas, TX",201 to 500 employees,2013,Company - Private,Financial Transaction Processing,Finance,$50 to $100 million (USD),-1,0
Data Management Analyst,44-82 ,44,82,63.0,-1.0,Corporate G. LLC,"Dallas, TX","Bengaluru, India",201 to 500 employees,-1,Company - Private,-1,-1,Unknown / Non-Applicable,-1,0
"Data Analyst (Python), Dallas, Methods+Mastery (a FleishmanHillard Company)",44-82 ,44,82,63.0,3.3,"Fleishman-Hillard Inc
3.3","Dallas, TX","Saint Louis, MO",1001 to 5000 employees,1946,Subsidiary or Business Segment,Advertising & Marketing,Business Services,Unknown / Non-Applicable,"Edelman, Burson-Marsteller, Weber Shandwick",0
Pricing Data Analyst,44-82 ,44,82,63.0,-1.0,Kforce Technology Staffing,"Plano, TX",-1,-1,-1,-1,-1,-1,-1,-1,0
Data Platform System Analyst Lead (Data Services),44-82 ,44,82,63.0,3.9,"JPMorgan Chase
3.9","Lewisville, TX","New York, NY",10000+ employees,1799,Company - Public,Investment Banking & Asset Management,Finance,$10+ billion (USD),-1,0
Business Analyst/Data Analyst,44-82 ,44,82,63.0,3.7,"eTeam Inc.
3.7","Irving, TX","South Plainfield, NJ",51 to 200 employees,1999,Company - Private,Staffing & Outsourcing,Business Services,$50 to $100 million (USD),"Artech Information Systems, Mindlance, Tech Mahindra",0
Sr. Data Analyst,44-82 ,44,82,63.0,-1.0,"BurnsSearch, LLC","Dallas, TX","Frisco, TX",51 to 200 employees,1999,Company - Private,Staffing & Outsourcing,Business Services,Unknown / Non-Applicable,-1,0
Data Analyst,44-82 ,44,82,63.0,3.3,"Mindteck
3.3","Coppell, TX","Bengaluru, India",1001 to 5000 employees,1991,Company - Public,IT Services,Information Technology,$50 to $100 million (USD),-1,0
"Data Management Analyst - Dallas, TX/ Tempe, FL",44-82 ,44,82,63.0,5.0,"Georgia IT Inc.
5.0","Dallas, TX","Alpharetta, GA",1 to 50 employees,-1,Company - Private,-1,-1,Less than $1 million (USD),-1,0
Senior Data Analyst,44-82 ,44,82,63.0,3.5,"Analytical Mechanics Associates
3.5","Dallas, TX","Hampton, VA",201 to 500 employees,1962,Company - Private,Consulting,Business Services,$10 to $25 million (USD),-1,0
Financial Data Analyst,44-82 ,44,82,63.0,2.6,"CarOffer
2.6","Plano, TX","Plano, TX",51 to 200 employees,-1,Company - Private,Consumer Product Rental,Consumer Services,Unknown / Non-Applicable,-1,0
Data Conversion Analyst,44-82 ,44,82,63.0,-1.0,Harris Local Government Solutions Inc,"Allen, TX",-1,-1,-1,-1,-1,-1,-1,-1,0
Behavorial Health Data Analyst,44-82 ,44,82,63.0,3.5,"LifePath Systems
3.5","Plano, TX","McKinney, TX",51 to 200 employees,-1,Government,-1,-1,Unknown / Non-Applicable,-1,0
Data Analyst Lead - EM & Data,44-82 ,44,82,63.0,4.0,"Lorven Technologies Inc
4.0","Richardson, TX","Plainsboro, NJ",1 to 50 employees,-1,Company - Private,Accounting,Accounting & Legal,Less than $1 million (USD),-1,0
Senior Data Analyst,44-82 ,44,82,63.0,3.4,"Home Point Financial
3.4","Farmers Branch, TX","Ann Arbor, MI",1001 to 5000 employees,2015,Company - Private,Lending,Finance,Unknown / Non-Applicable,-1,0
Sr. Data Analyst - Healthcare Claims,44-82 ,44,82,63.0,4.2,"Horn Solutions Inc.
4.2","Dallas, TX","Sugar Land, TX",1 to 50 employees,2008,Company - Private,Consulting,Business Services,$50 to $100 million (USD),-1,0
Sr. Enterprise BI Data Analyst,48-88 ,48,88,68.0,3.0,"DJO Global
3.0","Dallas, TX","Dallas, TX",5001 to 10000 employees,1978,Subsidiary or Business Segment,Health Care Products Manufacturing,Manufacturing,$1 to $2 billion (USD),"Orthofix, Stryker",0
Data/Business Solutions Analyst - Jr,48-88 ,48,88,68.0,4.1,"Kforce
4.1","Plano, TX","Tampa, FL",10000+ employees,1966,Company - Public,Staffing & Outsourcing,Business Services,$1 to $2 billion (USD),-1,0
System Analyst(Big Data/Hadoop),48-88 ,48,88,68.0,4.0,"silverXis inc
4.0","Irving, TX",-1,1 to 50 employees,-1,Other Organization,IT Services,Information Technology,Unknown / Non-Applicable,-1,0
Pricing Data Analyst,48-88 ,48,88,68.0,4.1,"Kforce
4.1","Plano, TX","Tampa, FL",10000+ employees,1966,Company - Public,Staffing & Outsourcing,Business Services,$1 to $2 billion (USD),-1,0
Data Management Analyst,48-88 ,48,88,68.0,3.2,"Community Hospital Corporation
3.2","Plano, TX","Plano, TX",1001 to 5000 employees,1996,Company - Private,Health Care Services & Hospitals,Health Care,Unknown / Non-Applicable,-1,0
Application Vulnerability Governance Lead Data Analyst,48-88 ,48,88,68.0,3.7,"Citi
3.7","Irving, TX","New York, NY",10000+ employees,1812,Company - Public,Investment Banking & Asset Management,Finance,$10+ billion (USD),-1,0
SAP Data Analyst (Contract),48-88 ,48,88,68.0,4.0,"Two95 International Inc.
4.0","Irving, TX","Cherry Hill, NJ",1 to 50 employees,-1,Company - Private,Staffing & Outsourcing,Business Services,$1 to $5 million (USD),-1,0
LAWSON LANDMARK DATA EXTRACT ANALYST,48-88 ,48,88,68.0,3.5,"CTG
3.5","Dallas, TX","New York, NY",Unknown,-1,Company - Private,-1,-1,Unknown / Non-Applicable,-1,0
Business Analytics Analyst II (Data Concierge),48-88 ,48,88,68.0,4.2,"University of Texas at Arlington
4.2","Arlington, TX","Arlington, TX",1001 to 5000 employees,1967,College / University,Colleges & Universities,Education,$100 to $500 million (USD),-1,0
Data Science Sr. Analyst,48-88 ,48,88,68.0,4.5,"Radiant Digital
4.5","Dallas, TX","New York, NY",1 to 50 employees,-1,Company - Private,-1,-1,Less than $1 million (USD),-1,0
Data Analyst -0517 Suv,48-88 ,48,88,68.0,3.8,"Vastika
3.8","Irving, TX","Irving, TX",1 to 50 employees,-1,Company - Private,"Health, Beauty, & Fitness",Consumer Services,Less than $1 million (USD),-1,0
Network Data Analyst,48-88 ,48,88,68.0,4.3,"PeopleNTech LLC
4.3","Dallas, TX","Vienna, VA",1 to 50 employees,-1,Contract,IT Services,Information Technology,$1 to $5 million (USD),-1,0
Technical Data Analyst Accounting,48-88 ,48,88,68.0,3.7,"eTeam Inc.
3.7","Irving, TX","South Plainfield, NJ",51 to 200 employees,1999,Company - Private,Staffing & Outsourcing,Business Services,$50 to $100 million (USD),"Artech Information Systems, Mindlance, Tech Mahindra",0
Data Analyst: II (Intermediate),48-88 ,48,88,68.0,4.4,"Ava Consulting
4.4","Irving, TX","Dallas, TX",1 to 50 employees,-1,Company - Public,IT Services,Information Technology,Less than $1 million (USD),-1,0
Senior Enterprise Data Management Analyst,48-88 ,48,88,68.0,3.1,"Molex
3.1","Dallas, TX","Lisle, IL",10000+ employees,1938,Company - Private,Electrical & Electronic Manufacturing,Manufacturing,$2 to $5 billion (USD),-1,0
Data Quality Analyst,48-88 ,48,88,68.0,3.2,"Net2Source
3.2","Richardson, TX","Somerset, NJ",1001 to 5000 employees,2007,Company - Private,Staffing & Outsourcing,Business Services,$100 to $500 million (USD),-1,0
Data Analyst - IT Administrator,48-88 ,48,88,68.0,3.3,"ClientSolv Technologies
3.3","Allen, TX","Greenwood Village, CO",51 to 200 employees,1994,Company - Private,IT Services,Information Technology,$10 to $25 million (USD),-1,0
Senior Data Analyst,48-88 ,48,88,68.0,2.8,"Ho Chunk
2.8","Arlington, TX","Winnebago, NE",201 to 500 employees,1995,Company - Private,Convenience Stores & Truck Stops,"Restaurants, Bars & Food Services",$100 to $500 million (USD),-1,0
Data Analyst Lead - Air/Technical Operations,48-88 ,48,88,68.0,4.0,"Lorven Technologies Inc
4.0","Richardson, TX","Plainsboro, NJ",1 to 50 employees,-1,Company - Private,Accounting,Accounting & Legal,Less than $1 million (USD),-1,0
"Analyst, Client Data II",48-88 ,48,88,68.0,3.4,"Mosaic Sales Solutions
3.4","Irving, TX","Irving, TX",5001 to 10000 employees,1947,Company - Private,Advertising & Marketing,Business Services,$500 million to $1 billion (USD),"Marketing Werks, GMR Marketing, Anderson Merchandisers",0
DATA ENGINEER / DATA ANALYST,48-88 ,48,88,68.0,3.9,"Diverse Lynx
3.9","Plano, TX","Princeton, NJ",501 to 1000 employees,2002,Company - Private,IT Services,Information Technology,$100 to $500 million (USD),-1,0
Jr. Data Warehouse Systems Analyst,48-88 ,48,88,68.0,3.2,"Net2Source
3.2","Richardson, TX","Somerset, NJ",1001 to 5000 employees,2007,Company - Private,Staffing & Outsourcing,Business Services,$100 to $500 million (USD),-1,0
"Data Management Analyst in Plano, TX at Community Hospital Corporation",48-88 ,48,88,68.0,3.5,"Community Hospital
3.5","Plano, TX","Tallassee, AL",201 to 500 employees,-1,Hospital,Health Care Services & Hospitals,Health Care,$25 to $50 million (USD),-1,0
QA Automation Analyst with Big data technology,48-88 ,48,88,68.0,3.4,"TECHNOCRAFT Solutions
3.4","Richardson, TX","Hilliard, OH",1 to 50 employees,-1,Company - Private,Advertising & Marketing,Business Services,$1 to $5 million (USD),-1,0
Data Analyst Lead - Commercial,48-88 ,48,88,68.0,4.0,"Lorven Technologies Inc
4.0","Richardson, TX","Plainsboro, NJ",1 to 50 employees,-1,Company - Private,Accounting,Accounting & Legal,Less than $1 million (USD),-1,0
Senior Data Analyst - Property Operations,48-88 ,48,88,68.0,4.3,"Mill Creek Residential Trust
4.3","Dallas, TX","Boca Raton, FL",501 to 1000 employees,2011,Company - Private,Real Estate,Real Estate,Unknown / Non-Applicable,"Alliance Residential, Wood Partners, Trammell Crow Residential",0
Sr Data Management Analyst,48-88 ,48,88,68.0,3.5,"Employbridge
3.5","Irving, TX","Atlanta, GA",1001 to 5000 employees,2006,Company - Private,Staffing & Outsourcing,Business Services,$2 to $5 billion (USD),-1,0
Senior Data Quality Analyst,44-78 ,44,78,61.0,3.2,"FirstAmerica
3.2","Arlington, TX","Aberdeen, United Kingdom",10000+ employees,1995,Company - Private,Transportation Management,Transportation & Logistics,$5 to $10 billion (USD),-1,0
Lead Data Analyst,44-78 ,44,78,61.0,3.6,"ArcBest
3.6","Plano, TX","Fort Smith, AR",10000+ employees,1923,Company - Public,Logistics & Supply Chain,Transportation & Logistics,$2 to $5 billion (USD),-1,0
Data Analyst Lead (Customer and Reservations),44-78 ,44,78,61.0,4.0,"Lorven Technologies Inc
4.0","Richardson, TX","Plainsboro, NJ",1 to 50 employees,-1,Company - Private,Accounting,Accounting & Legal,Less than $1 million (USD),-1,0
Data Analyst - Senior,44-78 ,44,78,61.0,-1.0,Kforce Technology Staffing,"Plano, TX",-1,-1,-1,-1,-1,-1,-1,-1,0
Senior Data Risk Analyst,44-78 ,44,78,61.0,3.9,"Peyton Resource Group (PRG)
3.9","Plano, TX","Irving, TX",1 to 50 employees,2001,Company - Private,Staffing & Outsourcing,Business Services,$10 to $25 million (USD),-1,0
Data/Business Operations Analyst,44-78 ,44,78,61.0,-1.0,Searchlight Professional Networks,"Dallas, TX",-1,-1,-1,-1,-1,-1,-1,-1,0
Data Analyst - Sr,44-78 ,44,78,61.0,3.8,"Apex Systems
3.8","Plano, TX","Glen Allen, VA",1001 to 5000 employees,1995,Subsidiary or Business Segment,Staffing & Outsourcing,Business Services,$2 to $5 billion (USD),"TEKsystems, Insight Global, Accenture",1
Data Analyst - Senior,44-78 ,44,78,61.0,4.1,"Kforce
4.1","Plano, TX","Tampa, FL",10000+ employees,1966,Company - Public,Staffing & Outsourcing,Business Services,$1 to $2 billion (USD),-1,0
Digital S/W Eng Lead Analyst (Big data with SAS and PySpark background),44-78 ,44,78,61.0,4.5,"Frontend Arts
4.5","Irving, TX","Irving, TX",1 to 50 employees,2013,Company - Private,Enterprise Software & Network Solutions,Information Technology,$1 to $5 million (USD),-1,0
Senior QC Analyst: Data Integrity SME,44-78 ,44,78,61.0,-1.0,"Laboratory Validation Specialists, Inc","Dallas, TX",-1,-1,-1,-1,-1,-1,-1,-1,0
"Senior Data Analyst, Internal Audit",44-78 ,44,78,61.0,2.9,"OneMain Financial
2.9","Irving, TX","Baltimore, MD",10000+ employees,1912,Company - Public,Lending,Finance,Unknown / Non-Applicable,"Avant, LendingClub, Prosper.com",0
Analyst/Developer (Data Warehouse) III,44-78 ,44,78,61.0,4.1,"APN Software Services Inc.
4.1","Allen, TX","Newark, CA",51 to 200 employees,-1,Company - Private,Computer Hardware & Software,Information Technology,$25 to $50 million (USD),-1,0
Data Analyst,110-190 ,110,190,150.0,4.5,"OSI Engineering
4.5","Newark, CA","Campbell, CA",51 to 200 employees,2010,Company - Private,Staffing & Outsourcing,Business Services,$25 to $50 million (USD),-1,1
Senior HR Data Analyst,110-190 ,110,190,150.0,4.6,"NVIDIA
4.6","Santa Clara, CA","Santa Clara, CA",10000+ employees,1993,Company - Public,Computer Hardware & Software,Information Technology,$5 to $10 billion (USD),-1,0
Sr. Data Analyst - Growth & Adoption,110-190 ,110,190,150.0,3.9,"Risk Management Solutions (RMS)
3.9","Newark, CA","Newark, CA",1001 to 5000 employees,1989,Company - Private,Enterprise Software & Network Solutions,Information Technology,$100 to $500 million (USD),"AIR Worldwide, EQECAT, Verisk Analytics",0
Data Analyst,110-190 ,110,190,150.0,4.0,"LeanData
4.0","Santa Clara, CA","Sunnyvale, CA",51 to 200 employees,2012,Company - Private,Enterprise Software & Network Solutions,Information Technology,$10 to $25 million (USD),-1,0
"Data Analyst, Product Insights",110-190 ,110,190,150.0,3.3,"Alteryx
3.3","Redwood City, CA","Irvine, CA",1001 to 5000 employees,1997,Company - Public,Enterprise Software & Network Solutions,Information Technology,$100 to $500 million (USD),-1,0
Senior Data Analyst,110-190 ,110,190,150.0,3.1,"Bandai Namco Entertainment America
3.1","Santa Clara, CA","Santa Clara, CA",51 to 200 employees,1990,Subsidiary or Business Segment,Sports & Recreation,"Arts, Entertainment & Recreation",$100 to $500 million (USD),-1,1
Data and User Acceptance Test Analyst,110-190 ,110,190,150.0,3.4,"Kelly
3.4","Cupertino, CA","Troy, MI",5001 to 10000 employees,1946,Company - Public,Staffing & Outsourcing,Business Services,$5 to $10 billion (USD),"Adecco, ManpowerGroup, Allegis Corporation",0
Data Analyst,110-190 ,110,190,150.0,3.4,"Tesla Motors
3.4","Fremont, CA","Palo Alto, CA",10000+ employees,2003,Company - Public,Transportation Equipment Manufacturing,Manufacturing,$2 to $5 billion (USD),"Audi, BMW, Mercedes-Benz International",0
Data Analyst,110-190 ,110,190,150.0,3.5,"L&T Infotech
3.5","San Jose, CA","Mumbai, India",10000+ employees,1997,Company - Public,IT Services,Information Technology,Unknown / Non-Applicable,"Infosys, Accenture, Capgemini",0
Data Analyst,110-190 ,110,190,150.0,3.8,"IntraEdge
3.8","Menlo Park, CA","Chandler, AZ",501 to 1000 employees,2002,Company - Private,IT Services,Information Technology,$50 to $100 million (USD),-1,0
Data Analyst,110-190 ,110,190,150.0,4.0,"Connor Group
4.0","Santa Clara, CA","Santa Clara, CA",201 to 500 employees,2006,Company - Private,Accounting,Accounting & Legal,$25 to $50 million (USD),-1,0
Data Analyst,110-190 ,110,190,150.0,-1.0,Xcutives.com Inc,"San Jose, CA",-1,-1,-1,-1,-1,-1,-1,-1,0
Marketing Data Analyst,110-190 ,110,190,150.0,3.9,"Joomag, Inc.
3.9","San Jose, CA","Sunnyvale, CA",51 to 200 employees,2009,Company - Private,IT Services,Information Technology,Unknown / Non-Applicable,-1,0
Tableau Data Analyst Intern,110-190 ,110,190,150.0,4.0,"Cognoa
4.0","Palo Alto, CA","Palo Alto, CA",1 to 50 employees,-1,Company - Private,Health Care Services & Hospitals,Health Care,Unknown / Non-Applicable,-1,0
Data Analyst I,110-190 ,110,190,150.0,3.6,"ICONMA
3.6","Cupertino, CA","Troy, MI",1001 to 5000 employees,2000,Company - Private,Staffing & Outsourcing,Business Services,$100 to $500 million (USD),Experis,0
Data Analyst,110-190 ,110,190,150.0,3.8,"Enjoy
3.8","Palo Alto, CA","Rio de Janeiro, Brazil",501 to 1000 employees,1996,Company - Private,-1,-1,Unknown / Non-Applicable,-1,0
AI Insights Data Analyst,110-190 ,110,190,150.0,5.0,"Moveworks
5.0","Mountain View, CA","Mountain View, CA",51 to 200 employees,2016,Company - Private,Enterprise Software & Network Solutions,Information Technology,Unknown / Non-Applicable,-1,1
"Data Analyst (SQL, Hive)",110-190 ,110,190,150.0,4.4,"Ursus
4.4","Menlo Park, CA","Reno, NV",1 to 50 employees,-1,Company - Private,IT Services,Information Technology,Unknown / Non-Applicable,"TEKsystems, Kforce, Milestone Technologies",0
"Data Analyst, Autonomy Operations",110-190 ,110,190,150.0,4.4,"Nuro
4.4","Mountain View, CA","Mountain View, CA",201 to 500 employees,2016,Company - Private,Computer Hardware & Software,Information Technology,Unknown / Non-Applicable,-1,0
Data Analyst I,110-190 ,110,190,150.0,3.9,"TalentBurst, Inc.
3.9","Cupertino, CA","Natick, MA",501 to 1000 employees,2002,Company - Private,IT Services,Information Technology,$50 to $100 million (USD),"TEKsystems, Collabera, Artech Information Systems",0
Data Analyst,110-190 ,110,190,150.0,3.7,"Randstad
3.7","Sunnyvale, CA","Atlanta, GA",1001 to 5000 employees,-1,Subsidiary or Business Segment,Staffing & Outsourcing,Business Services,Unknown / Non-Applicable,-1,0
Data Analyst,110-190 ,110,190,150.0,4.1,"BayOne Solutions
4.1","Sunnyvale, CA","Pleasanton, CA",1001 to 5000 employees,-1,Company - Private,IT Services,Information Technology,$5 to $10 million (USD),-1,0
Data Analyst,110-190 ,110,190,150.0,4.0,"Zipongo
4.0","San Jose, CA","San Francisco, CA",51 to 200 employees,2011,Company - Private,Health Care Services & Hospitals,Health Care,$5 to $10 million (USD),-1,0
Data Analyst,110-190 ,110,190,150.0,3.1,"Logic Planet
3.1","San Jose, CA","Princeton, NJ",201 to 500 employees,-1,Company - Private,IT Services,Information Technology,$25 to $50 million (USD),-1,0
Senior Data Analyst Studio Finance Engineering,110-190 ,110,190,150.0,3.9,"Netflix
3.9","Los Gatos, CA","Los Gatos, CA",1001 to 5000 employees,1997,Company - Public,Internet,Information Technology,$5 to $10 billion (USD),-1,0
Data Analyst with Data Mapping and API,110-190 ,110,190,150.0,-1.0,Xcutives.com Inc,"San Jose, CA",-1,-1,-1,-1,-1,-1,-1,-1,0
Data Analyst,110-190 ,110,190,150.0,3.9,"Kaygen Inc.
3.9","San Jose, CA","Irvine, CA",1 to 50 employees,-1,Company - Private,Consulting,Business Services,$1 to $5 million (USD),-1,0
Data Analyst,110-190 ,110,190,150.0,3.6,"Iconma, L.L.C.
3.6","Sunnyvale, CA","Troy, MI",1001 to 5000 employees,2000,Company - Private,Staffing & Outsourcing,Business Services,$100 to $500 million (USD),Experis,0
Data Analyst,110-190 ,110,190,150.0,3.9,"Diverse Lynx
3.9","San Jose, CA","Princeton, NJ",501 to 1000 employees,2002,Company - Private,IT Services,Information Technology,$100 to $500 million (USD),-1,0
Data Analyst,89-151 ,89,151,120.0,4.4,"Adwait Algorithm
4.4","Santa Clara, CA","Houston, TX",51 to 200 employees,2015,Company - Private,IT Services,Information Technology,Unknown / Non-Applicable,-1,0
Senior Data Analyst - Studio Finance Engineering,89-151 ,89,151,120.0,3.9,"Netflix, Inc.
3.9","Los Gatos, CA","Los Gatos, CA",1001 to 5000 employees,1997,Company - Public,Internet,Information Technology,$5 to $10 billion (USD),-1,0
Data Analyst,89-151 ,89,151,120.0,5.0,"TechNet Inc.
5.0","San Jose, CA","Alpharetta, GA",1 to 50 employees,-1,Company - Private,Staffing & Outsourcing,Business Services,$1 to $5 million (USD),-1,0
"Apple Media Products (AMP) - Big Data Analyst, Analytics Engineering",89-151 ,89,151,120.0,4.1,"Apple
4.1","Santa Clara, CA","Cupertino, CA",10000+ employees,1976,Company - Public,Computer Hardware & Software,Information Technology,$10+ billion (USD),"Google, Microsoft, Samsung Electronics",0
Data Analyst,89-151 ,89,151,120.0,3.8,"PDS Tech, Inc.
3.8","Cupertino, CA","Irving, TX",5001 to 10000 employees,1977,Company - Private,Staffing & Outsourcing,Business Services,$100 to $500 million (USD),-1,0
Data Analyst,89-151 ,89,151,120.0,3.8,"Power Integrations
3.8","San Jose, CA","San Jose, CA",501 to 1000 employees,1988,Company - Public,Electrical & Electronic Manufacturing,Manufacturing,$100 to $500 million (USD),"STMicroelectronics, Fairchild Semiconductor, Infineon Technologies",0
Business Data Analyst,89-151 ,89,151,120.0,3.7,"Infotree Service Inc
3.7","San Jose, CA","Canton, MI",51 to 200 employees,2004,Company - Private,Advertising & Marketing,Business Services,$1 to $5 million (USD),-1,0
Data Analyst,89-151 ,89,151,120.0,4.0,"Accounting Principals
4.0","San Jose, CA","Jacksonville, FL",501 to 1000 employees,1994,Company - Public,Staffing & Outsourcing,Business Services,$10 to $25 million (USD),-1,0
Data Analyst,89-151 ,89,151,120.0,4.1,"Collabera
4.1","Sunnyvale, CA","Basking Ridge, NJ",10000+ employees,1991,Company - Private,IT Services,Information Technology,$500 million to $1 billion (USD),"Kforce, Insight Global, Volt Consulting Group",0
Data Analyst,89-151 ,89,151,120.0,4.0,"Lorven Technologies Inc
4.0","San Jose, CA","Plainsboro, NJ",1 to 50 employees,-1,Company - Private,Accounting,Accounting & Legal,Less than $1 million (USD),-1,0
Data Analyst II,89-151 ,89,151,120.0,3.9,"Crystal Equation
3.9","Menlo Park, CA","Chicago, IL",51 to 200 employees,2006,Company - Private,IT Services,Information Technology,$25 to $50 million (USD),"Insight Global, Pyramid Consulting, MATRIX Resources",0
Data Analyst,89-151 ,89,151,120.0,4.5,"Frontend Arts
4.5","San Jose, CA","Irving, TX",1 to 50 employees,2013,Company - Private,Enterprise Software & Network Solutions,Information Technology,$1 to $5 million (USD),-1,0
Data Analyst,89-151 ,89,151,120.0,2.4,"Wider Circle
2.4","Redwood City, CA","Redwood City, CA",1 to 50 employees,2015,Company - Private,"Health, Beauty, & Fitness",Consumer Services,Unknown / Non-Applicable,-1,0
Finance & Accounting Data Analyst,89-151 ,89,151,120.0,4.8,"Poshmark
4.8","Redwood City, CA","Redwood City, CA",201 to 500 employees,2011,Company - Private,Internet,Information Technology,$100 to $500 million (USD),-1,0
Data Analyst,89-151 ,89,151,120.0,3.9,"Artech LLC
3.9","Sunnyvale, CA","Morristown, NJ",5001 to 10000 employees,1992,Company - Private,Staffing & Outsourcing,Business Services,$500 million to $1 billion (USD),-1,0
Business Data Analyst,89-151 ,89,151,120.0,4.1,"BayOne Solutions
4.1","San Jose, CA","Pleasanton, CA",1001 to 5000 employees,-1,Company - Private,IT Services,Information Technology,$5 to $10 million (USD),-1,0
Data Analyst,89-151 ,89,151,120.0,4.0,"Zolon Tech Solutions Inc.
4.0","Cupertino, CA","Herndon, VA",201 to 500 employees,1998,Company - Private,IT Services,Information Technology,$25 to $50 million (USD),-1,0
Junior Data Analyst,89-151 ,89,151,120.0,5.0,"Staffigo Technical Services, LLC
5.0","San Jose, CA","Woodridge, IL",51 to 200 employees,2008,Company - Private,IT Services,Information Technology,$50 to $100 million (USD),-1,0
Data analyst,89-151 ,89,151,120.0,-1.0,EApps Tech LLC,"Sunnyvale, CA",-1,-1,-1,-1,-1,-1,-1,-1,0
Data Analyst,89-151 ,89,151,120.0,-1.0,enexusglobal,"San Jose, CA",-1,-1,-1,-1,-1,-1,-1,-1,0
Financial Data Analyst,89-151 ,89,151,120.0,4.1,"Apple
4.1","Santa Clara, CA","Cupertino, CA",10000+ employees,1976,Company - Public,Computer Hardware & Software,Information Technology,$10+ billion (USD),"Google, Microsoft, Samsung Electronics",0
Sr. Data Scientist/Analyst,89-151 ,89,151,120.0,4.1,"Apple
4.1","Santa Clara, CA","Cupertino, CA",10000+ employees,1976,Company - Public,Computer Hardware & Software,Information Technology,$10+ billion (USD),"Google, Microsoft, Samsung Electronics",0
Data Quality Analyst,89-151 ,89,151,120.0,4.5,"Lodestone
4.5","Menlo Park, CA","Pleasanton, CA",201 to 500 employees,2007,Company - Private,Internet,Information Technology,Unknown / Non-Applicable,-1,0
Data Analyst Intern,89-151 ,89,151,120.0,4.6,"SAP
4.6","Palo Alto, CA","Walldorf, Germany",10000+ employees,1972,Company - Public,Computer Hardware & Software,Information Technology,$10+ billion (USD),"Salesforce, Oracle, Microsoft",0
Data Analyst I (German),89-151 ,89,151,120.0,3.2,"Calsoft Labs
3.2","Cupertino, CA","Bengaluru, India",1001 to 5000 employees,1992,Company - Private,IT Services,Information Technology,Unknown / Non-Applicable,"Mindtree, Happiest Minds Technologies, Altran Americas",0
Data Analyst,89-151 ,89,151,120.0,5.0,"Staffigo Technical Services, LLC
5.0","San Jose, CA","Woodridge, IL",51 to 200 employees,2008,Company - Private,IT Services,Information Technology,$50 to $100 million (USD),-1,0
Data Analyst,89-151 ,89,151,120.0,4.1,"IntelliPro Group Inc.
4.1","San Jose, CA","Santa Clara, CA",201 to 500 employees,-1,Company - Private,-1,-1,$10 to $25 million (USD),-1,0
Biomedical Data Analyst I - Temporary,89-151 ,89,151,120.0,4.0,"Exact Sciences Corporation
4.0","Redwood City, CA","Madison, WI",1001 to 5000 employees,1995,Company - Public,Health Care Services & Hospitals,Health Care,$100 to $500 million (USD),-1,0
Data Analyst 2,69-127 ,69,127,98.0,4.3,"Stanford University
4.3","Stanford, CA","Stanford, CA",10000+ employees,1891,College / University,Colleges & Universities,Education,$10+ billion (USD),-1,0
Supply Chain Data Analyst,69-127 ,69,127,98.0,4.4,"Softcom Systems
4.4","San Jose, CA","Princeton, NJ",1 to 50 employees,-1,Company - Private,IT Services,Information Technology,$1 to $5 million (USD),-1,0
Research & Data Analyst Lead,69-127 ,69,127,98.0,3.3,"John Wiley & Sons, Inc.
3.3","Los Gatos, CA","Hoboken, NJ",5001 to 10000 employees,1807,Company - Public,Publishing,Media,$1 to $2 billion (USD),-1,0
Advance Data Analyst,69-127 ,69,127,98.0,4.1,"Cadence Design Systems
4.1","San Jose, CA","San Jose, CA",5001 to 10000 employees,1988,Company - Public,Computer Hardware & Software,Information Technology,$1 to $2 billion (USD),"Mentor Graphics, Synopsys",0
Data Analyst,69-127 ,69,127,98.0,4.5,"Tech Firefly
4.5","Palo Alto, CA","Santa Clara, CA",51 to 200 employees,2016,Company - Private,IT Services,Information Technology,Unknown / Non-Applicable,-1,0
Maps Evaluation Data Analyst,69-127 ,69,127,98.0,4.1,"Apple
4.1","Santa Clara, CA","Cupertino, CA",10000+ employees,1976,Company - Public,Computer Hardware & Software,Information Technology,$10+ billion (USD),"Google, Microsoft, Samsung Electronics",0
Data Analyst,69-127 ,69,127,98.0,-1.0,PRO Unlimited @ Facebook,"Menlo Park, CA",-1,-1,-1,-1,-1,-1,-1,-1,0
Financial Data Analyst,69-127 ,69,127,98.0,4.7,"Robinhood
4.7","Menlo Park, CA","Menlo Park, CA",501 to 1000 employees,2013,Company - Private,Brokerage Services,Finance,Unknown / Non-Applicable,-1,0
Bioinformatician/Research Data Analyst 1,69-127 ,69,127,98.0,4.2,"Stanford School of Medicine
4.2","Stanford, CA","Stanford, CA",5001 to 10000 employees,-1,College / University,Colleges & Universities,Education,Unknown / Non-Applicable,-1,0
Data Analyst,69-127 ,69,127,98.0,4.0,"Lean Data
4.0","Santa Clara, CA","Hyderabad, India",51 to 200 employees,-1,Company - Private,-1,-1,Unknown / Non-Applicable,-1,0
Data Analyst,69-127 ,69,127,98.0,-1.0,PETADATA,"San Jose, CA","Fremont, CA",51 to 200 employees,-1,Company - Private,-1,-1,Unknown / Non-Applicable,-1,0
Data Engineering/Analyst- Apple Cloud Services,69-127 ,69,127,98.0,4.1,"Apple
4.1","Santa Clara, CA","Cupertino, CA",10000+ employees,1976,Company - Public,Computer Hardware & Software,Information Technology,$10+ billion (USD),"Google, Microsoft, Samsung Electronics",0
Data Analyst,69-127 ,69,127,98.0,4.2,"CyberCoders
4.2","Redwood City, CA","Irvine, CA",201 to 500 employees,1999,Subsidiary or Business Segment,Staffing & Outsourcing,Business Services,$100 to $500 million (USD),-1,0
Technical Data Analyst,69-127 ,69,127,98.0,4.8,"Beezwax Datatools
4.8","Cupertino, CA","Oakland, CA",1 to 50 employees,1994,Company - Private,Computer Hardware & Software,Information Technology,Unknown / Non-Applicable,-1,0
Data Analyst 1,69-127 ,69,127,98.0,4.1,"APN Software Services Inc.
4.1","Redwood City, CA","Newark, CA",51 to 200 employees,-1,Company - Private,Computer Hardware & Software,Information Technology,$25 to $50 million (USD),-1,0
Data Quality Analyst,69-127 ,69,127,98.0,3.9,"TalentBurst, Inc.
3.9","Mountain View, CA","Natick, MA",501 to 1000 employees,2002,Company - Private,IT Services,Information Technology,$50 to $100 million (USD),"TEKsystems, Collabera, Artech Information Systems",0
Data Privacy Analyst/ Program Manager I,69-127 ,69,127,98.0,-1.0,AKORBI Language Solutions,"Sunnyvale, CA",-1,-1,-1,-1,-1,-1,-1,-1,0
Data Analyst,69-127 ,69,127,98.0,3.7,"US Tech Solutions, Inc
3.7","Sunnyvale, CA","Edison, NJ",1001 to 5000 employees,2000,Company - Private,Staffing & Outsourcing,Business Services,$100 to $500 million (USD),"TEKsystems, Artech Information Systems, PDS Tech",0
Data Analyst- German Fluency,69-127 ,69,127,98.0,3.5,"Russell Tobin & Associates
3.5","Cupertino, CA","New York, NY",51 to 200 employees,2010,Subsidiary or Business Segment,Staffing & Outsourcing,Business Services,$10 to $25 million (USD),-1,0
HR Data Analyst (Workday EIB),69-127 ,69,127,98.0,4.1,"IntelliPro Group Inc.
4.1","Mountain View, CA","Santa Clara, CA",201 to 500 employees,-1,Company - Private,-1,-1,$10 to $25 million (USD),-1,0
Data Analyst lll,69-127 ,69,127,98.0,3.2,"Milestone Technologies Inc.
3.2","Fremont, CA","Fremont, CA",1001 to 5000 employees,1997,Company - Private,IT Services,Information Technology,$100 to $500 million (USD),"World Wide Technology, Astreya Partners, Taos",0
Bioinformatician-Research Data Analyst 1,69-127 ,69,127,98.0,4.2,"Stanford University School of Medicine
4.2","Stanford, CA","Stanford, CA",5001 to 10000 employees,-1,College / University,Colleges & Universities,Education,Unknown / Non-Applicable,-1,0
Data Analyst,69-127 ,69,127,98.0,3.5,"Robert Half
3.5","Sunnyvale, CA","Menlo Park, CA",10000+ employees,1948,Company - Public,Staffing & Outsourcing,Business Services,$2 to $5 billion (USD),"Adecco, Manpower",0
Data Analyst/Technical Product Owner,69-127 ,69,127,98.0,3.8,"Technosoft Corporation
3.8","San Jose, CA","Southfield, MI",1001 to 5000 employees,1996,Company - Private,IT Services,Information Technology,$100 to $500 million (USD),-1,0
Sr. Data Warehouse Analyst,69-127 ,69,127,98.0,3.9,"AbbVie
3.9","Sunnyvale, CA","North Chicago, IL",10000+ employees,2013,Company - Public,Biotech & Pharmaceuticals,Biotech & Pharmaceuticals,$10+ billion (USD),"Amgen, Baxter, Bristol Myers Squibb",0
Master Data Analyst,69-127 ,69,127,98.0,4.7,"Method360
4.7","San Jose, CA","San Francisco, CA",51 to 200 employees,2000,Company - Private,IT Services,Information Technology,Unknown / Non-Applicable,"Optimal Solutions Integration, Capgemini",0
Market Data Analyst - Global Securities Master (GSM),69-127 ,69,127,98.0,3.3,"SRA OSS
3.3","San Jose, CA","Santa Clara, CA",51 to 200 employees,2006,Company - Private,IT Services,Information Technology,$10 to $25 million (USD),-1,0
Technical Business or Data Analyst,69-127 ,69,127,98.0,4.4,"Adwait Algorithm
4.4","Santa Clara, CA","Houston, TX",51 to 200 employees,2015,Company - Private,IT Services,Information Technology,Unknown / Non-Applicable,-1,0
Senior BI and Data Analyst,69-127 ,69,127,98.0,4.1,"Apple
4.1","Santa Clara, CA","Cupertino, CA",10000+ employees,1976,Company - Public,Computer Hardware & Software,Information Technology,$10+ billion (USD),"Google, Microsoft, Samsung Electronics",0
Sr. Data Analyst,69-127 ,69,127,98.0,4.4,"Armada Group, Inc.
4.4","San Jose, CA","Santa Cruz, CA",51 to 200 employees,1995,Company - Private,IT Services,Information Technology,Unknown / Non-Applicable,"TEKsystems, Akraya, Intelliswift",0
"Senior Data Analytics Analyst, Revenue",51-93 ,51,93,72.0,4.8,"Zoom
4.8","San Jose, CA","San Jose, CA",1001 to 5000 employees,2011,Company - Public,IT Services,Information Technology,Unknown / Non-Applicable,-1,0
Senior Data Analyst,51-93 ,51,93,72.0,3.1,"Enjoy Technology
3.1","Palo Alto, CA","Palo Alto, CA",1001 to 5000 employees,2014,Company - Private,Consumer Electronics & Appliances Stores,Retail,Unknown / Non-Applicable,"Amazon, Best Buy, Apple",1
"Senior Business/Data Analyst - WW Sales Finance Process, Analytics, and Reporting",51-93 ,51,93,72.0,4.1,"Apple
4.1","Santa Clara, CA","Cupertino, CA",10000+ employees,1976,Company - Public,Computer Hardware & Software,Information Technology,$10+ billion (USD),"Google, Microsoft, Samsung Electronics",0
Data Analyst II,51-93 ,51,93,72.0,3.8,"Apex Systems
3.8","Menlo Park, CA","Glen Allen, VA",1001 to 5000 employees,1995,Subsidiary or Business Segment,Staffing & Outsourcing,Business Services,$2 to $5 billion (USD),"TEKsystems, Insight Global, Accenture",1
Advance Data Analyst HSV Materials Customer Support fs),51-93 ,51,93,72.0,4.1,"Cadence Design Systems
4.1","San Jose, CA","San Jose, CA",5001 to 10000 employees,1988,Company - Public,Computer Hardware & Software,Information Technology,$1 to $2 billion (USD),"Mentor Graphics, Synopsys",0
Software Test Engineer - Data Analyst,51-93 ,51,93,72.0,3.6,"Verb Surgical
3.6","Mountain View, CA","Mountain View, CA",201 to 500 employees,-1,Company - Private,Health Care Services & Hospitals,Health Care,Unknown / Non-Applicable,-1,0
Data Analyst Mentor,51-93 ,51,93,72.0,4.4,"MentorX Corp.
4.4","Fremont, CA","Irvine, CA",1 to 50 employees,-1,Company - Private,-1,-1,Unknown / Non-Applicable,-1,0
Data Warehouse Analyst,51-93 ,51,93,72.0,3.9,"AbbVie
3.9","Sunnyvale, CA","North Chicago, IL",10000+ employees,2013,Company - Public,Biotech & Pharmaceuticals,Biotech & Pharmaceuticals,$10+ billion (USD),"Amgen, Baxter, Bristol Myers Squibb",0
Data and User Acceptance Testing Analyst,51-93 ,51,93,72.0,3.7,"Introlligent Inc.
3.7","Cupertino, CA","Elk Grove, CA",1 to 50 employees,-1,Company - Private,Advertising & Marketing,Business Services,$1 to $5 million (USD),-1,0
Senior Data Analyst,51-93 ,51,93,72.0,3.9,"Amazon
3.9","East Palo Alto, CA","Seattle, WA",10000+ employees,1994,Company - Public,Internet,Information Technology,$10+ billion (USD),"Google, Microsoft, Walmart",0
Data Analyst,51-93 ,51,93,72.0,-1.0,"QUICKEN INVESTMENT SERVICES, INC.","Menlo Park, CA",-1,-1,-1,-1,-1,-1,-1,-1,0
Data Analyst-Senior Data Analyst,51-93 ,51,93,72.0,-1.0,Allakos,"Redwood City, CA","Redwood City, CA",51 to 200 employees,-1,Company - Public,-1,-1,Unknown / Non-Applicable,-1,0
Documentation/Data Analyst,51-93 ,51,93,72.0,4.3,"IT Coalition
4.3","Pleasanton, CA","Alexandria, VA",1 to 50 employees,-1,Company - Private,Accounting,Accounting & Legal,$10 to $25 million (USD),-1,0
SQL Data Analyst,51-93 ,51,93,72.0,4.0,"Lorven Technologies Inc
4.0","Pleasanton, CA","Plainsboro, NJ",1 to 50 employees,-1,Company - Private,Accounting,Accounting & Legal,Less than $1 million (USD),-1,0
Data Analyst Tableau/Power BI,51-93 ,51,93,72.0,4.4,"Tachyon Technologies LLC
4.4","San Jose, CA","Irving, TX",201 to 500 employees,2011,Company - Private,IT Services,Information Technology,$10 to $25 million (USD),-1,0
"Business Analyst - MDM, Data Governance",51-93 ,51,93,72.0,3.4,"Mackin
3.4","Sunnyvale, CA","Pittsburgh, PA",51 to 200 employees,1960,Company - Private,Architectural & Engineering Services,Business Services,$10 to $25 million (USD),-1,0
Senior Data Analyst (Remote OK),51-93 ,51,93,72.0,3.9,"Lark Health
3.9","Mountain View, CA","Mountain View, CA",51 to 200 employees,2011,Company - Private,Health Care Services & Hospitals,Health Care,$25 to $50 million (USD),-1,0
SAP Materials Master Data Analyst - Temp,51-93 ,51,93,72.0,3.1,"Mizuho OSI
3.1","Union City, CA","Union City, CA",201 to 500 employees,1978,Company - Private,Industrial Manufacturing,Manufacturing,Unknown / Non-Applicable,"Skytron, STERIS, Hill-Rom",0
"Senior Data Analyst, People Analytics",51-93 ,51,93,72.0,4.1,"Splunk
4.1","San Jose, CA","San Francisco, CA",1001 to 5000 employees,2003,Company - Public,Enterprise Software & Network Solutions,Information Technology,$1 to $2 billion (USD),-1,0
Workday EIB Data Analyst,51-93 ,51,93,72.0,4.1,"IntelliPro Group Inc.
4.1","Mountain View, CA","Santa Clara, CA",201 to 500 employees,-1,Company - Private,-1,-1,$10 to $25 million (USD),-1,0
Senior Data Analyst (Product Analytics),51-93 ,51,93,72.0,4.8,"Course Hero
4.8","Redwood City, CA","Redwood City, CA",201 to 500 employees,2006,Company - Private,Colleges & Universities,Education,Unknown / Non-Applicable,"Chegg, StudyBlue",1
Senior Data Analyst,51-93 ,51,93,72.0,4.4,"Armada Group, Inc.
4.4","San Jose, CA","Santa Cruz, CA",51 to 200 employees,1995,Company - Private,IT Services,Information Technology,Unknown / Non-Applicable,"TEKsystems, Akraya, Intelliswift",0
Data Analyst - Bilingual English and Italian,51-93 ,51,93,72.0,3.3,"Vaco
3.3","Palo Alto, CA","Brentwood, TN",501 to 1000 employees,2002,Company - Private,Consulting,Business Services,$500 million to $1 billion (USD),-1,0
Senior Business Data Analyst,51-93 ,51,93,72.0,4.4,"Intuit
4.4","Mountain View, CA","Mountain View, CA",5001 to 10000 employees,1983,Company - Public,Computer Hardware & Software,Information Technology,$2 to $5 billion (USD),"Square, PayPal, H&R Block",0
Master Data Management Analyst,51-93 ,51,93,72.0,3.9,"Stanford Health Care
3.9","Palo Alto, CA","Palo Alto, CA",10000+ employees,1957,Hospital,Health Care Services & Hospitals,Health Care,$2 to $5 billion (USD),"Sutter Health, UCSF Medical Center and UCSF Benioff Children’s Hospitals, Kaiser Permanente",0
Sr. HR Data Analyst,51-93 ,51,93,72.0,3.3,"Cepheid
3.3","Sunnyvale, CA","Sunnyvale, CA",1001 to 5000 employees,1996,Company - Private,Biotech & Pharmaceuticals,Biotech & Pharmaceuticals,$500 million to $1 billion (USD),-1,0
Lead Data Analyst,51-93 ,51,93,72.0,3.9,"Kaygen Inc.
3.9","Milpitas, CA","Irvine, CA",1 to 50 employees,-1,Company - Private,Consulting,Business Services,$1 to $5 million (USD),-1,0
Data Analyst - Bilingual English and Norwegian,51-93 ,51,93,72.0,3.3,"Vaco
3.3","Palo Alto, CA","Brentwood, TN",501 to 1000 employees,2002,Company - Private,Consulting,Business Services,$500 million to $1 billion (USD),-1,0
Data and User Acceptance Test Analyst,51-93 ,51,93,72.0,3.4,"Kelly IT
3.4","Cupertino, CA",-1,501 to 1000 employees,-1,Company - Private,Staffing & Outsourcing,Business Services,Unknown / Non-Applicable,-1,0
Data and User Acceptance Test Analyst,58-93 ,58,93,75.5,3.4,"Kelly
3.4","Cupertino, CA","Troy, MI",5001 to 10000 employees,1946,Company - Public,Staffing & Outsourcing,Business Services,$5 to $10 billion (USD),"Adecco, ManpowerGroup, Allegis Corporation",0
Sr Consulting Data Analyst,58-93 ,58,93,75.5,4.0,"Kaiser Permanente
4.0","Union City, CA","Oakland, CA",10000+ employees,1945,Nonprofit Organization,Health Care Services & Hospitals,Health Care,$10+ billion (USD),"HCA Healthcare, Dignity Health, Sutter Health",0
Data Quality Analyst - Spanish,58-93 ,58,93,75.5,4.5,"Lodestone
4.5","Menlo Park, CA","Pleasanton, CA",201 to 500 employees,2007,Company - Private,Internet,Information Technology,Unknown / Non-Applicable,-1,0
Sr. Data Analyst,58-93 ,58,93,75.5,3.7,"Enquero Inc
3.7","Milpitas, CA","Milpitas, CA",501 to 1000 employees,2014,Company - Private,Enterprise Software & Network Solutions,Information Technology,$50 to $100 million (USD),-1,0
Regulatory Data Analyst,58-93 ,58,93,75.5,-1.0,International Consulting Group (San Jose),"Cupertino, CA","San Jose, CA",1 to 50 employees,1990,Company - Private,Advertising & Marketing,Business Services,Unknown / Non-Applicable,-1,0
"Sr. BI Business Analyst/Data Visualization Expert Initial Remote position at San Jose, CA for an year long proect.",58-93 ,58,93,75.5,3.5,"DynPro Inc.
3.5","San Jose, CA","Raleigh, NC",51 to 200 employees,1996,Company - Private,IT Services,Information Technology,$10 to $25 million (USD),-1,0
Senior Data Analyst,58-93 ,58,93,75.5,-1.0,Volto Consulting,"Milpitas, CA",-1,-1,-1,-1,-1,-1,-1,-1,0
Sr Data Analyst,58-93 ,58,93,75.5,3.7,"eHealth
3.7","Santa Clara, CA","Santa Clara, CA",1001 to 5000 employees,1997,Company - Public,Insurance Agencies & Brokerages,Insurance,$100 to $500 million (USD),"InsWeb, Insure.com, Answer Financial",0
Bioinformatics Data Analyst,58-93 ,58,93,75.5,2.2,"Centrillion
2.2","Palo Alto, CA","Palo Alto, CA",1 to 50 employees,2009,Company - Private,Biotech & Pharmaceuticals,Biotech & Pharmaceuticals,$1 to $5 million (USD),-1,0
Lead Data Analyst,58-93 ,58,93,75.5,3.7,"Enquero Inc
3.7","Milpitas, CA","Milpitas, CA",501 to 1000 employees,2014,Company - Private,Enterprise Software & Network Solutions,Information Technology,$50 to $100 million (USD),-1,0
Data warehouse Business Systems Analyst,58-93 ,58,93,75.5,-1.0,Boston Services,"San Jose, CA","Gardanne, France",Unknown,-1,Company - Private,-1,-1,Unknown / Non-Applicable,-1,0
Data Analyst - Redwood City via Company Shuttle!,58-93 ,58,93,75.5,3.7,"Creative Circle
3.7","Mountain View, CA","Los Angeles, CA",201 to 500 employees,2002,Company - Public,Staffing & Outsourcing,Business Services,Unknown / Non-Applicable,"Aquent, 24 Seven Talent",0
SAP Materials Master Data Analyst (Temp),58-93 ,58,93,75.5,3.1,"Mizuho OSI
3.1","Union City, CA","Union City, CA",201 to 500 employees,1978,Company - Private,Industrial Manufacturing,Manufacturing,Unknown / Non-Applicable,"Skytron, STERIS, Hill-Rom",0
RM - Data Maintenance Analyst,58-93 ,58,93,75.5,3.7,"eTeam Inc.
3.7","Mountain View, CA","South Plainfield, NJ",51 to 200 employees,1999,Company - Private,Staffing & Outsourcing,Business Services,$50 to $100 million (USD),"Artech Information Systems, Mindlance, Tech Mahindra",0
Data Analyst with Teradata Exp,58-93 ,58,93,75.5,4.0,"SOFTHQ INC
4.0","Sunnyvale, CA","San Diego, CA",51 to 200 employees,2010,Company - Private,Computer Hardware & Software,Information Technology,$5 to $10 million (USD),-1,0
Data Steward | Analyst,58-93 ,58,93,75.5,-1.0,212 Factors,"Santa Clara, CA",-1,-1,-1,-1,-1,-1,-1,-1,0
Data Analyst (Fluent in German),58-93 ,58,93,75.5,3.7,"Creative Circle
3.7","Sunnyvale, CA","Los Angeles, CA",201 to 500 employees,2002,Company - Public,Staffing & Outsourcing,Business Services,Unknown / Non-Applicable,"Aquent, 24 Seven Talent",0
Data Analyst Junior,58-93 ,58,93,75.5,5.0,"Staffigo Technical Services, LLC
5.0","San Jose, CA","Woodridge, IL",51 to 200 employees,2008,Company - Private,IT Services,Information Technology,$50 to $100 million (USD),-1,0
"Sr. Analyst, Data Governance",58-93 ,58,93,75.5,4.5,"Fortinet
4.5","Sunnyvale, CA","Sunnyvale, CA",10000+ employees,2000,Company - Public,Computer Hardware & Software,Information Technology,$2 to $5 billion (USD),"Palo Alto Networks, FireEye, Juniper Networks",0
Data Analyst - MPK,58-93 ,58,93,75.5,3.9,"Crystal Equation
3.9","Menlo Park, CA","Chicago, IL",51 to 200 employees,2006,Company - Private,IT Services,Information Technology,$25 to $50 million (USD),"Insight Global, Pyramid Consulting, MATRIX Resources",0
"Senior Market Research Analyst, Data Insights",58-93 ,58,93,75.5,4.1,"Apple
4.1","Santa Clara, CA","Cupertino, CA",10000+ employees,1976,Company - Public,Computer Hardware & Software,Information Technology,$10+ billion (USD),"Google, Microsoft, Samsung Electronics",0
Data Analyst - Bilingual English and Danish,58-93 ,58,93,75.5,3.3,"Vaco
3.3","Palo Alto, CA","Brentwood, TN",501 to 1000 employees,2002,Company - Private,Consulting,Business Services,$500 million to $1 billion (USD),-1,0
Lead Data Analyst,58-93 ,58,93,75.5,4.0,"Cloudious LLC
4.0","Milpitas, CA","San Jose, CA",1 to 50 employees,-1,Company - Private,IT Services,Information Technology,$10 to $25 million (USD),-1,0
Jr. Software Data/Operations Analyst Opportunity MTV,58-93 ,58,93,75.5,3.5,"Akorbi
3.5","Mountain View, CA","Plano, TX",201 to 500 employees,2003,Company - Private,Consulting,Business Services,$25 to $50 million (USD),"Lionbridge, SDL, TransPerfect",0
"Senior Global Data Analyst, People Operations",58-93 ,58,93,75.5,4.4,"Google
4.4","Mountain View, CA","Mountain View, CA",10000+ employees,1998,Company - Public,Internet,Information Technology,$10+ billion (USD),"Microsoft, Apple, Facebook",0
HR Data Analyst/Scientist,58-93 ,58,93,75.5,-1.0,Balance Staffing- Roseville,"Fremont, CA",-1,-1,-1,-1,-1,-1,-1,-1,0
Data Analyst III,58-93 ,58,93,75.5,3.6,"ICONMA, LLC
3.6","Redwood City, CA","Troy, MI",1001 to 5000 employees,2000,Company - Private,Staffing & Outsourcing,Business Services,$100 to $500 million (USD),Experis,0
German Speaking Data Analyst J,58-93 ,58,93,75.5,4.8,"Anzu Global
4.8","Cupertino, CA","Acton, MA",1 to 50 employees,2006,Company - Private,Consulting,Business Services,Less than $1 million (USD),-1,0
Senior Data Analyst Data Warehouse Consultant,58-93 ,58,93,75.5,2.6,"Omega Solutions
2.6","Santa Clara, CA","Santa Clara, CA",1 to 50 employees,-1,Other Organization,IT Services,Information Technology,Unknown / Non-Applicable,-1,0
Advance Data Analyst - HSV Materials Customer Support,58-93 ,58,93,75.5,4.1,"Cadence Design Systems, Inc.
4.1","San Jose, CA","San Jose, CA",5001 to 10000 employees,1988,Company - Public,Computer Hardware & Software,Information Technology,$1 to $2 billion (USD),"Mentor Graphics, Synopsys",0
Data Analyst QA,58-93 ,58,93,75.5,4.0,"Lorven Technologies Inc
4.0","Pleasanton, CA","Plainsboro, NJ",1 to 50 employees,-1,Company - Private,Accounting,Accounting & Legal,Less than $1 million (USD),-1,0
Signal Processing Engineer/Data Analyst,63-116 ,63,116,89.5,3.8,"GenapSys, Inc.
3.8","Redwood City, CA","Redwood City, CA",51 to 200 employees,2010,Company - Private,Biotech & Pharmaceuticals,Biotech & Pharmaceuticals,Less than $1 million (USD),"Illumina, Thermo Fisher Scientific, Oxford Nanopore Technologies",1
Data Analyst - Bilingual English and Indonesian,63-116 ,63,116,89.5,3.3,"Vaco
3.3","Palo Alto, CA","Brentwood, TN",501 to 1000 employees,2002,Company - Private,Consulting,Business Services,$500 million to $1 billion (USD),-1,0
Senior Data Analyst/Data Warehouse Consultant,63-116 ,63,116,89.5,3.9,"Optima Global Solutions
3.9","San Jose, CA","Lawrenceville, NJ",1 to 50 employees,2001,Company - Private,IT Services,Information Technology,$1 to $5 million (USD),-1,0
Information Security Data Analyst,63-116 ,63,116,89.5,3.6,"i-CST
3.6","Campbell, CA","South Portland, ME",501 to 1000 employees,1996,Company - Private,Staffing & Outsourcing,Business Services,Unknown / Non-Applicable,-1,0
Strategic Sourcing Data Analyst,63-116 ,63,116,89.5,3.8,"Apex Systems
3.8","Menlo Park, CA","Glen Allen, VA",1001 to 5000 employees,1995,Subsidiary or Business Segment,Staffing & Outsourcing,Business Services,$2 to $5 billion (USD),"TEKsystems, Insight Global, Accenture",1
Sr QC Analyst (Data Reviewer),63-116 ,63,116,89.5,3.7,"Alexza Pharmaceuticals
3.7","Mountain View, CA","Mountain View, CA",1 to 50 employees,2000,Company - Private,Biotech & Pharmaceuticals,Biotech & Pharmaceuticals,$5 to $10 million (USD),"Nektar Therapeutics, Gilead Sciences, Theravance",0
Data Analyst III,63-116 ,63,116,89.5,3.2,"Infotech Sourcing
3.2","Fremont, CA","Edison, NJ",51 to 200 employees,-1,Company - Private,"Health, Beauty, & Fitness",Consumer Services,$5 to $10 million (USD),-1,0
Senior Data Analyst/Data Warehouse Consultant,63-116 ,63,116,89.5,3.9,"Ampcus Incorporated
3.9","San Jose, CA","Chantilly, VA",501 to 1000 employees,2004,Company - Private,Consulting,Business Services,$50 to $100 million (USD),-1,0
Data Analyst - Bilingual English and Finnish,63-116 ,63,116,89.5,3.3,"Vaco
3.3","Palo Alto, CA","Brentwood, TN",501 to 1000 employees,2002,Company - Private,Consulting,Business Services,$500 million to $1 billion (USD),-1,0
Lead Data Analyst (Enterprise Product Master Data Steward),63-116 ,63,116,89.5,3.9,"Kaygen Inc.
3.9","Santa Clara, CA","Irvine, CA",1 to 50 employees,-1,Company - Private,Consulting,Business Services,$1 to $5 million (USD),-1,0
BI Business/Data Analyst Lead with hands on SQL,63-116 ,63,116,89.5,2.9,"Yochana
2.9","Mountain View, CA","Farmington Hills, MI",201 to 500 employees,2009,Company - Private,Staffing & Outsourcing,Business Services,$50 to $100 million (USD),-1,0
"Sr. BI Data Analyst/Developer (SQL, Python, Power BI)",63-116 ,63,116,89.5,-1.0,Spiceorb,"San Jose, CA",-1,-1,-1,-1,-1,-1,-1,-1,0
Sr Data Analyst/Data Warehouse consultant with Financial Healthcare systems,63-116 ,63,116,89.5,-1.0,Skiltrek,"Santa Clara, CA","Jacksonville, FL",51 to 200 employees,-1,Company - Public,-1,-1,Unknown / Non-Applicable,-1,0
Manager : Marketing Ops and Data Analyst,63-116 ,63,116,89.5,-1.0,Show Me Leads,"Mountain View, CA",-1,-1,-1,-1,-1,-1,-1,-1,0
Senior Risk Data Analyst,63-116 ,63,116,89.5,3.6,"Bill.Com
3.6","Palo Alto, CA","Palo Alto, CA",501 to 1000 employees,2006,Company - Public,Financial Transaction Processing,Finance,$50 to $100 million (USD),-1,0
SAP Sr Master Data Functional Analyst,63-116 ,63,116,89.5,3.9,"Diverse Lynx
3.9","Santa Clara, CA","Princeton, NJ",501 to 1000 employees,2002,Company - Private,IT Services,Information Technology,$100 to $500 million (USD),-1,0
CCPA Data Analyst,63-116 ,63,116,89.5,4.0,"Lorven Technologies Inc
4.0","Pleasanton, CA","Plainsboro, NJ",1 to 50 employees,-1,Company - Private,Accounting,Accounting & Legal,Less than $1 million (USD),-1,0
Senior Quantitative Data Analyst,63-116 ,63,116,89.5,4.1,"Apple
4.1","Santa Clara, CA","Cupertino, CA",10000+ employees,1976,Company - Public,Computer Hardware & Software,Information Technology,$10+ billion (USD),"Google, Microsoft, Samsung Electronics",0
"SAP MDG Business Analyst , Master Data Management",63-116 ,63,116,89.5,3.7,"Infotree Service Inc
3.7","Palo Alto, CA","Canton, MI",51 to 200 employees,2004,Company - Private,Advertising & Marketing,Business Services,$1 to $5 million (USD),-1,0
Data Analyst-IT II,63-116 ,63,116,89.5,4.1,"APN Software Services Inc.
4.1","Redwood City, CA","Newark, CA",51 to 200 employees,-1,Company - Private,Computer Hardware & Software,Information Technology,$25 to $50 million (USD),-1,0
Reconciliation Data Operations Analyst,42-76 ,42,76,59.0,3.5,"eBay
3.5","Austin, TX","San Jose, CA",10000+ employees,1995,Company - Public,Internet,Information Technology,$10+ billion (USD),"Amazon, Apple",0
Senior Claims Data Analyst,42-76 ,42,76,59.0,2.8,"Healthgrades
2.8","Austin, TX","Denver, CO",501 to 1000 employees,1998,Company - Private,Internet,Information Technology,Unknown / Non-Applicable,"Zocdoc, Sapphire Digital",0
Business Data Analyst,42-76 ,42,76,59.0,4.6,"Pushnami
4.6","Austin, TX","Austin, TX",1 to 50 employees,2017,Company - Private,Advertising & Marketing,Business Services,$25 to $50 million (USD),OneSignal,0
Data Quality Analyst,42-76 ,42,76,59.0,2.6,"MedSeek
2.6","Austin, TX","Hoover, AL",51 to 200 employees,1996,Company - Private,Computer Hardware & Software,Information Technology,$25 to $50 million (USD),Epic,0
Ad Integrity Data Analyst-ATX,42-76 ,42,76,59.0,3.8,"TikTok
3.8","Austin, TX","Los Angeles, CA",1001 to 5000 employees,2016,Company - Private,Internet,Information Technology,Unknown / Non-Applicable,-1,0
Junior Data Analyst,42-76 ,42,76,59.0,2.6,"Assembly
2.6","Austin, TX","New York, NY",201 to 500 employees,2014,Subsidiary or Business Segment,Advertising & Marketing,Business Services,Unknown / Non-Applicable,-1,0
Junior Data Analyst,42-76 ,42,76,59.0,2.8,"Texas Health & Human Services Commission
2.8","Austin, TX","Austin, TX",10000+ employees,1912,Government,State & Regional Agencies,Government,Unknown / Non-Applicable,-1,0
Data Analyst - People Analytics,42-76 ,42,76,59.0,4.6,"OnlineMedEd
4.6","Austin, TX","Austin, TX",51 to 200 employees,2014,Company - Private,Colleges & Universities,Education,Unknown / Non-Applicable,-1,0
"Data Analyst, Trust & Safety",42-76 ,42,76,59.0,4.1,"Taskrabbit
4.1","Austin, TX","San Francisco, CA",201 to 500 employees,2008,Company - Private,Internet,Information Technology,Unknown / Non-Applicable,-1,0
Data Analyst I,42-76 ,42,76,59.0,2.8,"Texas Health and Human Services Commission
2.8","Austin, TX","Austin, TX",10000+ employees,1912,Government,State & Regional Agencies,Government,Unknown / Non-Applicable,-1,0
Data Analyst,42-76 ,42,76,59.0,4.1,"Zynga
4.1","Austin, TX","San Francisco, CA",1001 to 5000 employees,2007,Company - Public,Video Games,Media,$500 million to $1 billion (USD),-1,0
Data Analyst (Remote),42-76 ,42,76,59.0,4.9,"Cypress HCM
4.9","Austin, TX","Walnut Creek, CA",51 to 200 employees,2005,Company - Private,Staffing & Outsourcing,Business Services,Unknown / Non-Applicable,-1,0
EDI Data Analyst,42-76 ,42,76,59.0,4.7,"KGS
4.7","Austin, TX","New York, NY",51 to 200 employees,2010,Company - Private,Investment Banking & Asset Management,Finance,$10 to $25 million (USD),-1,0
Data Analyst,42-76 ,42,76,59.0,3.6,"Central Health
3.6","Austin, TX","Austin, TX",51 to 200 employees,-1,Government,Health Care Services & Hospitals,Health Care,$5 to $10 million (USD),-1,0
Business Intelligence and Data Analyst,42-76 ,42,76,59.0,3.9,"Teacher Retirement System of Texas
3.9","Austin, TX","Austin, TX",501 to 1000 employees,1937,Government,Investment Banking & Asset Management,Finance,Unknown / Non-Applicable,-1,0
Data Analyst,42-76 ,42,76,59.0,2.8,"Texas Health & Human Services Commission
2.8","Austin, TX","Austin, TX",10000+ employees,1912,Government,State & Regional Agencies,Government,Unknown / Non-Applicable,-1,0
Data Analyst,42-76 ,42,76,59.0,4.0,"CYNET SYSTEMS
4.0","Austin, TX","Ashburn, VA",501 to 1000 employees,2010,Company - Private,IT Services,Information Technology,$50 to $100 million (USD),-1,0
Junior Data Analyst,42-76 ,42,76,59.0,3.4,"Assembly
3.4","Austin, TX","New York, NY",5001 to 10000 employees,1980,Company - Public,Advertising & Marketing,Business Services,$1 to $2 billion (USD),"Interpublic Group, Omnicom, WPP",0
"Data Reporting Analyst, BI",42-76 ,42,76,59.0,4.6,"Pushnami
4.6","Austin, TX","Austin, TX",1 to 50 employees,2017,Company - Private,Advertising & Marketing,Business Services,$25 to $50 million (USD),OneSignal,0
Data Analyst,42-76 ,42,76,59.0,4.3,"Lightspeed Systems
4.3","Austin, TX","Austin, TX",51 to 200 employees,1999,Company - Private,Computer Hardware & Software,Information Technology,$25 to $50 million (USD),-1,1
Data & Reporting Analyst,42-76 ,42,76,59.0,1.9,"Global Resale
1.9","Austin, TX","Austin, TX",1 to 50 employees,2015,Company - Private,Computer Hardware & Software,Information Technology,Unknown / Non-Applicable,-1,0
Junior Data Analyst,42-76 ,42,76,59.0,5.0,"Staffigo Technical Services, LLC
5.0","Austin, TX","Woodridge, IL",51 to 200 employees,2008,Company - Private,IT Services,Information Technology,$50 to $100 million (USD),-1,0
Data Strategy Analyst,42-76 ,42,76,59.0,3.2,"GroupBy Inc.
3.2","Austin, TX","Toronto, Canada",51 to 200 employees,2012,Company - Private,Enterprise Software & Network Solutions,Information Technology,$10 to $25 million (USD),Bloomreach,0
Live Operations Data Analyst,42-76 ,42,76,59.0,3.8,"Wargaming
3.8","Austin, TX","Nicosia, Cyprus",1001 to 5000 employees,1998,Company - Private,Video Games,Media,Unknown / Non-Applicable,-1,1
Data Analyst,42-76 ,42,76,59.0,5.0,"Staffigo Technical Services, LLC
5.0","Austin, TX","Woodridge, IL",51 to 200 employees,2008,Company - Private,IT Services,Information Technology,$50 to $100 million (USD),-1,0
Business Intelligence Analyst / Data Analyst,42-76 ,42,76,59.0,4.0,"TalentCare
4.0","Austin, TX","Austin, TX",1 to 50 employees,2013,Company - Private,Health Care Services & Hospitals,Health Care,Less than $1 million (USD),-1,0
Data Analyst,42-76 ,42,76,59.0,3.5,"Robert Half
3.5","Austin, TX","Menlo Park, CA",10000+ employees,1948,Company - Public,Staffing & Outsourcing,Business Services,$2 to $5 billion (USD),"Adecco, Manpower",0
"Data Analyst, Law Enforcement Response Team",53-104 ,53,104,78.5,4.5,"Facebook
4.5","Austin, TX","Menlo Park, CA",10000+ employees,2004,Company - Public,Internet,Information Technology,$5 to $10 billion (USD),"Google, Microsoft, Apple",0
Data Lineage Analyst,53-104 ,53,104,78.5,4.5,"Tech Firefly
4.5","Austin, TX","Santa Clara, CA",51 to 200 employees,2016,Company - Private,IT Services,Information Technology,Unknown / Non-Applicable,-1,0
Data Analyst II,53-104 ,53,104,78.5,3.3,"Superior HealthPlan
3.3","Austin, TX","Austin, TX",1001 to 5000 employees,1999,Company - Private,Health Care Services & Hospitals,Health Care,Unknown / Non-Applicable,-1,0
Data Analyst II,53-104 ,53,104,78.5,4.6,"Texas Facilities Commission
4.6","Austin, TX","Austin, TX",501 to 1000 employees,-1,Government,State & Regional Agencies,Government,Unknown / Non-Applicable,-1,0
Data Analyst V,53-104 ,53,104,78.5,2.8,"Texas Health & Human Services Commission
2.8","Austin, TX","Austin, TX",10000+ employees,1912,Government,State & Regional Agencies,Government,Unknown / Non-Applicable,-1,0
9-1-1 Data Analyst,53-104 ,53,104,78.5,-1.0,911 Datamaster Inc,"Austin, TX","Overland Park, KS",1 to 50 employees,-1,Company - Private,Computer Hardware & Software,Information Technology,$1 to $5 million (USD),-1,0
Data Migration Analyst,53-104 ,53,104,78.5,3.2,"Q2eBanking
3.2","Austin, TX","Austin, TX",1001 to 5000 employees,2004,Company - Public,Investment Banking & Asset Management,Finance,$100 to $500 million (USD),Intuit,0
Technical Data Analyst,53-104 ,53,104,78.5,3.7,"Allegan General Hospital
3.7","Austin, TX","Allegan, MI",201 to 500 employees,1938,Company - Private,-1,-1,$25 to $50 million (USD),-1,0
Junior Data Analyst,53-104 ,53,104,78.5,2.6,"Santanna Energy Services
2.6","Austin, TX","Austin, TX",1 to 50 employees,1988,Company - Private,Energy,"Oil, Gas, Energy & Utilities",Unknown / Non-Applicable,-1,0
Data Quality Analyst,53-104 ,53,104,78.5,2.8,"Healthgrades
2.8","Austin, TX","Denver, CO",501 to 1000 employees,1998,Company - Private,Internet,Information Technology,Unknown / Non-Applicable,"Zocdoc, Sapphire Digital",0
TSDS Data QA Analyst (Data Analyst IV),53-104 ,53,104,78.5,2.8,"TEXAS EDUCATION AGENCY
2.8","Austin, TX","Austin, TX",501 to 1000 employees,-1,Government,State & Regional Agencies,Government,$100 to $500 million (USD),-1,0
Data Analyst,53-104 ,53,104,78.5,-1.0,Cyclex Systems,"Austin, TX",-1,-1,-1,-1,-1,-1,-1,-1,0
MDM/Master Data Analyst ( Tibco EBX ),53-104 ,53,104,78.5,4.4,"Vsion Technologies Inc
4.4","Austin, TX","Cedar Park, TX",51 to 200 employees,-1,Company - Private,IT Services,Information Technology,Unknown / Non-Applicable,-1,0
Senior Cloud Data Analyst,53-104 ,53,104,78.5,4.6,"NVIDIA
4.6","Austin, TX","Santa Clara, CA",10000+ employees,1993,Company - Public,Computer Hardware & Software,Information Technology,$5 to $10 billion (USD),-1,0
Data Analyst/Data Entry/Federal Data Entry/Data Specialist,53-104 ,53,104,78.5,3.9,"ARK Solutions, Inc.
3.9","Austin, TX","Gainesville, VA",1 to 50 employees,2015,Company - Private,Consulting,Business Services,Unknown / Non-Applicable,-1,0
Data Analyst III,53-104 ,53,104,78.5,2.8,"Texas Health & Human Services Commission
2.8","Austin, TX","Austin, TX",10000+ employees,1912,Government,State & Regional Agencies,Government,Unknown / Non-Applicable,-1,0
Data Analyst II,53-104 ,53,104,78.5,3.3,"Centene Corporation
3.3","Austin, TX","Saint Louis, MO",10000+ employees,1984,Company - Public,Insurance Carriers,Insurance,$10+ billion (USD),-1,0
Data Analyst / Data Management /ETL / Talend /Alteryx,53-104 ,53,104,78.5,2.5,"Avacend, Inc.
2.5","Austin, TX","Alpharetta, GA",51 to 200 employees,-1,Company - Private,Staffing & Outsourcing,Business Services,Unknown / Non-Applicable,-1,0
Celonis Data Engineer & Analyst,53-104 ,53,104,78.5,-1.0,SNIPEBRIDGE,"Austin, TX","Plano, TX",Unknown,-1,Company - Public,-1,-1,Unknown / Non-Applicable,-1,0
Data Analyst,53-104 ,53,104,78.5,2.5,"Avacend, Inc.
2.5","Austin, TX","Alpharetta, GA",51 to 200 employees,-1,Company - Private,Staffing & Outsourcing,Business Services,Unknown / Non-Applicable,-1,0
Senior Data Analyst,53-104 ,53,104,78.5,3.7,"Bazaarvoice
3.7","Austin, TX","Austin, TX",501 to 1000 employees,2005,Company - Private,Enterprise Software & Network Solutions,Information Technology,$100 to $500 million (USD),-1,0
Senior Claims Data Analyst,53-104 ,53,104,78.5,2.6,"MedSeek
2.6","Austin, TX","Hoover, AL",51 to 200 employees,1996,Company - Private,Computer Hardware & Software,Information Technology,$25 to $50 million (USD),Epic,0
Associate SalesForce.com Data Steward & Analyst,53-104 ,53,104,78.5,3.3,"Gemalto
3.3","Austin, TX","Amsterdam, Netherlands",10000+ employees,2006,Company - Public,Computer Hardware & Software,Information Technology,$2 to $5 billion (USD),-1,0
Lead Data Analyst,53-104 ,53,104,78.5,3.8,"Lawnstarter
3.8","Austin, TX","Austin, TX",1 to 50 employees,-1,Company - Private,Internet,Information Technology,Less than $1 million (USD),-1,0
Financial Controller / Data Analyst / Spreadsheet Superstar,53-104 ,53,104,78.5,-1.0,VIAHART,"Austin, TX",-1,-1,-1,-1,-1,-1,-1,-1,0
Senior Data Analyst,53-104 ,53,104,78.5,3.7,"CloudFlare
3.7","Austin, TX","San Francisco, CA",1001 to 5000 employees,2010,Company - Public,Internet,Information Technology,Unknown / Non-Applicable,-1,0
Managed Care Data Analyst,35-42 ,35,42,38.5,2.7,"Sonic Healthcare USA
2.7","Austin, TX","Macquarie Park, Australia",10000+ employees,1987,Company - Public,Health Care Services & Hospitals,Health Care,$2 to $5 billion (USD),-1,0
Technical Data Analyst,35-42 ,35,42,38.5,3.3,"Ascension
3.3","Austin, TX","Saint Louis, MO",10000+ employees,1999,Nonprofit Organization,Health Care Services & Hospitals,Health Care,$100 to $500 million (USD),-1,0
Strategic Data Analyst III - Strategic Planning Divsion,35-42 ,35,42,38.5,3.8,"TxDOT
3.8","Austin, TX","Austin, TX",10000+ employees,1991,Government,State & Regional Agencies,Government,Unknown / Non-Applicable,-1,0
Junior Data Warehouse Analyst,35-42 ,35,42,38.5,3.5,"ISHPI Information Technologies
3.5","Austin, TX","Mount Pleasant, SC",201 to 500 employees,2006,Company - Private,IT Services,Information Technology,$50 to $100 million (USD),-1,0
Data Warehouse Analyst,35-42 ,35,42,38.5,3.5,"University Federal Credit Union
3.5","Austin, TX","Austin, TX",501 to 1000 employees,1936,Nonprofit Organization,Banks & Credit Unions,Finance,$50 to $100 million (USD),-1,0
Data Analyst - Public Sector,35-42 ,35,42,38.5,3.8,"Sense Corp
3.8","Austin, TX","Saint Louis, MO",201 to 500 employees,1996,Company - Private,Accounting,Accounting & Legal,$10 to $25 million (USD),-1,0
"Data Analyst, Lead with Security Clearance",35-42 ,35,42,38.5,3.8,"Booz Allen Hamilton
3.8","Austin, TX","Mc Lean, VA",10000+ employees,1914,Company - Public,Consulting,Business Services,$5 to $10 billion (USD),"Accenture, Deloitte, PwC",0
System/Data Analyst,35-42 ,35,42,38.5,3.7,"22nd Century Technologies
3.7","Austin, TX","Somerset, NJ",1001 to 5000 employees,1997,Company - Private,IT Services,Information Technology,$25 to $50 million (USD),-1,1
Data Governance Analyst/Lead,35-42 ,35,42,38.5,3.0,"SMIT Solutions
3.0","Austin, TX","Bradenton, FL",Unknown,-1,Unknown,-1,-1,Unknown / Non-Applicable,-1,0
Data Warehouse Analyst,35-42 ,35,42,38.5,3.9,"Octo Consulting Group
3.9","Austin, TX","Reston, VA",501 to 1000 employees,2006,Company - Private,Consulting,Business Services,$50 to $100 million (USD),"Attain, Deloitte, Booz Allen Hamilton",0
Data Analyst III,35-42 ,35,42,38.5,3.1,"Seven Seven Softwares
3.1","Austin, TX","Rockaway, NJ",201 to 500 employees,1996,Company - Public,IT Services,Information Technology,$10 to $25 million (USD),-1,0
Data Analyst III,35-42 ,35,42,38.5,3.7,"Wellcare
3.7","Austin, TX","Tampa, FL",5001 to 10000 employees,1985,Company - Public,Insurance Carriers,Insurance,$10+ billion (USD),"Anthem, Molina Healthcare, Humana",0
Senior Strategy Data Analyst,35-42 ,35,42,38.5,3.6,"Central Health
3.6","Austin, TX","Austin, TX",51 to 200 employees,-1,Government,Health Care Services & Hospitals,Health Care,$5 to $10 million (USD),-1,0
BI Data Analyst and Specialist,35-42 ,35,42,38.5,-1.0,Sam Bharath,"West Lake Hills, TX",-1,-1,-1,-1,-1,-1,-1,-1,0
Data Analyst IV,35-42 ,35,42,38.5,2.8,"Texas Health & Human Services Commission
2.8","Austin, TX","Austin, TX",10000+ employees,1912,Government,State & Regional Agencies,Government,Unknown / Non-Applicable,-1,0
Clinical Data Management - Technical Analyst,35-42 ,35,42,38.5,3.3,"Ascension
3.3","Austin, TX","Saint Louis, MO",10000+ employees,1999,Nonprofit Organization,Health Care Services & Hospitals,Health Care,$100 to $500 million (USD),-1,0
Splunk Data Analyst,35-42 ,35,42,38.5,4.1,"BayOne Solutions
4.1","Austin, TX","Pleasanton, CA",1001 to 5000 employees,-1,Company - Private,IT Services,Information Technology,$5 to $10 million (USD),-1,0
Data Analyst III,35-42 ,35,42,38.5,3.3,"Superior HealthPlan
3.3","Austin, TX","Austin, TX",1001 to 5000 employees,1999,Company - Private,Health Care Services & Hospitals,Health Care,Unknown / Non-Applicable,-1,0
Data Analyst Junior,35-42 ,35,42,38.5,5.0,"Staffigo Technical Services, LLC
5.0","Austin, TX","Woodridge, IL",51 to 200 employees,2008,Company - Private,IT Services,Information Technology,$50 to $100 million (USD),-1,0
20-63 Flood Planning Data Analyst (Data Analyst III),35-42 ,35,42,38.5,2.8,"Texas Water Development Board
2.8","Austin, TX","Austin, TX",201 to 500 employees,1957,Government,State & Regional Agencies,Government,Unknown / Non-Applicable,-1,0
Operations Research Analyst (Data Scientist),35-42 ,35,42,38.5,-1.0,United States Army Futures Command,"Austin, TX",-1,-1,-1,-1,-1,-1,-1,-1,0
Leading Data-Driven Change -- Data Industry Analyst,35-42 ,35,42,38.5,3.5,"GasPedal
3.5","Austin, TX","Austin, TX",1 to 50 employees,2007,Company - Private,Membership Organizations,Business Services,$5 to $10 million (USD),-1,0
SQL Data and Integration Analyst,35-42 ,35,42,38.5,4.1,"Smartwebs, Inc.
4.1","Round Rock, TX","Boston, MA",Unknown,-1,Company - Private,Advertising & Marketing,Business Services,Less than $1 million (USD),-1,0
Industry Analyst -- Data Science and Strategy,35-42 ,35,42,38.5,3.5,"GasPedal
3.5","Austin, TX","Austin, TX",1 to 50 employees,2007,Company - Private,Membership Organizations,Business Services,$5 to $10 million (USD),-1,0
Senior Data Analyst,35-42 ,35,42,38.5,-1.0,Iris Plans Inc.,"Austin, TX","Austin, TX",1 to 50 employees,-1,Company - Private,-1,-1,Unknown / Non-Applicable,-1,0
Simulation Data Analyst,35-42 ,35,42,38.5,2.7,"Hyliion
2.7","Cedar Park, TX","Cedar Park, TX",1 to 50 employees,2015,Company - Private,Trucking,Transportation & Logistics,Unknown / Non-Applicable,-1,0
Data Analyst/Program Manager,35-42 ,35,42,38.5,-1.0,softsnippets,"Austin, TX",-1,-1,-1,-1,-1,-1,-1,-1,0
Data Analyst III,35-42 ,35,42,38.5,3.3,"Centene Corporation
3.3","Austin, TX","Saint Louis, MO",10000+ employees,1984,Company - Public,Insurance Carriers,Insurance,$10+ billion (USD),-1,0
Senior Data Analyst / Senior BI and Insights Analyst,35-42 ,35,42,38.5,4.4,"Quantilus, Inc
4.4","Round Rock, TX","New York, NY",1 to 50 employees,-1,Company - Private,IT Services,Information Technology,Less than $1 million (USD),-1,0
"Associate, Strategy and Operations (Data Analyst IV)",35-42 ,35,42,38.5,2.8,"Texas Education Agency
2.8","Austin, TX","Austin, TX",501 to 1000 employees,-1,Government,State & Regional Agencies,Government,$100 to $500 million (USD),-1,0
19-84R Team Lead (Data Analyst IV),43-77 ,43,77,60.0,2.8,"Texas Water Development Board
2.8","Austin, TX","Austin, TX",201 to 500 employees,1957,Government,State & Regional Agencies,Government,Unknown / Non-Applicable,-1,0
Data Lineage Analyst,43-77 ,43,77,60.0,3.5,"The Judge Group
3.5","Round Rock, TX","Wayne, PA",1001 to 5000 employees,1970,Company - Private,Staffing & Outsourcing,Business Services,$100 to $500 million (USD),"Adecco, Kforce",0
DPS - FIN - CAPPS Financial Senior Data Analyst,43-77 ,43,77,60.0,3.4,"TEXAS DEPARTMENT OF PUBLIC SAFETY
3.4","Austin, TX","Austin, TX",1001 to 5000 employees,-1,Government,Municipal Governments,Government,Unknown / Non-Applicable,-1,0
Data Analyst,40-72 ,40,72,56.0,3.0,"CSI Tech Inc.
3.0","Jacksonville, FL","Jacksonville, FL",51 to 200 employees,1994,Company - Private,Staffing & Outsourcing,Business Services,$100 to $500 million (USD),-1,0
Data Reporting Analyst,40-72 ,40,72,56.0,3.5,"Robert Half
3.5","Jacksonville, FL","Menlo Park, CA",10000+ employees,1948,Company - Public,Staffing & Outsourcing,Business Services,$2 to $5 billion (USD),"Adecco, Manpower",0
USGAAP Financial and Reference Data Control Analyst Analyst,40-72 ,40,72,56.0,3.5,"Deutsche Bank
3.5","Jacksonville, FL","Frankfurt am Main, Germany",10000+ employees,1870,Company - Public,Investment Banking & Asset Management,Finance,$10+ billion (USD),-1,0
Business/Data Analyst,40-72 ,40,72,56.0,3.7,"Software Guidance & Assistance
3.7","Jacksonville, FL","Tarrytown, NY",51 to 200 employees,1981,Company - Private,Staffing & Outsourcing,Business Services,$50 to $100 million (USD),-1,0
Junior Data Analyst,40-72 ,40,72,56.0,5.0,"Staffigo Technical Services, LLC
5.0","Jacksonville, FL","Woodridge, IL",51 to 200 employees,2008,Company - Private,IT Services,Information Technology,$50 to $100 million (USD),-1,0
Business/Data Analyst,40-72 ,40,72,56.0,-1.0,SGA Inc.,"Jacksonville, FL","Bethesda, MD",1 to 50 employees,1996,Company - Private,Architectural & Engineering Services,Business Services,$1 to $5 million (USD),-1,0
Data Analyst,40-72 ,40,72,56.0,3.5,"SNI Technology
3.5","Jacksonville, FL","Des Moines, IA",201 to 500 employees,1998,Company - Public,Staffing & Outsourcing,Business Services,Unknown / Non-Applicable,-1,0
"Assistant Vice President, Anti Financial Crime Data Quality Analyst - {KP4457495}",40-72 ,40,72,56.0,3.5,"Deutsche Bank
3.5","Jacksonville, FL","Frankfurt am Main, Germany",10000+ employees,1870,Company - Public,Investment Banking & Asset Management,Finance,$10+ billion (USD),-1,0
Senior Data Analyst,40-72 ,40,72,56.0,3.9,"BTG
3.9","Jacksonville, FL","Eclepens, Switzerland",1 to 50 employees,1921,Company - Public,Advertising & Marketing,Business Services,Less than $1 million (USD),-1,0
Data Analyst,40-72 ,40,72,56.0,5.0,"Staffigo Technical Services, LLC
5.0","Jacksonville, FL","Woodridge, IL",51 to 200 employees,2008,Company - Private,IT Services,Information Technology,$50 to $100 million (USD),-1,0
"Assistant Vice President, Anti Financial Crime Data Quality Analyst",40-72 ,40,72,56.0,3.5,"Deutsche Bank
3.5","Jacksonville, FL","Frankfurt am Main, Germany",10000+ employees,1870,Company - Public,Investment Banking & Asset Management,Finance,$10+ billion (USD),-1,0
Data Analyst Junior,40-72 ,40,72,56.0,5.0,"Staffigo Technical Services, LLC
5.0","Jacksonville, FL","Woodridge, IL",51 to 200 employees,2008,Company - Private,IT Services,Information Technology,$50 to $100 million (USD),-1,0
CDHP - Data Analyst Team Lead,40-72 ,40,72,56.0,-1.0,Medical Cost Containment Services Inc.,"Jacksonville, FL",-1,-1,-1,-1,-1,-1,-1,-1,0
Power BI Data Analyst,40-72 ,40,72,56.0,-1.0,LEFTA Systems,"Jacksonville, FL",-1,-1,-1,-1,-1,-1,-1,-1,0
Sr. Data Analyst - Guidewire Data Hub,40-72 ,40,72,56.0,2.9,"Kemper
2.9","Jacksonville, FL","Chicago, IL",5001 to 10000 employees,1990,Company - Public,Insurance Carriers,Insurance,$2 to $5 billion (USD),-1,0
Senior Data Analyst- Guidewire Data Hub,40-72 ,40,72,56.0,5.0,"ARC Group
5.0","Jacksonville, FL","Burbank, CA",51 to 200 employees,-1,Company - Private,Investment Banking & Asset Management,Finance,Unknown / Non-Applicable,-1,0
Guidewire Data Analyst,40-72 ,40,72,56.0,5.0,"American Recruiting & Consulting Group
5.0","Jacksonville, FL","Fort Lauderdale, FL",51 to 200 employees,1982,Company - Private,Staffing & Outsourcing,Business Services,Unknown / Non-Applicable,-1,0
System Analyst (Data) - PL/SQl Server,40-72 ,40,72,56.0,3.9,"Diverse Lynx
3.9","Jacksonville, FL","Princeton, NJ",501 to 1000 employees,2002,Company - Private,IT Services,Information Technology,$100 to $500 million (USD),-1,0
ACA - Data Analyst,40-72 ,40,72,56.0,-1.0,Medical Cost Containment Services Inc.,"Jacksonville, FL",-1,-1,-1,-1,-1,-1,-1,-1,0
"Data Analyst, Military Forecasting",50-86 ,50,86,68.0,3.3,"Textron
3.3","Fort Worth, TX","Providence, RI",10000+ employees,1923,Company - Public,Aerospace & Defense,Aerospace & Defense,$10+ billion (USD),-1,0
Human Performance Data Analyst,50-86 ,50,86,68.0,4.6,"Reef Systems
4.6","Fort Worth, TX","Cary, NC",1 to 50 employees,-1,Company - Public,-1,-1,$1 to $5 million (USD),-1,0
Medical Data Analyst,50-86 ,50,86,68.0,3.8,"CornerStone Staffing
3.8","Fort Worth, TX","Grand Prairie, TX",51 to 200 employees,1991,Company - Private,Staffing & Outsourcing,Business Services,$50 to $100 million (USD),-1,0
Data Analyst,50-86 ,50,86,68.0,-1.0,Thinkfind Corporation,"Fort Worth, TX","Richardson, TX",1 to 50 employees,2011,Company - Private,IT Services,Information Technology,Unknown / Non-Applicable,-1,0
"Data Analyst, Military Forecasting",50-86 ,50,86,68.0,3.9,"Bell Helicopter
3.9","Fort Worth, TX","Fort Worth, TX",5001 to 10000 employees,1935,Subsidiary or Business Segment,Aerospace & Defense,Aerospace & Defense,$2 to $5 billion (USD),-1,0
Data Reporting Analyst,50-86 ,50,86,68.0,3.1,"E Business International
3.1","Fort Worth, TX","Princeton, NJ",51 to 200 employees,1992,Company - Private,IT Services,Information Technology,$1 to $5 million (USD),-1,0
Data Analyst,50-86 ,50,86,68.0,4.4,"InfoVision, Inc.
4.4","Irving, TX","Richardson, TX",1001 to 5000 employees,1995,Company - Private,IT Services,Information Technology,$100 to $500 million (USD),-1,0
Data Analyst Assistant,50-86 ,50,86,68.0,5.0,"Company Confidenital
5.0","Fort Worth, TX","Tulsa, OK",51 to 200 employees,2006,Company - Private,Staffing & Outsourcing,Business Services,Unknown / Non-Applicable,-1,0
Systems Engineer - Data Analyst (Level 3),50-86 ,50,86,68.0,3.8,"Lockheed Martin
3.8","Fort Worth, TX","Bethesda, MD",10000+ employees,1995,Company - Public,Aerospace & Defense,Aerospace & Defense,$10+ billion (USD),"Boeing, Northrop Grumman, Raytheon Technologies",0
Sr Data Analyst,50-86 ,50,86,68.0,2.9,"GM Financial
2.9","Fort Worth, TX","Fort Worth, TX",5001 to 10000 employees,1992,Company - Public,Lending,Finance,$5 to $10 billion (USD),-1,0
Data/Sales Analyst,50-86 ,50,86,68.0,-1.0,Samsung HVAC,"Roanoke, TX","Roanoke, TX",51 to 200 employees,-1,Other Organization,Commercial Equipment Repair & Maintenance,"Construction, Repair & Maintenance",Unknown / Non-Applicable,-1,0
Data/Financial Analyst,35-67 ,35,67,51.0,1.7,"SUNSET LOGISTICS, INC
1.7","Fort Worth, TX","Fort Worth, TX",51 to 200 employees,-1,Company - Private,Transportation Management,Transportation & Logistics,$25 to $50 million (USD),-1,0
Data Analyst - Intelligent Automation,35-67 ,35,67,51.0,4.2,"Prudent Technologies & Consulting
4.2","Fort Worth, TX","Dallas, TX",51 to 200 employees,1998,Company - Private,IT Services,Information Technology,$25 to $50 million (USD),-1,0
(Risk Data Analyst),35-67 ,35,67,51.0,4.8,"System Soft Technologies
4.8","Fort Worth, TX","Tampa, FL",201 to 500 employees,1999,Company - Private,IT Services,Information Technology,$50 to $100 million (USD),-1,0
Systems Analyst - Data Conversion,35-67 ,35,67,51.0,3.9,"Fidelity TalentSource
3.9","Westlake, TX","Boston, MA",1001 to 5000 employees,1986,Company - Private,Staffing & Outsourcing,Business Services,Unknown / Non-Applicable,-1,0
"Business Analyst with Data Governance ,IDQ exp",35-67 ,35,67,51.0,-1.0,SM LOgics Inc,"Fort Worth, TX","Carrollton, TX",Unknown,-1,Company - Public,-1,-1,Unknown / Non-Applicable,-1,0
"Business Analyst with Data Governance ,IDQ exp",35-67 ,35,67,51.0,-1.0,smlogics,"Fort Worth, TX",-1,-1,-1,-1,-1,-1,-1,-1,0
(Data Risk Analyst: Data Modeler),35-67 ,35,67,51.0,4.8,"System Soft Technologies
4.8","Fort Worth, TX","Tampa, FL",201 to 500 employees,1999,Company - Private,IT Services,Information Technology,$50 to $100 million (USD),-1,0
+ Global Process Data Analyst,57-70 ,57,70,63.5,4.7,"InfoQuest Consulting Group
4.7","Fort Worth, TX","Edison, NJ",1 to 50 employees,-1,Company - Private,Computer Hardware & Software,Information Technology,Less than $1 million (USD),-1,0
BI Data Analyst / Specialist,57-70 ,57,70,63.5,3.6,"Global Technical Talent, LLC
3.6","Westlake, TX","Portsmouth, NH",501 to 1000 employees,1999,Company - Private,IT Services,Information Technology,$25 to $50 million (USD),-1,0
Data Analyst,28-52 ,28,52,40.0,4.2,"CyberCoders
4.2","Columbus, OH","Irvine, CA",201 to 500 employees,1999,Subsidiary or Business Segment,Staffing & Outsourcing,Business Services,$100 to $500 million (USD),-1,0
Data Analyst,28-52 ,28,52,40.0,3.6,"Olive
3.6","Columbus, OH","Columbus, OH",201 to 500 employees,2012,Company - Private,Enterprise Software & Network Solutions,Information Technology,Unknown / Non-Applicable,-1,0
Data Analyst-Quality Improvement Services,28-52 ,28,52,40.0,3.7,"Nationwide Children's Hospital
3.7","Columbus, OH","Columbus, OH",10000+ employees,1892,Nonprofit Organization,Health Care Services & Hospitals,Health Care,$1 to $2 billion (USD),-1,0
Data Analyst,28-52 ,28,52,40.0,2.9,"The Paragon Group
2.9","Columbus, OH","SUNDERLAND, United Kingdom",1001 to 5000 employees,1985,Company - Public,Banks & Credit Unions,Finance,$500 million to $1 billion (USD),-1,0
Fraud Data Analyst,28-52 ,28,52,40.0,3.5,"Abercrombie & Fitch Co.
3.5","Columbus, OH","New Albany, OH",10000+ employees,1892,Company - Public,"Department, Clothing, & Shoe Stores",Retail,$2 to $5 billion (USD),"American Eagle Outfitters, Ralph Lauren, J. Crew",0
Software Engineer - Data Analyst,28-52 ,28,52,40.0,3.9,"JPMorgan Chase
3.9","Columbus, OH","New York, NY",10000+ employees,1799,Company - Public,Investment Banking & Asset Management,Finance,$10+ billion (USD),-1,0
Data Analyst,28-52 ,28,52,40.0,-1.0,Beacon Hill Technologies,"Columbus, OH",-1,-1,-1,-1,-1,-1,-1,-1,0
Business Data Analyst,28-52 ,28,52,40.0,3.8,"DHL
3.8","Westerville, OH","Bonn, Germany",10000+ employees,1969,Company - Private,Logistics & Supply Chain,Transportation & Logistics,Unknown / Non-Applicable,-1,0
Business Analyst / Data Scientist Manager,28-52 ,28,52,40.0,3.6,"Abbott Laboratories
3.6","Columbus, OH","Abbott Park, IL",10000+ employees,1888,Company - Public,Health Care Services & Hospitals,Health Care,$10+ billion (USD),-1,0
Junior Data Analyst,28-52 ,28,52,40.0,5.0,"Staffigo Technical Services, LLC
5.0","Columbus, OH","Woodridge, IL",51 to 200 employees,2008,Company - Private,IT Services,Information Technology,$50 to $100 million (USD),-1,0
Program Data Analyst,28-52 ,28,52,40.0,2.3,"Economic and Community Development Institute
2.3","Columbus, OH","Columbus, OH",1 to 50 employees,-1,Nonprofit Organization,Lending,Finance,$5 to $10 million (USD),-1,0
Business Data Analyst - I,28-52 ,28,52,40.0,2.5,"Avacend, Inc.
2.5","Hilliard, OH","Alpharetta, GA",51 to 200 employees,-1,Company - Private,Staffing & Outsourcing,Business Services,Unknown / Non-Applicable,-1,0
Planning Analyst - Data Resource Center,28-52 ,28,52,40.0,3.7,"Nationwide Children's Hospital
3.7","Columbus, OH","Columbus, OH",10000+ employees,1892,Nonprofit Organization,Health Care Services & Hospitals,Health Care,$1 to $2 billion (USD),-1,0
Data Analyst,28-52 ,28,52,40.0,2.8,"Data Systems Integration Group Inc
2.8","Columbus, OH","Dublin, OH",1 to 50 employees,-1,Company - Private,Accounting,Accounting & Legal,Less than $1 million (USD),-1,0
Data Analyst,28-52 ,28,52,40.0,5.0,"Staffigo Technical Services, LLC
5.0","Columbus, OH","Woodridge, IL",51 to 200 employees,2008,Company - Private,IT Services,Information Technology,$50 to $100 million (USD),-1,0
"Data Analyst II(Claims,SQL,Billing,Healthcare)",28-52 ,28,52,40.0,3.4,"Buckeye Health Plan
3.4","Columbus, OH","Columbus, OH",1001 to 5000 employees,2004,Company - Public,Health Care Services & Hospitals,Health Care,Unknown / Non-Applicable,-1,0
Data Analyst,28-52 ,28,52,40.0,4.5,"Beacon Hill Staffing Group
4.5","Columbus, OH","Boston, MA",501 to 1000 employees,2000,Company - Private,Staffing & Outsourcing,Business Services,$500 million to $1 billion (USD),"Aerotek, WinterWyman, Hollister Staffing",1
"Data Analyst II(Claims,SQL,Billing,Healthcare)",28-52 ,28,52,40.0,3.4,"Buckeye Community Health Plan
3.4","Columbus, OH","Dayton, OH",51 to 200 employees,-1,Company - Private,-1,-1,$5 to $10 million (USD),-1,0
Financial Data Analyst,28-52 ,28,52,40.0,-1.0,"Aspen Careers, LLC","Columbus, OH",-1,-1,-1,-1,-1,-1,-1,-1,0
Data Validation Analyst,28-52 ,28,52,40.0,5.0,"Revel IT
5.0","Dublin, OH","Dublin, OH",201 to 500 employees,1997,Company - Private,IT Services,Information Technology,$50 to $100 million (USD),-1,1
Data Analyst,28-52 ,28,52,40.0,4.5,"UNICON International, Inc
4.5","Columbus, OH","Los Angeles, CA",1 to 50 employees,-1,Company - Private,-1,-1,$1 to $5 million (USD),-1,0
"JPSC-7975 - Data Analyst Lead- Columbus, OH (LOCAL CANDIDATES ONLY)",28-52 ,28,52,40.0,4.5,"Avani Technology Solutions
4.5","Columbus, OH","Rochester, NY",501 to 1000 employees,2008,Company - Private,IT Services,Information Technology,$50 to $100 million (USD),-1,0
Data Statistics Analyst PFK - Care Coordination,28-52 ,28,52,40.0,3.7,"Nationwide Children's Hospital
3.7","Columbus, OH","Columbus, OH",10000+ employees,1892,Nonprofit Organization,Health Care Services & Hospitals,Health Care,$1 to $2 billion (USD),-1,0
Data Analyst Junior,28-52 ,28,52,40.0,5.0,"Staffigo Technical Services, LLC
5.0","Columbus, OH","Woodridge, IL",51 to 200 employees,2008,Company - Private,IT Services,Information Technology,$50 to $100 million (USD),-1,0
Analyst: Data Analytics,28-52 ,28,52,40.0,2.5,"Avacend, Inc.
2.5","Hilliard, OH","Alpharetta, GA",51 to 200 employees,-1,Company - Private,Staffing & Outsourcing,Business Services,Unknown / Non-Applicable,-1,0
Information Security and Data Protection Analyst,28-52 ,28,52,40.0,4.0,"Amyx, Inc.
4.0","Columbus, OH","Reston, VA",501 to 1000 employees,1999,Company - Private,IT Services,Information Technology,$50 to $100 million (USD),-1,0
Technical Data Analyst,28-52 ,28,52,40.0,4.5,"Dedicated Tech Services, Inc.
4.5","Dublin, OH","Columbus, OH",1 to 50 employees,2008,Private Practice / Firm,IT Services,Information Technology,$1 to $5 million (USD),-1,0
"Data Scientist/Programmer, Sr. Analyst - Abbott Nutrition - Columbus, OH",28-52 ,28,52,40.0,3.6,"Abbott
3.6","Columbus, OH","Abbott Park, IL",10000+ employees,1888,Company - Public,Health Care Services & Hospitals,Health Care,$10+ billion (USD),-1,0
Accounting Data Analyst / Implementation Specialist,46-86 ,46,86,66.0,-1.0,"Marker, Inc.","Columbus, OH","Old Bridge, NJ",Unknown,-1,Company - Private,-1,-1,Unknown / Non-Applicable,-1,0
Information Security and Data Protection Analyst,46-86 ,46,86,66.0,-1.0,"Amyx, Iinc.","Columbus, OH",-1,-1,-1,-1,-1,-1,-1,-1,0
"Data Analyst III (Population Health , Pharmacy, SQL)",46-86 ,46,86,66.0,3.4,"Buckeye Community Health Plan
3.4","Columbus, OH","Dayton, OH",51 to 200 employees,-1,Company - Private,-1,-1,$5 to $10 million (USD),-1,0
"Data Analyst III (Population Health , Pharmacy, SQL)",46-86 ,46,86,66.0,3.4,"Buckeye Health Plan
3.4","Columbus, OH","Columbus, OH",1001 to 5000 employees,2004,Company - Public,Health Care Services & Hospitals,Health Care,Unknown / Non-Applicable,-1,0
Data Statistics Analyst PFK Care Coordination,46-86 ,46,86,66.0,3.7,"Nationwide Childrens Hospital
3.7","Columbus, OH","Columbus, OH",10000+ employees,1892,Nonprofit Organization,Health Care Services & Hospitals,Health Care,$1 to $2 billion (USD),-1,0
Software Engineer - Senior Data Analyst,46-86 ,46,86,66.0,3.9,"JPMorgan Chase Bank, N.A.
3.9","Columbus, OH","New York, NY",10000+ employees,1799,Company - Public,Investment Banking & Asset Management,Finance,$10+ billion (USD),-1,0
Sr Data Analyst,46-86 ,46,86,66.0,4.5,"Creative Financial Staffing
4.5","Westerville, OH","Boston, MA",201 to 500 employees,1994,Company - Private,Staffing & Outsourcing,Business Services,$50 to $100 million (USD),"Robert Half, Kforce",0
Analytic Consultant 4 - Data Analyst,50-86 ,50,86,68.0,3.6,"Wells Fargo
3.6","Charlotte, NC","San Francisco, CA",10000+ employees,1852,Company - Public,Banks & Credit Unions,Finance,$10+ billion (USD),-1,0
Operations Data Analyst,50-86 ,50,86,68.0,3.8,"Brighthouse Financial
3.8","Charlotte, NC","Charlotte, NC",1001 to 5000 employees,2017,Company - Public,Insurance Carriers,Insurance,Unknown / Non-Applicable,-1,0
Data Business Analyst,50-86 ,50,86,68.0,5.0,"Payzer
5.0","Charlotte, NC","Charlotte, NC",51 to 200 employees,-1,Company - Private,-1,-1,Unknown / Non-Applicable,-1,0
Federal - Data Analyst,50-86 ,50,86,68.0,3.9,"Accenture
3.9","Charlotte, NC","Dublin, Ireland",10000+ employees,1989,Company - Public,Consulting,Business Services,$10+ billion (USD),"Cognizant Technology Solutions, EY, McKinsey & Company",0
Data Analyst,50-86 ,50,86,68.0,3.8,"Tata Consultancy Services
3.8","Charlotte, NC","Mumbai, India",10000+ employees,1968,Company - Public,Computer Hardware & Software,Information Technology,$10+ billion (USD),"Accenture, IBM, Infosys",0
Marketing Data Analyst,50-86 ,50,86,68.0,5.0,"Trivest
5.0","Mooresville, NC","Coral Gables, FL",1 to 50 employees,1981,Company - Private,Venture Capital & Private Equity,Finance,Unknown / Non-Applicable,-1,0
Data Analyst I (Strong Salesforce.com),50-86 ,50,86,68.0,3.4,"pureIntegration
3.4","Charlotte, NC","Herndon, VA",51 to 200 employees,2004,Company - Private,Enterprise Software & Network Solutions,Information Technology,$10 to $25 million (USD),-1,0
Data Analyst I,50-86 ,50,86,68.0,4.1,"Kforce
4.1","Charlotte, NC","Tampa, FL",10000+ employees,1966,Company - Public,Staffing & Outsourcing,Business Services,$1 to $2 billion (USD),-1,0
Data Analyst,50-86 ,50,86,68.0,4.1,"Collabera
4.1","Charlotte, NC","Basking Ridge, NJ",10000+ employees,1991,Company - Private,IT Services,Information Technology,$500 million to $1 billion (USD),"Kforce, Insight Global, Volt Consulting Group",0
Data Analyst,50-86 ,50,86,68.0,3.9,"TEKsystems
3.9","Charlotte, NC","Hanover, MD",1001 to 5000 employees,1983,Subsidiary or Business Segment,Staffing & Outsourcing,Business Services,$2 to $5 billion (USD),"Capgemini, Slalom, Accenture",0
Data Analyst,50-86 ,50,86,68.0,3.9,"Artech LLC
3.9","Charlotte, NC","Morristown, NJ",5001 to 10000 employees,1992,Company - Private,Staffing & Outsourcing,Business Services,$500 million to $1 billion (USD),-1,0
Financial Data Analyst,50-86 ,50,86,68.0,3.6,"Randstad
3.6","Charlotte, NC","Atlanta, GA",1001 to 5000 employees,-1,Subsidiary or Business Segment,Staffing & Outsourcing,Business Services,Unknown / Non-Applicable,-1,0
Data Analyst,50-86 ,50,86,68.0,3.4,"Matlen Silver
3.4","Charlotte, NC","Bridgewater, NJ",201 to 500 employees,1980,Company - Private,IT Services,Information Technology,$50 to $100 million (USD),-1,0
Data Analyst,50-86 ,50,86,68.0,3.6,"Randstad
3.6","Charlotte, NC","Atlanta, GA",1001 to 5000 employees,-1,Subsidiary or Business Segment,Staffing & Outsourcing,Business Services,Unknown / Non-Applicable,-1,0
Data Analyst,50-86 ,50,86,68.0,3.8,"Diversant LLC
3.8","Charlotte, NC","Red Bank, NJ",1001 to 5000 employees,2005,Company - Private,Staffing & Outsourcing,Business Services,$100 to $500 million (USD),"Kforce, Mitchell Martin, Insight Global",0
Data Science Analyst,50-86 ,50,86,68.0,3.6,"Signature Consultants
3.6","Charlotte, NC","Fort Lauderdale, FL",1001 to 5000 employees,1997,Company - Private,Staffing & Outsourcing,Business Services,$100 to $500 million (USD),"ComforceHealth, TEKsystems, Allegis Group",0
Data Analyst,50-86 ,50,86,68.0,4.1,"Sysmind LLC
4.1","Charlotte, NC","Princeton Junction, NJ",51 to 200 employees,1999,Company - Private,Enterprise Software & Network Solutions,Information Technology,$25 to $50 million (USD),-1,0
Data Analyst,50-86 ,50,86,68.0,3.7,"Tata Consultancy Services (North America)
3.7","Charlotte, NC","New York, NY",10000+ employees,1968,Subsidiary or Business Segment,IT Services,Information Technology,$10+ billion (USD),"Cognizant Technology Solutions, Accenture, IBM",0
Business Data Analyst,50-86 ,50,86,68.0,3.5,"Robert Half
3.5","Charlotte, NC","Menlo Park, CA",10000+ employees,1948,Company - Public,Staffing & Outsourcing,Business Services,$2 to $5 billion (USD),"Adecco, Manpower",0
Data Analyst,50-86 ,50,86,68.0,4.1,"Kforce
4.1","Charlotte, NC","Tampa, FL",10000+ employees,1966,Company - Public,Staffing & Outsourcing,Business Services,$1 to $2 billion (USD),-1,0
Data Business Analyst,50-86 ,50,86,68.0,3.9,"TEKsystems
3.9","Charlotte, NC","Hanover, MD",1001 to 5000 employees,1983,Subsidiary or Business Segment,Staffing & Outsourcing,Business Services,$2 to $5 billion (USD),"Capgemini, Slalom, Accenture",0
Junior Data Analyst,50-86 ,50,86,68.0,5.0,"Staffigo Technical Services, LLC
5.0","Charlotte, NC","Woodridge, IL",51 to 200 employees,2008,Company - Private,IT Services,Information Technology,$50 to $100 million (USD),-1,0
Data Analyst,50-86 ,50,86,68.0,4.6,"Conch Technologies, Inc
4.6","Charlotte, NC","Memphis, TN",51 to 200 employees,-1,Company - Private,Consulting,Business Services,$5 to $10 million (USD),-1,0
Data Analyst,50-86 ,50,86,68.0,3.2,"Neo Prism Solutions
3.2","Charlotte, NC","Schaumburg, IL",51 to 200 employees,-1,Company - Private,Accounting,Accounting & Legal,$1 to $5 million (USD),-1,0
Data Management Analyst,50-86 ,50,86,68.0,3.9,"TEKsystems, Inc
3.9","Charlotte, NC","Hanover, MD",1001 to 5000 employees,1983,Subsidiary or Business Segment,Staffing & Outsourcing,Business Services,$2 to $5 billion (USD),"Capgemini, Slalom, Accenture",0
Financial Data Analyst - Full Time,50-86 ,50,86,68.0,-1.0,Data Bridge Consultants,"Charlotte, NC",-1,-1,-1,-1,-1,-1,-1,-1,0
Data analyst,50-86 ,50,86,68.0,4.7,"Resource Logistics, Inc.
4.7","Charlotte, NC","Edison, NJ",51 to 200 employees,1997,Company - Private,Logistics & Supply Chain,Transportation & Logistics,$10 to $25 million (USD),-1,0
Data Analyst,50-86 ,50,86,68.0,3.9,"Diverse Lynx
3.9","Charlotte, NC","Princeton, NJ",501 to 1000 employees,2002,Company - Private,IT Services,Information Technology,$100 to $500 million (USD),-1,0
Senior CX Data Analyst,50-86 ,50,86,68.0,3.2,"Vanguard
3.2","Charlotte, NC","Malvern, PA",10000+ employees,1975,Company - Private,Investment Banking & Asset Management,Finance,Unknown / Non-Applicable,"Charles Schwab, Fidelity Investments, Edward Jones",0
Data Engineer/Analyst,50-86 ,50,86,68.0,3.3,"Vaco Technology
3.3","Charlotte, NC","Brentwood, TN",501 to 1000 employees,2002,Company - Private,Consulting,Business Services,$500 million to $1 billion (USD),-1,0
Federal - Data Analyst,54-75 ,54,75,64.5,-1.0,Accenture Contractor Jobs,"Charlotte, NC",-1,-1,-1,-1,-1,-1,-1,-1,0
Quality Data Analyst,54-75 ,54,75,64.5,3.6,"OrthoCarolina
3.6","Charlotte, NC","Charlotte, NC",501 to 1000 employees,2005,Company - Private,Health Care Services & Hospitals,Health Care,$100 to $500 million (USD),-1,0
Data Visualization Analyst,54-75 ,54,75,64.5,2.8,"American Tire Distributors
2.8","Huntersville, NC","Huntersville, NC",1001 to 5000 employees,1935,Company - Private,Logistics & Supply Chain,Transportation & Logistics,$5 to $10 billion (USD),"TireHub, National Tire Warehouse, Dealer Tire",0
Senior Data Analyst,54-75 ,54,75,64.5,3.4,"NTT DATA Corporation
3.4","Charlotte, NC","Tokyo, Japan",10000+ employees,1967,Company - Public,IT Services,Information Technology,$10+ billion (USD),"Capgemini, Accenture, Deloitte",0
HR Data Analyst,54-75 ,54,75,64.5,3.8,"Apex Systems
3.8","Charlotte, NC","Glen Allen, VA",1001 to 5000 employees,1995,Subsidiary or Business Segment,Staffing & Outsourcing,Business Services,$2 to $5 billion (USD),"TEKsystems, Insight Global, Accenture",1
Data Analyst/Business Analyst,54-75 ,54,75,64.5,3.6,"Signature Consultants
3.6","Charlotte, NC","Fort Lauderdale, FL",1001 to 5000 employees,1997,Company - Private,Staffing & Outsourcing,Business Services,$100 to $500 million (USD),"ComforceHealth, TEKsystems, Allegis Group",0
Data Analyst,54-75 ,54,75,64.5,3.7,"eTeam Inc.
3.7","Charlotte, NC","South Plainfield, NJ",51 to 200 employees,1999,Company - Private,Staffing & Outsourcing,Business Services,$50 to $100 million (USD),"Artech Information Systems, Mindlance, Tech Mahindra",0
Data Analyst,54-75 ,54,75,64.5,2.0,"AccessOne
2.0","Fort Mill, SC","Fort Mill, SC",1 to 50 employees,-1,Company - Private,-1,-1,Less than $1 million (USD),-1,0
BI Data Analyst,54-75 ,54,75,64.5,2.9,"Nesco Resource, LLC
2.9","Fort Mill, SC","Cleveland, OH",1001 to 5000 employees,1956,Company - Private,Staffing & Outsourcing,Business Services,$500 million to $1 billion (USD),-1,0
Data Analyst,54-75 ,54,75,64.5,4.1,"RGP
4.1","Charlotte, NC","Irvine, CA",1001 to 5000 employees,1996,Company - Public,Consulting,Business Services,$500 million to $1 billion (USD),"Deloitte, Huron Consulting Group, Point B",0
Enterprise Data Office Analyst IV,54-75 ,54,75,64.5,3.5,"Truist
3.5","Charlotte, NC","Charlotte, NC",10000+ employees,2019,Company - Public,Investment Banking & Asset Management,Finance,Unknown / Non-Applicable,-1,0
Data Analyst/ Python with Banking Experience,54-75 ,54,75,64.5,2.9,"Shimento, Inc.
2.9","Charlotte, NC","Benicia, CA",1 to 50 employees,-1,Company - Private,-1,-1,$1 to $5 million (USD),-1,0
Data Analyst,54-75 ,54,75,64.5,-1.0,Parks Heating & Cooling,"Indian Trail, NC","Indian Trail, NC",51 to 200 employees,1973,Company - Public,General Repair & Maintenance,"Construction, Repair & Maintenance",$10 to $25 million (USD),-1,0
Systems/Data Analyst,54-75 ,54,75,64.5,3.6,"Randstad
3.6","Charlotte, NC","Atlanta, GA",1001 to 5000 employees,-1,Subsidiary or Business Segment,Staffing & Outsourcing,Business Services,Unknown / Non-Applicable,-1,0
Data Analyst (Real Time Data Consultant Needed),54-75 ,54,75,64.5,4.6,"Conch Technologies, Inc
4.6","Charlotte, NC","Memphis, TN",51 to 200 employees,-1,Company - Private,Consulting,Business Services,$5 to $10 million (USD),-1,0
Data Visualization Analyst,54-75 ,54,75,64.5,5.0,"PCR Staffing
5.0","Huntersville, NC","Charlotte, NC",1 to 50 employees,-1,Company - Private,Computer Hardware & Software,Information Technology,$5 to $10 million (USD),-1,0
57072 - Market data Analyst - 100 % remote,54-75 ,54,75,64.5,3.5,"Tek Leaders
3.5","Charlotte, NC","Plano, TX",501 to 1000 employees,2016,Company - Private,IT Services,Information Technology,$50 to $100 million (USD),-1,0
Application Programmer V/ Database Developer/ Data Analyst,54-75 ,54,75,64.5,4.3,"DATA Inc.
4.3","Charlotte, NC","Montvale, NJ",501 to 1000 employees,1983,Company - Private,IT Services,Information Technology,$50 to $100 million (USD),"TEKMARK Global Solutions, Marlabs, IBM",0
Data Analyst,54-75 ,54,75,64.5,5.0,"Staffigo Technical Services, LLC
5.0","Charlotte, NC","Woodridge, IL",51 to 200 employees,2008,Company - Private,IT Services,Information Technology,$50 to $100 million (USD),-1,0
Data Analyst,54-75 ,54,75,64.5,-1.0,LiveMindz,"Charlotte, NC","Dallas, TX",51 to 200 employees,-1,Company - Private,-1,-1,Unknown / Non-Applicable,-1,0
Data Standardization Analyst(s),54-75 ,54,75,64.5,3.2,"London Stock Exchange Group
3.2","Charlotte, NC","London, United Kingdom",1001 to 5000 employees,1698,Company - Public,Stock Exchanges,Finance,$50 to $100 million (USD),"Intercontinental Exchange, Euronext, Nasdaq",0
DATA MGMT ANALYST,54-75 ,54,75,64.5,4.1,"Kforce
4.1","Charlotte, NC","Tampa, FL",10000+ employees,1966,Company - Public,Staffing & Outsourcing,Business Services,$1 to $2 billion (USD),-1,0
"Data Quality Analyst, Financial Services",54-75 ,54,75,64.5,3.4,"NTT DATA Services
3.4","Charlotte, NC","Tokyo, Japan",10000+ employees,1967,Company - Public,IT Services,Information Technology,$10+ billion (USD),"Capgemini, Accenture, Deloitte",0
Data Analyst II,54-75 ,54,75,64.5,4.0,"Meridian Technologies
4.0","Charlotte, NC","Farmington Hills, MI",Unknown,-1,Unknown,-1,-1,Unknown / Non-Applicable,-1,0
Data Governance Analyst,54-75 ,54,75,64.5,3.9,"TEKsystems, Inc
3.9","Charlotte, NC","Hanover, MD",1001 to 5000 employees,1983,Subsidiary or Business Segment,Staffing & Outsourcing,Business Services,$2 to $5 billion (USD),"Capgemini, Slalom, Accenture",0
Data Integration Analyst,54-75 ,54,75,64.5,2.9,"Cardinal Innovations Healthcare
2.9","Charlotte, NC","Charlotte, NC",501 to 1000 employees,-1,Company - Public,Health Care Services & Hospitals,Health Care,$50 to $100 million (USD),-1,0
Data Analyst with Banking Domain,54-75 ,54,75,64.5,4.0,"CYNET SYSTEMS
4.0","Charlotte, NC","Ashburn, VA",501 to 1000 employees,2010,Company - Private,IT Services,Information Technology,$50 to $100 million (USD),-1,0
Financial Data Analyst - Full Time,54-75 ,54,75,64.5,-1.0,dataBridge,"Charlotte, NC","Arden, NC",1 to 50 employees,-1,Other Organization,-1,-1,Unknown / Non-Applicable,-1,0
Data Analyst - Metadata Analyst,53-99 ,53,99,76.0,4.1,"Collabera
4.1","Fort Mill, SC","Basking Ridge, NJ",10000+ employees,1991,Company - Private,IT Services,Information Technology,$500 million to $1 billion (USD),"Kforce, Insight Global, Volt Consulting Group",0
Business Data Analyst,53-99 ,53,99,76.0,5.0,"PCR Staffing
5.0","Huntersville, NC","Charlotte, NC",1 to 50 employees,-1,Company - Private,Computer Hardware & Software,Information Technology,$5 to $10 million (USD),-1,0
Senior Data Analyst,53-99 ,53,99,76.0,3.6,"Randstad
3.6","Charlotte, NC","Atlanta, GA",1001 to 5000 employees,-1,Subsidiary or Business Segment,Staffing & Outsourcing,Business Services,Unknown / Non-Applicable,-1,0
Senior Business Analyst / Data Analyst,53-99 ,53,99,76.0,4.1,"Kforce
4.1","Charlotte, NC","Tampa, FL",10000+ employees,1966,Company - Public,Staffing & Outsourcing,Business Services,$1 to $2 billion (USD),-1,0
Data Visualization Analyst - N.,53-99 ,53,99,76.0,3.3,"Vaco Technology
3.3","Charlotte, NC","Brentwood, TN",501 to 1000 employees,2002,Company - Private,Consulting,Business Services,$500 million to $1 billion (USD),-1,0
Application Programmer V/ Senior Data Analyst,53-99 ,53,99,76.0,4.3,"DATA Inc.
4.3","Charlotte, NC","Montvale, NJ",501 to 1000 employees,1983,Company - Private,IT Services,Information Technology,$50 to $100 million (USD),"TEKMARK Global Solutions, Marlabs, IBM",0
Trust Application Data Analyst,53-99 ,53,99,76.0,2.3,"Infovisa, Inc.
2.3","Charlotte, NC","Cornelius, NC",1 to 50 employees,-1,Company - Private,Computer Hardware & Software,Information Technology,$5 to $10 million (USD),-1,0
Data Analyst,53-99 ,53,99,76.0,-1.0,,"Mooresville, NC",-1,-1,-1,-1,-1,-1,-1,-1,0
Data Analyst 127909,53-99 ,53,99,76.0,3.2,"Open Systems Technologies (NYC)
3.2","Charlotte, NC","New York, NY",51 to 200 employees,1990,Company - Private,Staffing & Outsourcing,Business Services,Unknown / Non-Applicable,-1,1
Item Data Maintenance Analyst,53-99 ,53,99,76.0,3.3,"Lowe's
3.3","Mooresville, NC","Mooresville, NC",10000+ employees,1946,Company - Public,Home Centers & Hardware Stores,Retail,$10+ billion (USD),"The Home Depot, Amazon, Walmart",0
Marketing Data Analyst - Remote,53-99 ,53,99,76.0,-1.0,SGA Inc.,"Charlotte, NC","Bethesda, MD",1 to 50 employees,1996,Company - Private,Architectural & Engineering Services,Business Services,$1 to $5 million (USD),-1,0
Technical Data Analyst,53-99 ,53,99,76.0,2.8,"American Tire Distributors
2.8","Huntersville, NC","Huntersville, NC",1001 to 5000 employees,1935,Company - Private,Logistics & Supply Chain,Transportation & Logistics,$5 to $10 billion (USD),"TireHub, National Tire Warehouse, Dealer Tire",0
Data Analyst,53-99 ,53,99,76.0,-1.0,Trovetechs Inc,"Charlotte, NC",-1,-1,-1,-1,-1,-1,-1,-1,0
Data Analyst Junior,53-99 ,53,99,76.0,5.0,"Staffigo Technical Services, LLC
5.0","Charlotte, NC","Woodridge, IL",51 to 200 employees,2008,Company - Private,IT Services,Information Technology,$50 to $100 million (USD),-1,0
Senior Data Analyst,53-99 ,53,99,76.0,1.8,"Driven Brands
1.8","Charlotte, NC","Charlotte, NC",1001 to 5000 employees,2006,Company - Private,Automotive Parts & Accessories Stores,Retail,$2 to $5 billion (USD),"Midas, Monro Auto Service and Tire Centers",0
Business + Data Analyst,53-99 ,53,99,76.0,4.4,"Tachyon Technologies LLC
4.4","Charlotte, NC","Irving, TX",201 to 500 employees,2011,Company - Private,IT Services,Information Technology,$10 to $25 million (USD),-1,0
Data Stewardship Senior Analyst,53-99 ,53,99,76.0,-1.0,Data Bridge Consultants,"Charlotte, NC",-1,-1,-1,-1,-1,-1,-1,-1,0
Data Analyst [Administrative],53-99 ,53,99,76.0,-1.0,Tax Management Assoc,"Charlotte, NC",-1,-1,-1,-1,-1,-1,-1,-1,0
"Analyst, Product Content Data Quality",53-99 ,53,99,76.0,3.3,"Lowe's
3.3","Mooresville, NC","Mooresville, NC",10000+ employees,1946,Company - Public,Home Centers & Hardware Stores,Retail,$10+ billion (USD),"The Home Depot, Amazon, Walmart",0
"QA Analyst Big Data/ETL - Charlotte, NC (W2 ONLY)",53-99 ,53,99,76.0,4.1,"Canvas InfoTech Inc.
4.1","Charlotte, NC","Fremont, CA",1 to 50 employees,2006,Company - Private,Staffing & Outsourcing,Business Services,$1 to $5 million (USD),-1,0
Data Stewardship Senior Analyst,53-99 ,53,99,76.0,-1.0,dataBridge,"Charlotte, NC","Arden, NC",1 to 50 employees,-1,Other Organization,-1,-1,Unknown / Non-Applicable,-1,0
Big data analyst,53-99 ,53,99,76.0,-1.0,Data Bridge Consultants,"Charlotte, NC",-1,-1,-1,-1,-1,-1,-1,-1,0
Reporting /Data Analyst,53-99 ,53,99,76.0,3.8,"PruTech Solutions, Inc.
3.8","Charlotte, NC","Iselin, NJ",201 to 500 employees,1998,Company - Private,IT Services,Information Technology,$25 to $50 million (USD),-1,0
Application Architect V/ Data Analyst,53-99 ,53,99,76.0,4.3,"DATA Inc.
4.3","Charlotte, NC","Montvale, NJ",501 to 1000 employees,1983,Company - Private,IT Services,Information Technology,$50 to $100 million (USD),"TEKMARK Global Solutions, Marlabs, IBM",0
Sr. Data Technology Analyst,53-99 ,53,99,76.0,3.7,"Bank of America
3.7","Charlotte, NC","Charlotte, NC",10000+ employees,1904,Company - Public,Banks & Credit Unions,Finance,$10+ billion (USD),-1,0
"Data Optimization Analyst (Position In Hickory, NC)",53-99 ,53,99,76.0,3.7,"Transportation Insight
3.7","Charlotte, NC","Hickory, NC",51 to 200 employees,1999,Company - Private,Logistics & Supply Chain,Transportation & Logistics,$500 million to $1 billion (USD),"C.H. Robinson, Transplace",0
Technology Control Analyst - AVP (Chief Data Office),40-74 ,40,74,57.0,3.1,"MUFG
3.1","Charlotte, NC","Tokyo, Japan",10000+ employees,1864,Company - Public,Banks & Credit Unions,Finance,$10+ billion (USD),-1,0
DIGITAL DATA/INSIGHTS ANALYST,40-74 ,40,74,57.0,3.0,"Midan Marketing
3.0","Mooresville, NC","Chicago, IL",1 to 50 employees,2004,Company - Private,Advertising & Marketing,Business Services,$1 to $5 million (USD),-1,0
Big data analyst,40-74 ,40,74,57.0,-1.0,dataBridge,"Charlotte, NC","Arden, NC",1 to 50 employees,-1,Other Organization,-1,-1,Unknown / Non-Applicable,-1,0
Data Mgmt Analyst w/Traded Products,40-74 ,40,74,57.0,3.6,"Signature Consultants
3.6","Charlotte, NC","Fort Lauderdale, FL",1001 to 5000 employees,1997,Company - Private,Staffing & Outsourcing,Business Services,$100 to $500 million (USD),"ComforceHealth, TEKsystems, Allegis Group",0
Data Governance Business Information Analyst,40-74 ,40,74,57.0,3.8,"Brighthouse Financial
3.8","Charlotte, NC","Charlotte, NC",1001 to 5000 employees,2017,Company - Public,Insurance Carriers,Insurance,Unknown / Non-Applicable,-1,0
Data Analyst with Security Clearance,40-74 ,40,74,57.0,3.6,"Accenture Federal Services
3.6","Charlotte, NC","Fairfax, VA",1001 to 5000 employees,1975,Subsidiary or Business Segment,IT Services,Information Technology,$100 to $500 million (USD),-1,0
"Data Analyst, Data Activation",40-74 ,40,74,57.0,3.3,"Lowe's
3.3","Mooresville, NC","Mooresville, NC",10000+ employees,1946,Company - Public,Home Centers & Hardware Stores,Retail,$10+ billion (USD),"The Home Depot, Amazon, Walmart",0
QA Analyst with MongoDB / Big Data,40-74 ,40,74,57.0,3.8,"PruTech Solutions, Inc.
3.8","Charlotte, NC","Iselin, NJ",201 to 500 employees,1998,Company - Private,IT Services,Information Technology,$25 to $50 million (USD),-1,0
"Sr. Analyst, Product Content Data Quality",40-74 ,40,74,57.0,3.3,"Lowe's
3.3","Mooresville, NC","Mooresville, NC",10000+ employees,1946,Company - Public,Home Centers & Hardware Stores,Retail,$10+ billion (USD),"The Home Depot, Amazon, Walmart",0
Data Visualization Analyst,57-104 ,57,104,80.5,4.0,"Autodesk
4.0","San Francisco, CA","San Rafael, CA",5001 to 10000 employees,1982,Company - Public,Computer Hardware & Software,Information Technology,$2 to $5 billion (USD),-1,0
Digital Marketing & ECommerce Data Analyst,57-104 ,57,104,80.5,3.6,"Vionic Group
3.6","San Rafael, CA","San Rafael, CA",51 to 200 employees,2006,Subsidiary or Business Segment,"Department, Clothing, & Shoe Stores",Retail,$100 to $500 million (USD),-1,0
Senior Data Analyst,57-104 ,57,104,80.5,3.9,"Life360
3.9","San Francisco, CA","San Francisco, CA",51 to 200 employees,2008,Company - Public,Internet,Information Technology,Unknown / Non-Applicable,-1,1
Data Analyst,57-104 ,57,104,80.5,3.0,"NCSOFT
3.0","San Mateo, CA","Seoul, South Korea",1001 to 5000 employees,1997,Company - Public,Video Games,Media,$10+ billion (USD),"Blizzard Entertainment, Riot Games, Electronic Arts",1
Senior Data Analyst,57-104 ,57,104,80.5,4.0,"Autodesk
4.0","San Francisco, CA","San Rafael, CA",5001 to 10000 employees,1982,Company - Public,Computer Hardware & Software,Information Technology,$2 to $5 billion (USD),-1,0
Data Analyst,57-104 ,57,104,80.5,5.0,"LaunchDarkly
5.0","Oakland, CA","Oakland, CA",51 to 200 employees,2014,Company - Private,Enterprise Software & Network Solutions,Information Technology,Unknown / Non-Applicable,-1,0
Data Analyst,57-104 ,57,104,80.5,3.8,"Edmodo
3.8","San Mateo, CA","San Mateo, CA",51 to 200 employees,2008,Company - Private,Education Training Services,Education,$5 to $10 million (USD),-1,0
Data Analyst,57-104 ,57,104,80.5,4.6,"Doximity
4.6","San Francisco, CA","San Francisco, CA",201 to 500 employees,2011,Company - Private,Enterprise Software & Network Solutions,Information Technology,Unknown / Non-Applicable,LinkedIn,0
Sr. Data Analyst (Marketing Department),57-104 ,57,104,80.5,3.5,"Freedom Financial Network
3.5","San Mateo, CA","San Mateo, CA",1001 to 5000 employees,2002,Company - Private,Investment Banking & Asset Management,Finance,$500 million to $1 billion (USD),-1,0
Immediate Need For Data Analyst,57-104 ,57,104,80.5,3.3,"AppleOne
3.3","San Francisco, CA","Glendale, CA",1001 to 5000 employees,1964,Company - Private,Staffing & Outsourcing,Business Services,$1 to $2 billion (USD),"Kelly, Manpower",0
"Senior Analyst, Data & Analytics",57-104 ,57,104,80.5,4.1,"PubNub
4.1","San Francisco, CA","San Francisco, CA",51 to 200 employees,2011,Company - Private,Internet,Information Technology,$10 to $25 million (USD),"Pusher, Firebase",1
Data Analyst/Engineer,57-104 ,57,104,80.5,4.1,"SigmaWay
4.1","San Francisco, CA","New Delhi, India",1 to 50 employees,-1,Company - Private,-1,-1,Unknown / Non-Applicable,-1,0
Mid-Level Data Analyst,57-104 ,57,104,80.5,4.8,"Giving Assistant
4.8","San Francisco, CA","San Francisco, CA",1 to 50 employees,2014,Company - Private,Advertising & Marketing,Business Services,$10 to $25 million (USD),-1,0
Data Analyst,57-104 ,57,104,80.5,3.7,"nWay
3.7","San Francisco, CA","San Francisco, CA",1 to 50 employees,2011,Company - Private,Computer Hardware & Software,Information Technology,Unknown / Non-Applicable,-1,0
Healthcare Data Analyst,57-104 ,57,104,80.5,3.6,"Perficient
3.6","San Francisco, CA","Saint Louis, MO",1001 to 5000 employees,1998,Company - Public,IT Services,Information Technology,$500 million to $1 billion (USD),-1,0
Data Analyst,57-104 ,57,104,80.5,3.6,"Mindstrong
3.6","San Francisco, CA","Mountain View, CA",51 to 200 employees,2014,Company - Private,IT Services,Information Technology,Unknown / Non-Applicable,-1,0
Product Data Analyst,57-104 ,57,104,80.5,3.9,"LiveCareer
3.9","San Francisco, CA","Guaynabo, PR",501 to 1000 employees,2005,Company - Private,Internet,Information Technology,Unknown / Non-Applicable,-1,0
Data Analyst,57-104 ,57,104,80.5,3.8,"Mondo
3.8","San Francisco, CA","New York, NY",51 to 200 employees,2000,Company - Private,Staffing & Outsourcing,Business Services,$100 to $500 million (USD),"Robert Half, Insight Global",0
Data Analyst,57-104 ,57,104,80.5,4.0,"Spin
4.0","San Francisco, CA","San Francisco, CA",501 to 1000 employees,2016,Company - Private,Computer Hardware & Software,Information Technology,Unknown / Non-Applicable,-1,0
Temporary Part Time Data Analyst (Remote - North & South America),57-104 ,57,104,80.5,5.0,"Elevate Labs
5.0","San Francisco, CA","San Francisco, CA",1 to 50 employees,-1,Company - Private,Computer Hardware & Software,Information Technology,Unknown / Non-Applicable,-1,0
Data Analyst (Finance),57-104 ,57,104,80.5,4.9,"Deliverr Inc
4.9","San Francisco, CA","San Francisco, CA",51 to 200 employees,2017,Company - Private,Logistics & Supply Chain,Transportation & Logistics,Unknown / Non-Applicable,-1,0
Data Analyst,57-104 ,57,104,80.5,4.6,"Angaza
4.6","San Francisco, CA","San Francisco, CA",51 to 200 employees,2010,Company - Private,Enterprise Software & Network Solutions,Information Technology,Unknown / Non-Applicable,-1,0
User Acquisition Data Analyst,57-104 ,57,104,80.5,3.8,"Mondo
3.8","San Francisco, CA","New York, NY",51 to 200 employees,2000,Company - Private,Staffing & Outsourcing,Business Services,$100 to $500 million (USD),"Robert Half, Insight Global",0
Data Analyst,57-104 ,57,104,80.5,4.0,"Snowflake Computing
4.0","San Mateo, CA","San Mateo, CA",1001 to 5000 employees,2012,Company - Private,Enterprise Software & Network Solutions,Information Technology,Unknown / Non-Applicable,"Amazon, Google, Microsoft",0
"Data Analyst, Remote East Coast",57-104 ,57,104,80.5,3.7,"CBRE
3.7","San Francisco, CA","Los Angeles, CA",10000+ employees,1906,Company - Public,Real Estate,Real Estate,Unknown / Non-Applicable,-1,0
Data Analyst,57-104 ,57,104,80.5,4.5,"Duetto
4.5","San Francisco, CA","San Francisco, CA",51 to 200 employees,2012,Company - Private,Enterprise Software & Network Solutions,Information Technology,$25 to $50 million (USD),-1,1
Data Analyst Chemist - Quality System Contractor,57-104 ,57,104,80.5,2.3,"Rodan and Fields, LLC
2.3","San Francisco, CA","San Francisco, CA",501 to 1000 employees,2002,Company - Private,Beauty & Personal Accessories Stores,Retail,Unknown / Non-Applicable,-1,0
DATA Analyst-Remote,99-178 ,99,178,138.5,-1.0,SGA Inc.,"San Francisco, CA","Bethesda, MD",1 to 50 employees,1996,Company - Private,Architectural & Engineering Services,Business Services,$1 to $5 million (USD),-1,0
Data Analyst,99-178 ,99,178,138.5,4.1,"Veem
4.1","San Francisco, CA","San Francisco, CA",51 to 200 employees,2014,Company - Private,Financial Transaction Processing,Finance,$1 to $5 million (USD),-1,0
Operations Data Analyst,99-178 ,99,178,138.5,4.0,"Coinbase
4.0","San Francisco, CA","San Francisco, CA",501 to 1000 employees,2012,Company - Private,Internet,Information Technology,Unknown / Non-Applicable,-1,1
Product Data Analyst,99-178 ,99,178,138.5,3.6,"Trifacta
3.6","San Francisco, CA","San Francisco, CA",51 to 200 employees,2012,Company - Private,Computer Hardware & Software,Information Technology,Unknown / Non-Applicable,"Paxata, Datameer, Informatica",0
Data Scientist/Analyst - Wilbur Labs,99-178 ,99,178,138.5,5.0,"Wilbur Labs
5.0","San Francisco, CA","San Francisco, CA",1 to 50 employees,2016,Company - Private,Internet,Information Technology,Unknown / Non-Applicable,-1,0
Data Analyst,99-178 ,99,178,138.5,4.4,"Hinge Health
4.4","San Francisco, CA","San Francisco, CA",201 to 500 employees,2014,Company - Private,Health Care Services & Hospitals,Health Care,$50 to $100 million (USD),-1,0
Marketing Data Analyst,99-178 ,99,178,138.5,3.3,"User Testing
3.3","San Francisco, CA","San Francisco, CA",501 to 1000 employees,2007,Company - Private,Enterprise Software & Network Solutions,Information Technology,Unknown / Non-Applicable,"UserZoom, Validately",0
Data Analyst,99-178 ,99,178,138.5,-1.0,Pair-Tek,"San Francisco, CA",-1,-1,-1,-1,-1,-1,-1,-1,0
Data and Reporting Analyst,99-178 ,99,178,138.5,3.8,"Shorenstein Realty Services L.P.
3.8","San Francisco, CA","San Francisco, CA",201 to 500 employees,1924,Company - Private,Real Estate,Real Estate,$50 to $100 million (USD),-1,0
Business Data Analyst,99-178 ,99,178,138.5,3.5,"PlushCare
3.5","San Francisco, CA","San Francisco, CA",1 to 50 employees,-1,Company - Private,Health Care Services & Hospitals,Health Care,Less than $1 million (USD),-1,0
Research Data Analyst,99-178 ,99,178,138.5,4.1,"UCSF Medical Center
4.1","San Francisco, CA","San Francisco, CA",10000+ employees,1907,Hospital,Health Care Services & Hospitals,Health Care,$50 to $100 million (USD),"Stanford Health Care, Dignity Health, Sutter Health",0
Data Analyst,99-178 ,99,178,138.5,4.6,"Motiv Power Systems
4.6","San Francisco, CA","Foster City, CA",51 to 200 employees,2009,Company - Private,Electrical & Electronic Manufacturing,Manufacturing,$5 to $10 million (USD),-1,0
Data Analyst,99-178 ,99,178,138.5,4.2,"Upstart
4.2","San Mateo, CA","San Mateo, CA",201 to 500 employees,2012,Company - Private,Lending,Finance,Unknown / Non-Applicable,-1,1
Business Intelligence Data Modeler/Analyst,99-178 ,99,178,138.5,4.3,"Credible
4.3","San Francisco, CA","San Francisco, CA",51 to 200 employees,2012,Company - Public,Lending,Finance,Unknown / Non-Applicable,-1,0
Data Studio Analyst,99-178 ,99,178,138.5,5.0,"Priceonomics
5.0","San Francisco, CA","San Francisco, CA",1 to 50 employees,-1,Company - Private,Internet,Information Technology,Less than $1 million (USD),-1,0
Data Analyst,99-178 ,99,178,138.5,-1.0,"Applicantz, Inc.","San Francisco, CA","Houston, TX",51 to 200 employees,-1,Company - Public,-1,-1,Unknown / Non-Applicable,-1,0
Product Data Analyst,99-178 ,99,178,138.5,3.7,"BOLD
3.7","San Francisco, CA","Guaynabo, PR",201 to 500 employees,2004,Company - Private,Internet,Information Technology,Unknown / Non-Applicable,-1,1
Data Analyst,99-178 ,99,178,138.5,-1.0,Parsoft LLC,"San Francisco, CA","Louisville, KY",Unknown,-1,Company - Public,-1,-1,Unknown / Non-Applicable,-1,0
Clinical Data Analyst,99-178 ,99,178,138.5,4.0,"Flatiron Health
4.0","San Francisco, CA","New York, NY",501 to 1000 employees,2012,Company - Private,Enterprise Software & Network Solutions,Information Technology,Unknown / Non-Applicable,-1,0
Data Analyst,99-178 ,99,178,138.5,3.9,"thredUP
3.9","Oakland, CA","Oakland, CA",1001 to 5000 employees,2009,Company - Private,"Department, Clothing, & Shoe Stores",Retail,Unknown / Non-Applicable,-1,0
Data Analyst,99-178 ,99,178,138.5,3.9,"Artech LLC
3.9","San Francisco, CA","Morristown, NJ",5001 to 10000 employees,1992,Company - Private,Staffing & Outsourcing,Business Services,$500 million to $1 billion (USD),-1,0
Data Analyst,99-178 ,99,178,138.5,3.6,"ICONMA
3.6","San Francisco, CA","Troy, MI",1001 to 5000 employees,2000,Company - Private,Staffing & Outsourcing,Business Services,$100 to $500 million (USD),Experis,0
Data Systems Analyst,99-178 ,99,178,138.5,4.1,"UCSF Medical Center
4.1","San Francisco, CA","San Francisco, CA",10000+ employees,1907,Hospital,Health Care Services & Hospitals,Health Care,$50 to $100 million (USD),"Stanford Health Care, Dignity Health, Sutter Health",0
Data Analyst,99-178 ,99,178,138.5,4.6,"The Voleon Group
4.6","Berkeley, CA","Berkeley, CA",51 to 200 employees,2007,Company - Private,Investment Banking & Asset Management,Finance,Unknown / Non-Applicable,-1,0
Senior Data Analyst,99-178 ,99,178,138.5,3.4,"Redfin
3.4","San Francisco, CA","Seattle, WA",1001 to 5000 employees,2004,Company - Public,Real Estate,Real Estate,Unknown / Non-Applicable,"Zillow, Trulia, Coldwell Banker",0
Data Analyst (College & Foundation Reporting),99-178 ,99,178,138.5,-1.0,Albany Charter School Network,"Oakland, CA",-1,-1,-1,-1,-1,-1,-1,-1,0
Senior Data Analyst,99-178 ,99,178,138.5,4.0,"Twitter
4.0","San Francisco, CA","San Francisco, CA",1001 to 5000 employees,2006,Company - Public,Internet,Information Technology,$2 to $5 billion (USD),"Facebook, Google, Pinterest",0
Research Data Analyst,99-178 ,99,178,138.5,4.1,"UC San Francisco
4.1","San Francisco, CA","San Francisco, CA",10000+ employees,1864,College / University,-1,-1,$25 to $50 million (USD),-1,0
Data Analyst - Health,93-159 ,93,159,126.0,3.4,"Impaq International, Llc
3.4","Oakland, CA","Columbia, MD",201 to 500 employees,2001,Company - Private,Consulting,Business Services,$50 to $100 million (USD),-1,0
Operations Data Analyst,93-159 ,93,159,126.0,5.0,"Turn/River Capital
5.0","San Francisco, CA","San Francisco, CA",1 to 50 employees,-1,Company - Private,Venture Capital & Private Equity,Finance,Unknown / Non-Applicable,-1,0
Data Analyst,93-159 ,93,159,126.0,3.9,"Diverse Lynx
3.9","San Francisco, CA","Princeton, NJ",501 to 1000 employees,2002,Company - Private,IT Services,Information Technology,$100 to $500 million (USD),-1,0
"Data Analyst, Data & Analytics (Advanced Analytics) Manager (Multiple Positions)",93-159 ,93,159,126.0,3.8,"EY
3.8","San Francisco, CA","London, United Kingdom",10000+ employees,1989,Company - Private,Accounting,Accounting & Legal,$10+ billion (USD),"Deloitte, KPMG, PwC",0
Data Analyst,93-159 ,93,159,126.0,4.1,"RGP
4.1","San Francisco, CA","Irvine, CA",1001 to 5000 employees,1996,Company - Public,Consulting,Business Services,$500 million to $1 billion (USD),"Deloitte, Huron Consulting Group, Point B",0
Business Data Analyst - Senior/Director - Work from Remote,93-159 ,93,159,126.0,2.5,"Vinsari LLC
2.5","San Francisco, CA","Irving, TX",51 to 200 employees,-1,Other Organization,-1,-1,Unknown / Non-Applicable,-1,0
Market Data Services Analyst,93-159 ,93,159,126.0,3.2,"Evolver, Inc.
3.2","San Francisco, CA","Reston, VA",201 to 500 employees,2000,Company - Private,IT Services,Information Technology,$25 to $50 million (USD),-1,0
"Financial Data Analyst, FP&A and Accounting",93-159 ,93,159,126.0,3.7,"Lyft
3.7","San Francisco, CA","San Francisco, CA",5001 to 10000 employees,2012,Company - Public,Computer Hardware & Software,Information Technology,Unknown / Non-Applicable,-1,1
Loan Data Analyst,93-159 ,93,159,126.0,3.7,"First Republic Bank
3.7","San Francisco, CA","San Francisco, CA",1001 to 5000 employees,1985,Company - Public,Banks & Credit Unions,Finance,$10+ billion (USD),"Silicon Valley Bank, City National Bank (Texas)",0
Data and Policy Analyst IV,93-159 ,93,159,126.0,3.2,"Acumen
3.2","Burlingame, CA","Burlingame, CA",201 to 500 employees,1996,Company - Private,Federal Agencies,Government,$10 to $25 million (USD),Acumen,0
DATA Analyst-Remote,93-159 ,93,159,126.0,3.7,"Software Guidance & Assistance
3.7","San Francisco, CA","Tarrytown, NY",51 to 200 employees,1981,Company - Private,Staffing & Outsourcing,Business Services,$50 to $100 million (USD),-1,0
Business Data Analyst,93-159 ,93,159,126.0,3.2,"Scale AI
3.2","San Francisco, CA","San Francisco, CA",51 to 200 employees,2016,Company - Private,Enterprise Software & Network Solutions,Information Technology,Unknown / Non-Applicable,-1,0
"Data Analyst, Growth",93-159 ,93,159,126.0,4.1,"Omada Health
4.1","San Francisco, CA","San Francisco, CA",201 to 500 employees,2011,Company - Private,Health Care Services & Hospitals,Health Care,Unknown / Non-Applicable,-1,1
Data Analyst,93-159 ,93,159,126.0,3.2,"QuinStreet
3.2","San Mateo, CA","Foster City, CA",501 to 1000 employees,1999,Company - Public,Advertising & Marketing,Business Services,$100 to $500 million (USD),-1,0
Data Analyst,93-159 ,93,159,126.0,5.0,"Softova Inc
5.0","San Mateo, CA","Piscataway, NJ",1 to 50 employees,-1,Company - Private,IT Services,Information Technology,$1 to $5 million (USD),-1,0
Data Analyst,93-159 ,93,159,126.0,4.1,"LeadStack
4.1","Foster City, CA","San Francisco, CA",51 to 200 employees,2016,Company - Private,IT Services,Information Technology,Unknown / Non-Applicable,-1,0
"Senior Data Analyst, Member Services",93-159 ,93,159,126.0,4.8,"Chime
4.8","San Francisco, CA","San Francisco, CA",201 to 500 employees,2013,Company - Private,Banks & Credit Unions,Finance,Unknown / Non-Applicable,-1,1
Data Analyst,93-159 ,93,159,126.0,4.5,"Marin City Health and Wellness Center
4.5","Marin City, CA","Marin City, CA",1 to 50 employees,2007,Nonprofit Organization,Health Care Services & Hospitals,Health Care,$1 to $5 million (USD),-1,0
Senior Data Analyst,93-159 ,93,159,126.0,4.1,"TaskRabbit
4.1","San Francisco, CA","San Francisco, CA",201 to 500 employees,2008,Company - Private,Internet,Information Technology,Unknown / Non-Applicable,-1,1
Junior Data Analyst,93-159 ,93,159,126.0,5.0,"Staffigo Technical Services, LLC
5.0","San Francisco, CA","Woodridge, IL",51 to 200 employees,2008,Company - Private,IT Services,Information Technology,$50 to $100 million (USD),-1,0
Business Data Analyst,93-159 ,93,159,126.0,3.9,"Diverse Lynx
3.9","San Francisco, CA","Princeton, NJ",501 to 1000 employees,2002,Company - Private,IT Services,Information Technology,$100 to $500 million (USD),-1,0
"Sr. Data Analyst, Twitter Service Tech",93-159 ,93,159,126.0,4.0,"Twitter
4.0","San Francisco, CA","San Francisco, CA",1001 to 5000 employees,2006,Company - Public,Internet,Information Technology,$2 to $5 billion (USD),"Facebook, Google, Pinterest",0
Data Analyst,93-159 ,93,159,126.0,4.6,"Ascent
4.6","Daly City, CA","Concord, CA",1001 to 5000 employees,2000,Company - Private,Staffing & Outsourcing,Business Services,$100 to $500 million (USD),-1,0
Data Analyst,93-159 ,93,159,126.0,3.4,"Thermo Fisher Scientific
3.4","South San Francisco, CA","Waltham, MA",10000+ employees,1902,Company - Public,Biotech & Pharmaceuticals,Biotech & Pharmaceuticals,$10+ billion (USD),"Illumina, Agilent Technologies, Roche",0
Data Analyst,93-159 ,93,159,126.0,3.2,"Net2Source
3.2","San Francisco, CA","Somerset, NJ",1001 to 5000 employees,2007,Company - Private,Staffing & Outsourcing,Business Services,$100 to $500 million (USD),-1,0
Senior Data Analyst,82-116 ,82,116,99.0,3.3,"Vida Health
3.3","San Francisco, CA","San Francisco, CA",51 to 200 employees,2014,Company - Private,Health Care Services & Hospitals,Health Care,Unknown / Non-Applicable,-1,0
Web Data Analyst,82-116 ,82,116,99.0,4.0,"SACC
4.0","San Mateo, CA","San Mateo, CA",Unknown,-1,Company - Private,IT Services,Information Technology,$5 to $10 million (USD),-1,0
Data Analyst (APPZ-DAHY),82-116 ,82,116,99.0,-1.0,Applicantz,"San Francisco, CA","Houston, TX",51 to 200 employees,-1,Company - Public,-1,-1,Unknown / Non-Applicable,-1,0
"Data Analyst, Data & Analytics (Advanced Analytics) Manager (Multiple Positions)",82-116 ,82,116,99.0,-1.0,Ernst & Young LLP,"San Francisco, CA",-1,-1,-1,-1,-1,-1,-1,-1,0
Data Scientist Analyst,82-116 ,82,116,99.0,3.9,"Netpace, Inc
3.9","Foster City, CA","San Ramon, CA",51 to 200 employees,1996,Company - Private,Enterprise Software & Network Solutions,Information Technology,$10 to $25 million (USD),-1,0
Finance Data Analyst,82-116 ,82,116,99.0,3.0,"Qualys
3.0","Foster City, CA","Foster City, CA",501 to 1000 employees,1999,Company - Public,Computer Hardware & Software,Information Technology,$100 to $500 million (USD),"NortonLifeLock, McAfee, Verisign",0
Business Data Analyst,82-116 ,82,116,99.0,-1.0,"Scale AI, Inc.","San Francisco, CA",-1,-1,-1,-1,-1,-1,-1,-1,0
Data Quality Analyst,82-116 ,82,116,99.0,3.8,"Focal Systems
3.8","Burlingame, CA","Burlingame, CA",1 to 50 employees,2015,Company - Private,Computer Hardware & Software,Information Technology,$1 to $5 million (USD),-1,0
Data Analyst - San Francisco CA / VA - Fulltime,82-116 ,82,116,99.0,3.8,"United IT Solutions
3.8","San Francisco, CA","Irving, TX",1 to 50 employees,2010,Company - Private,Consulting,Business Services,$1 to $5 million (USD),-1,0
Data Analyst,82-116 ,82,116,99.0,-1.0,cyitechsearch,"San Bruno, CA",-1,-1,-1,-1,-1,-1,-1,-1,0
Data Analyst,82-116 ,82,116,99.0,-1.0,IT Avalon,"Oakland, CA","Brentwood, CA",51 to 200 employees,-1,Unknown,-1,-1,Unknown / Non-Applicable,-1,0
HR Data Analyst,82-116 ,82,116,99.0,4.0,"Snowflake Computing
4.0","San Mateo, CA","San Mateo, CA",1001 to 5000 employees,2012,Company - Private,Enterprise Software & Network Solutions,Information Technology,Unknown / Non-Applicable,"Amazon, Google, Microsoft",0
Scientific Data Manager and Analyst,82-116 ,82,116,99.0,4.4,"Perfect Day
4.4","Emeryville, CA","Emeryville, CA",51 to 200 employees,2014,Company - Private,Biotech & Pharmaceuticals,Biotech & Pharmaceuticals,Unknown / Non-Applicable,-1,0
Senior Data Analyst - Finance & Platform Analytics,82-116 ,82,116,99.0,3.6,"Twitch
3.6","San Francisco, CA","San Francisco, CA",1001 to 5000 employees,2011,Subsidiary or Business Segment,Internet,Information Technology,Unknown / Non-Applicable,-1,1
Data Analyst,82-116 ,82,116,99.0,3.2,"Infotech Sourcing
3.2","San Francisco, CA","Edison, NJ",51 to 200 employees,-1,Company - Private,"Health, Beauty, & Fitness",Consumer Services,$5 to $10 million (USD),-1,0
Business Data Analyst,82-116 ,82,116,99.0,3.9,"ApTask
3.9","San Francisco, CA","Iselin, NJ",201 to 500 employees,2010,Company - Private,IT Services,Information Technology,$50 to $100 million (USD),"Collabera, Mitchell Martin, The Judge Group",0
Product Compliance Data Analyst,82-116 ,82,116,99.0,4.0,"Square
4.0","San Francisco, CA","San Francisco, CA",1001 to 5000 employees,2009,Company - Public,Computer Hardware & Software,Information Technology,$1 to $2 billion (USD),-1,0
Data and Policy Analyst - Statistical Programmer,82-116 ,82,116,99.0,3.2,"Acumen
3.2","Burlingame, CA","Burlingame, CA",201 to 500 employees,1996,Company - Private,Federal Agencies,Government,$10 to $25 million (USD),Acumen,0
Principal Data Analyst,82-116 ,82,116,99.0,4.4,"Hinge Health
4.4","San Francisco, CA","San Francisco, CA",201 to 500 employees,2014,Company - Private,Health Care Services & Hospitals,Health Care,$50 to $100 million (USD),-1,0
Data Analyst,82-116 ,82,116,99.0,-1.0,Koger LLC,"San Mateo, CA","Arlington, VA",1 to 50 employees,-1,Company - Private,-1,-1,Unknown / Non-Applicable,-1,0
Data Analyst,82-116 ,82,116,99.0,-1.0,TransReach,"Oakland, CA","East Brunswick, NJ",Unknown,-1,Company - Private,-1,-1,Unknown / Non-Applicable,-1,0
Master Data Analyst – SAP MDG Platform,82-116 ,82,116,99.0,4.5,"Rose International
4.5","San Francisco, CA","Chesterfield, MO",1001 to 5000 employees,1993,Company - Private,Staffing & Outsourcing,Business Services,$100 to $500 million (USD),-1,0
Data Systems Analyst,82-116 ,82,116,99.0,-1.0,GLIDE MEMORIAL CHURCH,"San Francisco, CA",-1,-1,-1,-1,-1,-1,-1,-1,0
Data Analyst,82-116 ,82,116,99.0,3.7,"Take-Two
3.7","Novato, CA","New York, NY",1001 to 5000 employees,1993,Company - Public,Video Games,Media,$1 to $2 billion (USD),"Activision Blizzard, Electronic Arts",0
CSV Data Validation Analyst,82-116 ,82,116,99.0,3.9,"Netpace, Inc.
3.9","Foster City, CA","San Ramon, CA",51 to 200 employees,1996,Company - Private,Enterprise Software & Network Solutions,Information Technology,$10 to $25 million (USD),-1,0
Senior Data and Fraud Analyst,82-116 ,82,116,99.0,-1.0,Apto Payments,"San Francisco, CA","San Francisco, CA",1 to 50 employees,-1,Company - Private,-1,-1,Unknown / Non-Applicable,-1,0
Data and Reporting Analyst,82-116 ,82,116,99.0,3.2,"Chinese Community Health Plan
3.2","San Francisco, CA","San Francisco, CA",51 to 200 employees,-1,Company - Private,Insurance Carriers,Insurance,Unknown / Non-Applicable,-1,0
Upstart - Data Analyst,82-116 ,82,116,99.0,-1.0,V3 Talent Partners Inc.,"San Mateo, CA","Los Angeles, CA",Unknown,-1,Company - Private,-1,-1,Unknown / Non-Applicable,-1,0
"Position for Lead Data Analyst (Teradata, Oracle, Hadoop)",65-120 ,65,120,92.5,3.7,"Arkhya Tech
3.7","San Francisco, CA","Herndon, VA",1 to 50 employees,2017,Company - Private,IT Services,Information Technology,Unknown / Non-Applicable,-1,0
"Data Analyst, Transaction Monitoring",65-120 ,65,120,92.5,-1.0,Wish.com,"San Francisco, CA","Keswick, VA",1 to 50 employees,-1,Company - Private,-1,-1,Unknown / Non-Applicable,-1,0
Fleet Optimization Data Analyst (Solar + Storage),65-120 ,65,120,92.5,3.2,"Stem Inc
3.2","Millbrae, CA","Millbrae, CA",51 to 200 employees,2009,Company - Private,Energy,"Oil, Gas, Energy & Utilities",$25 to $50 million (USD),-1,0
Big Data Analyst,65-120 ,65,120,92.5,3.7,"Redolent, Inc
3.7","San Mateo, CA","Newark, CA",1 to 50 employees,-1,Company - Private,"Health, Beauty, & Fitness",Consumer Services,Less than $1 million (USD),-1,0
Business Data Analyst,65-120 ,65,120,92.5,3.8,"VLink Inc.
3.8","San Francisco, CA","South Windsor, CT",201 to 500 employees,2006,Company - Private,IT Services,Information Technology,$25 to $50 million (USD),-1,0
Data Analyst,65-120 ,65,120,92.5,4.0,"Lorven Technologies Inc
4.0","San Francisco, CA","Plainsboro, NJ",1 to 50 employees,-1,Company - Private,Accounting,Accounting & Legal,Less than $1 million (USD),-1,0
Data Analyst,65-120 ,65,120,92.5,5.0,"Staffigo Technical Services, LLC
5.0","San Francisco, CA","Woodridge, IL",51 to 200 employees,2008,Company - Private,IT Services,Information Technology,$50 to $100 million (USD),-1,0
Senior Lead Data Analytics Analyst,65-120 ,65,120,92.5,2.8,"Bank of the West
2.8","San Francisco, CA","San Francisco, CA",10000+ employees,1874,Subsidiary or Business Segment,Banks & Credit Unions,Finance,$2 to $5 billion (USD),"Bank of America, Wells Fargo, U.S. Bank",0
Data Analyst w/ Tealium - Remote Work,65-120 ,65,120,92.5,4.0,"Two95 International Inc.
4.0","San Mateo, CA","Cherry Hill, NJ",1 to 50 employees,-1,Company - Private,Staffing & Outsourcing,Business Services,$1 to $5 million (USD),-1,0
Data Analyst,65-120 ,65,120,92.5,2.5,"Enclipse
2.5","Oakland, CA","Minneapolis, MN",51 to 200 employees,-1,Company - Private,IT Services,Information Technology,$5 to $10 million (USD),"Accenture, Deloitte",0
"Business Data Analyst Excel, Tableau - 100% Remote - Phoenix, Minneapolis, or Des Moines",65-120 ,65,120,92.5,3.7,"PRIMUS Global Services, Inc
3.7","San Francisco, CA","Irving, TX",501 to 1000 employees,2002,Company - Private,Consulting,Business Services,$10 to $25 million (USD),-1,0
Business Data Analyst - Senior/Director : 20,65-120 ,65,120,92.5,4.6,"Akraya Inc.
4.6","San Francisco, CA","Santa Clara, CA",51 to 200 employees,2001,Company - Private,Staffing & Outsourcing,Business Services,$25 to $50 million (USD),"Collabera, Artech Information Systems, TEKsystems",0
Senior Data Analyst,65-120 ,65,120,92.5,3.6,"Vida
3.6","San Francisco, CA","Vienna, Austria",Unknown,-1,Unknown,-1,-1,Unknown / Non-Applicable,-1,0
Senior Data Analyst - User Growth,65-120 ,65,120,92.5,3.4,"Redfin
3.4","San Francisco, CA","Seattle, WA",1001 to 5000 employees,2004,Company - Public,Real Estate,Real Estate,Unknown / Non-Applicable,"Zillow, Trulia, Coldwell Banker",0
Senior Data Analyst,65-120 ,65,120,92.5,3.5,"Flexport
3.5","San Francisco, CA","San Francisco, CA",1001 to 5000 employees,2013,Company - Private,Logistics & Supply Chain,Transportation & Logistics,$500 million to $1 billion (USD),-1,0
"Senior Compliance Data Analyst, Cash App",65-120 ,65,120,92.5,4.0,"Square
4.0","San Francisco, CA","San Francisco, CA",1001 to 5000 employees,2009,Company - Public,Computer Hardware & Software,Information Technology,$1 to $2 billion (USD),-1,0
Data Analyst,65-120 ,65,120,92.5,4.1,"Kforce
4.1","San Ramon, CA","Tampa, FL",10000+ employees,1966,Company - Public,Staffing & Outsourcing,Business Services,$1 to $2 billion (USD),-1,0
Procurement Data Analyst,65-120 ,65,120,92.5,3.3,"Bio-Rad
3.3","Hercules, CA","Hercules, CA",5001 to 10000 employees,1952,Company - Public,Biotech & Pharmaceuticals,Biotech & Pharmaceuticals,$2 to $5 billion (USD),"Thermo Fisher Scientific, Abbott, Ortho Clinical Diagnostics",0
Master Data Management (MDM) - Business Systems Analyst,65-120 ,65,120,92.5,3.5,"Saama
3.5","South San Francisco, CA","Faridabad, India",1 to 50 employees,2007,Company - Private,Computer Hardware & Software,Information Technology,Unknown / Non-Applicable,-1,0
Sr. Data Analyst - Risk Analysis,65-120 ,65,120,92.5,4.5,"OKCoin
4.5","San Francisco, CA","San Francisco, CA",501 to 1000 employees,2013,Company - Private,Internet,Information Technology,Unknown / Non-Applicable,-1,0
Lead Data Analyst (Product),65-120 ,65,120,92.5,-1.0,Kinship,"San Francisco, CA","Chicago, IL",1 to 50 employees,-1,Company - Private,Advertising & Marketing,Business Services,Unknown / Non-Applicable,-1,0
Lead Data Analyst,65-120 ,65,120,92.5,3.9,"Diverse Lynx
3.9","San Francisco, CA","Princeton, NJ",501 to 1000 employees,2002,Company - Private,IT Services,Information Technology,$100 to $500 million (USD),-1,0
Salesforce Administrator and Data Analyst,65-120 ,65,120,92.5,-1.0,SF IHSS Public Authority,"San Francisco, CA",-1,-1,-1,-1,-1,-1,-1,-1,0
Alerts Business/Data Analyst,65-120 ,65,120,92.5,3.8,"Apex Systems
3.8","San Francisco, CA","Glen Allen, VA",1001 to 5000 employees,1995,Subsidiary or Business Segment,Staffing & Outsourcing,Business Services,$2 to $5 billion (USD),"TEKsystems, Insight Global, Accenture",1
Senior Business Data Analyst,65-120 ,65,120,92.5,4.0,"Hazelcast
4.0","San Mateo, CA","Palo Alto, CA",51 to 200 employees,2012,Company - Private,Computer Hardware & Software,Information Technology,$10 to $25 million (USD),"Redis Labs, GridGain",0
BI Developer - Data Analyst,65-120 ,65,120,92.5,4.1,"LeadStack, Inc.
4.1","Foster City, CA","San Francisco, CA",51 to 200 employees,2016,Company - Private,IT Services,Information Technology,Unknown / Non-Applicable,-1,0
Biological Data Analyst - Remote,65-120 ,65,120,92.5,-1.0,Parker Institute for Cancer Immunotherapy,"San Francisco, CA","San Francisco, CA",51 to 200 employees,-1,Nonprofit Organization,Health Fundraising Organizations,Non-Profit,Unknown / Non-Applicable,-1,0
Data Systems Analyst (7199U,65-120 ,65,120,92.5,4.1,"University of California Berkeley
4.1","Berkeley, CA","Berkeley, CA",10000+ employees,1682,College / University,Colleges & Universities,Education,$500 million to $1 billion (USD),-1,0
Sr. Business and Data Analyst,46-86 ,46,86,66.0,5.0,"addastaff
5.0","San Francisco, CA","San Mateo, CA",1 to 50 employees,-1,Company - Private,Staffing & Outsourcing,Business Services,Unknown / Non-Applicable,-1,0
Business Data Analyst - Senior/Director,46-86 ,46,86,66.0,4.5,"HireTalent
4.5","San Francisco, CA","New York, NY",201 to 500 employees,1997,Company - Private,Staffing & Outsourcing,Business Services,$25 to $50 million (USD),-1,0
"Lead Data Analyst, BI/Visualizations",46-86 ,46,86,66.0,4.8,"Chime
4.8","San Francisco, CA","San Francisco, CA",201 to 500 employees,2013,Company - Private,Banks & Credit Unions,Finance,Unknown / Non-Applicable,-1,1
"Lead Data Analyst, BI/Visualizations",46-86 ,46,86,66.0,-1.0,Chime Bank,"San Francisco, CA",-1,-1,-1,-1,-1,-1,-1,-1,0
Epic Clarity Data Analyst,46-86 ,46,86,66.0,4.1,"APN Software Services Inc.
4.1","Oakland, CA","Newark, CA",51 to 200 employees,-1,Company - Private,Computer Hardware & Software,Information Technology,$25 to $50 million (USD),-1,0
Senior Data Analyst,46-86 ,46,86,66.0,2.7,"The Pill Club
2.7","San Mateo, CA","San Mateo, CA",201 to 500 employees,2014,Company - Private,Health Care Services & Hospitals,Health Care,Unknown / Non-Applicable,Nurx,0
Senior Health Data Analyst,46-86 ,46,86,66.0,-1.0,One Medical,"San Francisco, CA","South Melbourne, Australia",201 to 500 employees,-1,Company - Private,-1,-1,Unknown / Non-Applicable,-1,0
Business Data Analyst - Senior/Director,46-86 ,46,86,66.0,3.9,"TalentBurst, Inc.
3.9","San Francisco, CA","Natick, MA",501 to 1000 employees,2002,Company - Private,IT Services,Information Technology,$50 to $100 million (USD),"TEKsystems, Collabera, Artech Information Systems",0
Sales Finance Data Analyst,46-86 ,46,86,66.0,3.0,"Qualys
3.0","Foster City, CA","Foster City, CA",501 to 1000 employees,1999,Company - Public,Computer Hardware & Software,Information Technology,$100 to $500 million (USD),"NortonLifeLock, McAfee, Verisign",0
"Senior Business Technology Analyst - MDM / Data Management (San Francisco area, CA)",46-86 ,46,86,66.0,3.8,"ZS Associates
3.8","San Francisco, CA","Evanston, IL",5001 to 10000 employees,1983,Company - Private,Consulting,Business Services,Unknown / Non-Applicable,-1,0
Data Integrity Analyst,46-86 ,46,86,66.0,3.1,"I.T. Solutions, Inc.
3.1","Foster City, CA","Monmouth Junction, NJ",201 to 500 employees,-1,Other Organization,IT Services,Information Technology,Unknown / Non-Applicable,-1,0
"Business data analyst - SFO , CA",46-86 ,46,86,66.0,3.9,"Diverse Lynx
3.9","San Francisco, CA","Princeton, NJ",501 to 1000 employees,2002,Company - Private,IT Services,Information Technology,$100 to $500 million (USD),-1,0
Business Data Analyst WITH Data Standards and Migration,46-86 ,46,86,66.0,3.9,"Diverse Lynx
3.9","San Francisco, CA","Princeton, NJ",501 to 1000 employees,2002,Company - Private,IT Services,Information Technology,$100 to $500 million (USD),-1,0
Senior Data Analyst,46-86 ,46,86,66.0,3.2,"QuinStreet
3.2","San Mateo, CA","Foster City, CA",501 to 1000 employees,1999,Company - Public,Advertising & Marketing,Business Services,$100 to $500 million (USD),-1,0
BI Data Analyst / Business Analyst,46-86 ,46,86,66.0,4.4,"Alliance IT
4.4","San Ramon, CA","Pleasanton, CA",51 to 200 employees,2011,Company - Private,IT Services,Information Technology,$5 to $10 million (USD),-1,0
Senior Product Data Analyst,46-86 ,46,86,66.0,3.9,"LiveCareer
3.9","San Francisco, CA","Guaynabo, PR",501 to 1000 employees,2005,Company - Private,Internet,Information Technology,Unknown / Non-Applicable,-1,0
"Senior Business Data Analyst, Growth Strategy",46-86 ,46,86,66.0,3.5,"Square Trade
3.5","San Francisco, CA","San Francisco, CA",201 to 500 employees,1999,Company - Private,Insurance Carriers,Insurance,$2 to $5 billion (USD),-1,0
Senior Product Data Analyst,46-86 ,46,86,66.0,3.6,"BOLD
3.6","San Francisco, CA","Guaynabo, PR",201 to 500 employees,2004,Company - Private,Internet,Information Technology,Unknown / Non-Applicable,-1,1
Data Analyst Junior,46-86 ,46,86,66.0,5.0,"Staffigo Technical Services, LLC
5.0","San Francisco, CA","Woodridge, IL",51 to 200 employees,2008,Company - Private,IT Services,Information Technology,$50 to $100 million (USD),-1,0
"Job Opportunity with Cognizant for Data Analyst at SFO ,CA (NO OPT & NO CPT)",46-86 ,46,86,66.0,4.4,"Next Level Business Services, Inc.
4.4","San Francisco, CA","Alpharetta, GA",5001 to 10000 employees,2007,Company - Private,IT Services,Information Technology,$100 to $500 million (USD),-1,0
Senior Data Analyst,46-86 ,46,86,66.0,4.4,"The Armada Group
4.4","San Francisco, CA","Santa Cruz, CA",51 to 200 employees,1995,Company - Private,IT Services,Information Technology,Unknown / Non-Applicable,"TEKsystems, Akraya, Intelliswift",0
Sr Data Analyst,46-86 ,46,86,66.0,4.9,"GoAhead Solutions
4.9","San Francisco, CA","South San Francisco, CA",1 to 50 employees,2001,Company - Private,IT Services,Information Technology,$10 to $25 million (USD),-1,0
Senior Business and Data Analyst,46-86 ,46,86,66.0,5.0,"addastaff
5.0","San Francisco, CA","San Mateo, CA",1 to 50 employees,-1,Company - Private,Staffing & Outsourcing,Business Services,Unknown / Non-Applicable,-1,0
Data Analyst - Int,47-74 ,47,74,60.5,4.3,"Abacus Service Corporation
4.3","Oakland, CA","Southfield, MI",501 to 1000 employees,2004,Company - Private,Staffing & Outsourcing,Business Services,Unknown / Non-Applicable,-1,0
Senior Financial Systems Analyst / Business Intelligence Data Modeler,47-74 ,47,74,60.5,3.8,"Franklin Templeton Investments
3.8","San Mateo, CA","San Mateo, CA",5001 to 10000 employees,1947,Company - Public,Investment Banking & Asset Management,Finance,$5 to $10 billion (USD),"Fidelity Investments, Vanguard",0
Enrollment & Student Services Data & Systems Operations Analyst,47-74 ,47,74,60.5,3.9,"Sutter Health System
3.9","Oakland, CA","Sacramento, CA",10000+ employees,1981,Nonprofit Organization,Health Care Services & Hospitals,Health Care,$5 to $10 billion (USD),"Kaiser Permanente, UC Davis Health, Dignity Health",0
"Lead Data Analyst, Product",47-74 ,47,74,60.5,4.8,"Chime
4.8","San Francisco, CA","San Francisco, CA",201 to 500 employees,2013,Company - Private,Banks & Credit Unions,Finance,Unknown / Non-Applicable,-1,1
Biological Data Analyst,47-74 ,47,74,60.5,-1.0,Parker Institute for Cancer Immunotherapy,"San Francisco, CA","San Francisco, CA",51 to 200 employees,-1,Nonprofit Organization,Health Fundraising Organizations,Non-Profit,Unknown / Non-Applicable,-1,0
BI Data Analyst - Tibco & Spotfire,47-74 ,47,74,60.5,3.4,"Incedo Inc
3.4","South San Francisco, CA","Iselin, NJ",1001 to 5000 employees,2012,Company - Private,IT Services,Information Technology,$100 to $500 million (USD),"Mu Sigma, ZS Associates, Fractal",0
Data Analyst - Life Sciences,47-74 ,47,74,60.5,3.1,"I.T. Solutions, Inc.
3.1","Foster City, CA","Monmouth Junction, NJ",201 to 500 employees,-1,Other Organization,IT Services,Information Technology,Unknown / Non-Applicable,-1,0
Sr. Data Analyst( Healthcare),47-74 ,47,74,60.5,4.6,"Ascent
4.6","Alameda, CA","Concord, CA",1001 to 5000 employees,2000,Company - Private,Staffing & Outsourcing,Business Services,$100 to $500 million (USD),-1,0
Senior Data Analyst - Health Care Innovation,47-74 ,47,74,60.5,3.4,"Impaq International, Llc
3.4","Oakland, CA","Columbia, MD",201 to 500 employees,2001,Company - Private,Consulting,Business Services,$50 to $100 million (USD),-1,0
Technical Business Analyst with SQL Data Specialist,47-74 ,47,74,60.5,3.0,"Central Business Solutions, Inc
3.0","Walnut Creek, CA","Fremont, CA",51 to 200 employees,-1,Company - Private,Consulting,Business Services,$5 to $10 million (USD),-1,0
Lead Data Engineer (Capital Markets Business Analyst 2),47-74 ,47,74,60.5,3.6,"Wells Fargo
3.6","San Francisco, CA","San Francisco, CA",10000+ employees,1852,Company - Public,Banks & Credit Unions,Finance,$10+ billion (USD),-1,0
Data and Policy Analyst - Writer/Coordinator,47-74 ,47,74,60.5,3.2,"Acumen
3.2","Burlingame, CA","Burlingame, CA",201 to 500 employees,1996,Company - Private,Federal Agencies,Government,$10 to $25 million (USD),Acumen,0
Master Data Management (MDM) - Business Systems Analyst,47-74 ,47,74,60.5,3.4,"Saama Technologies Inc
3.4","South San Francisco, CA","Campbell, CA",501 to 1000 employees,1997,Company - Private,Biotech & Pharmaceuticals,Biotech & Pharmaceuticals,Unknown / Non-Applicable,"Accenture, Deloitte, IBM",0
"Sr. BI Data Analyst (with Spotfire Exp & Bio/Pharma/Clinical Industry)-South San Francisco, California (W2)",47-74 ,47,74,60.5,3.8,"Epikso
3.8","South San Francisco, CA","Pleasant Hill, CA",51 to 200 employees,2015,Company - Private,Research & Development,Business Services,Unknown / Non-Applicable,-1,0
Senior Business Technology Analyst - MDM / Data Management,47-74 ,47,74,60.5,3.0,"ZS Associates, Inc.
3.0","San Francisco, CA","Evanston, IL",5001 to 10000 employees,-1,Company - Private,-1,-1,Unknown / Non-Applicable,-1,0
Senior SAS Data Analyst,47-74 ,47,74,60.5,4.6,"The Ascent Services Group
4.6","San Ramon, CA","Concord, CA",1001 to 5000 employees,2000,Company - Private,Staffing & Outsourcing,Business Services,$100 to $500 million (USD),-1,0
Lead Data Analyst,47-74 ,47,74,60.5,3.0,"The Accuro Group
3.0","San Francisco, CA","Raleigh, NC",201 to 500 employees,2003,Company - Private,Staffing & Outsourcing,Business Services,Unknown / Non-Applicable,-1,0
Cybersecurity Analyst (Payment Card Industry Data Security Standards (PCI-DSS)),47-74 ,47,74,60.5,3.7,"City and County of San Francisco
3.7","San Francisco, CA","San Francisco, CA",5001 to 10000 employees,-1,Government,Federal Agencies,Government,Unknown / Non-Applicable,-1,0
Business Analyst with Data Loss Prevention (DLP) Concepts,47-74 ,47,74,60.5,3.8,"Epikso Inc
3.8","Foster City, CA","Pleasant Hill, CA",51 to 200 employees,2015,Company - Private,Research & Development,Business Services,Unknown / Non-Applicable,-1,0
"Sr. Analyst, Financial Data and Reporting",47-74 ,47,74,60.5,3.6,"Central Garden & Pet Company
3.6","Walnut Creek, CA","Walnut Creek, CA",1001 to 5000 employees,1980,Company - Public,Consumer Products Manufacturing,Manufacturing,$2 to $5 billion (USD),"Spectrum Brands, Scotts Miracle-Gro, Newell Brands",0
"Lead Data Analyst, Product",47-74 ,47,74,60.5,-1.0,Chime Bank,"San Francisco, CA",-1,-1,-1,-1,-1,-1,-1,-1,0
Business Analyst II (Scientific Business Analyst PreClinical Data),47-74 ,47,74,60.5,4.6,"Ascent
4.6","South San Francisco, CA","Concord, CA",1001 to 5000 employees,2000,Company - Private,Staffing & Outsourcing,Business Services,$100 to $500 million (USD),-1,0
Sr. Process Analyst - Data Privacy Project,47-74 ,47,74,60.5,4.6,"The Ascent Services Group
4.6","San Rafael, CA","Concord, CA",1001 to 5000 employees,2000,Company - Private,Staffing & Outsourcing,Business Services,$100 to $500 million (USD),-1,0
Data Analyst-IT II,47-74 ,47,74,60.5,4.1,"APN Software Services Inc.
4.1","Redwood City, CA","Newark, CA",51 to 200 employees,-1,Company - Private,Computer Hardware & Software,Information Technology,$25 to $50 million (USD),-1,0
Senior Financial Systems Analyst / Business Intelligence Data Modeler,47-74 ,47,74,60.5,-1.0,Franklin Resources,"San Mateo, CA","Worthington, OH",1 to 50 employees,-1,Nonprofit Organization,-1,-1,Unknown / Non-Applicable,-1,0
Sr. Data Analysts (Banking Domain),47-74 ,47,74,60.5,5.0,"Concept Software & Services Inc
5.0","San Francisco, CA","Alpharetta, GA",1 to 50 employees,1998,Company - Private,Consulting,Business Services,$1 to $5 million (USD),-1,0
Data Analyst,34-61 ,34,61,47.5,3.2,"Allied Solutions
3.2","Carmel, IN","Carmel, IN",1001 to 5000 employees,2001,Subsidiary or Business Segment,Insurance Agencies & Brokerages,Insurance,$100 to $500 million (USD),"CUNA Mutual, SWBC, Overby-Seawell",0
Healthcare Data Analyst,34-61 ,34,61,47.5,3.3,"Navient
3.3","Indianapolis, IN","Wilmington, DE",5001 to 10000 employees,2014,Company - Public,Financial Transaction Processing,Finance,$2 to $5 billion (USD),-1,0
Data Analyst,34-61 ,34,61,47.5,3.5,"Briljent
3.5","Indianapolis, IN","Fort Wayne, IN",51 to 200 employees,1998,Company - Private,Consulting,Business Services,$10 to $25 million (USD),-1,0
"Data Analyst, Predictive Analytics",34-61 ,34,61,47.5,4.2,"Upper Hand
4.2","Indianapolis, IN","Indianapolis, IN",1 to 50 employees,2012,Company - Private,Enterprise Software & Network Solutions,Information Technology,$1 to $5 million (USD),-1,0
Healthcare Data Analyst,34-61 ,34,61,47.5,2.8,"Vespa Group LLC
2.8","Indianapolis, IN","Santa Clara, CA",1 to 50 employees,-1,Company - Private,Casual Restaurants,"Restaurants, Bars & Food Services",Less than $1 million (USD),-1,0
Data Analyst,34-61 ,34,61,47.5,3.8,"Lilt
3.8","Indianapolis, IN","San Francisco, CA",51 to 200 employees,2015,Company - Private,Internet,Information Technology,Unknown / Non-Applicable,-1,0
Data Analyst,34-61 ,34,61,47.5,2.8,"BCforward
2.8","Indianapolis, IN","Indianapolis, IN",1001 to 5000 employees,1998,Company - Private,IT Services,Information Technology,Less than $1 million (USD),-1,0
Junior Data Analyst,34-61 ,34,61,47.5,5.0,"Staffigo Technical Services, LLC
5.0","Indianapolis, IN","Woodridge, IL",51 to 200 employees,2008,Company - Private,IT Services,Information Technology,$50 to $100 million (USD),-1,0
COVID-19 Data Analyst,34-61 ,34,61,47.5,3.6,"Alpha Rae Personnel, Inc.
3.6","Indianapolis, IN","Fort Wayne, IN",1001 to 5000 employees,-1,Company - Private,Staffing & Outsourcing,Business Services,$25 to $50 million (USD),-1,0
Business Data Analyst,34-61 ,34,61,47.5,3.6,"The Fountain Group
3.6","Indianapolis, IN","Tampa, FL",1001 to 5000 employees,2001,Company - Private,Staffing & Outsourcing,Business Services,$50 to $100 million (USD),"Apex Systems, Kforce, Robert Half",0
Junior Data Analyst Python,34-61 ,34,61,47.5,4.2,"Gallega Software Solutions Inc
4.2","Indianapolis, IN","Alpharetta, GA",1 to 50 employees,-1,Company - Private,-1,-1,Less than $1 million (USD),-1,0
IT Data Analyst (Power BI),34-61 ,34,61,47.5,4.6,"Swoon
4.6","Indianapolis, IN","Chicago, IL",201 to 500 employees,2010,Company - Private,Staffing & Outsourcing,Business Services,$50 to $100 million (USD),-1,0
Data Analyst,34-61 ,34,61,47.5,5.0,"Staffigo Technical Services, LLC
5.0","Indianapolis, IN","Woodridge, IL",51 to 200 employees,2008,Company - Private,IT Services,Information Technology,$50 to $100 million (USD),-1,0
Local Data Analyst - Clinical,34-61 ,34,61,47.5,3.1,"Keywords Studios
3.1","Indianapolis, IN","Dublin, Ireland",5001 to 10000 employees,1998,Company - Public,IT Services,Information Technology,$50 to $100 million (USD),"Lionbridge, Pole To Win",0
Quality Data Analyst,34-61 ,34,61,47.5,3.5,"Kuehne + Nagel
3.5","Whitestown, IN","Feusisberg, Switzerland",10000+ employees,1890,Company - Private,Logistics & Supply Chain,Transportation & Logistics,$10+ billion (USD),"DHL Global Forwarding, Freight, DB Schenker, Panalpina",0
Senior Data Analyst,34-61 ,34,61,47.5,4.0,"CYNET SYSTEMS
4.0","Indianapolis, IN","Ashburn, VA",501 to 1000 employees,2010,Company - Private,IT Services,Information Technology,$50 to $100 million (USD),-1,0
Ending The HIV Epidemic Data Analyst,34-61 ,34,61,47.5,3.4,"Health & Hospital Corporation
3.4","Indianapolis, IN","Indianapolis, IN",1001 to 5000 employees,1951,Company - Private,Health Care Services & Hospitals,Health Care,$100 to $500 million (USD),-1,0
Senior Data Analyst,34-61 ,34,61,47.5,2.9,"Heartland Payment Systems
2.9","Jeffersonville, IN","Edmond, OK",1001 to 5000 employees,1997,Subsidiary or Business Segment,Financial Transaction Processing,Finance,$2 to $5 billion (USD),-1,0
Data Analyst Junior,34-61 ,34,61,47.5,5.0,"Staffigo Technical Services, LLC
5.0","Indianapolis, IN","Woodridge, IL",51 to 200 employees,2008,Company - Private,IT Services,Information Technology,$50 to $100 million (USD),-1,0
Sr. Healthcare Data Analyst,34-61 ,34,61,47.5,3.5,"Franciscan Health
3.5","Beech Grove, IN","Mishawaka, IN",10000+ employees,1875,Nonprofit Organization,Health Care Services & Hospitals,Health Care,$2 to $5 billion (USD),-1,0
Sr Data Analyst II,34-61 ,34,61,47.5,2.8,"Vespa Group LLC
2.8","Indianapolis, IN","Santa Clara, CA",1 to 50 employees,-1,Company - Private,Casual Restaurants,"Restaurants, Bars & Food Services",Less than $1 million (USD),-1,0
Operations/Quality Data Analyst,34-61 ,34,61,47.5,4.0,"Little Raymond's Print Shop
4.0","Lawrence, IN","Moosic, PA",51 to 200 employees,-1,Franchise,"Department, Clothing, & Shoe Stores",Retail,Unknown / Non-Applicable,-1,0
Sr. IT Data Analyst,34-61 ,34,61,47.5,2.7,"CNO Financial Group
2.7","Carmel, IN","Carmel, IN",1001 to 5000 employees,1979,Company - Public,Insurance Carriers,Insurance,$2 to $5 billion (USD),-1,0
Technical Data Analyst,35-67 ,35,67,51.0,3.3,"Lionbridge
3.3","Redmond, WA","Waltham, MA",5001 to 10000 employees,1996,Company - Private,IT Services,Information Technology,$500 million to $1 billion (USD),"SDL, Keywords Studios, TransPerfect",0
Senior Product Data Analyst,35-67 ,35,67,51.0,4.3,"Remitly
4.3","Seattle, WA","Seattle, WA",1001 to 5000 employees,2011,Company - Private,Banks & Credit Unions,Finance,Unknown / Non-Applicable,-1,1
Business Data Analyst,35-67 ,35,67,51.0,3.3,"Homesite Group
3.3","Seattle, WA","Boston, MA",1001 to 5000 employees,1997,Company - Private,Insurance Carriers,Insurance,Unknown / Non-Applicable,-1,0
Data Analyst,35-67 ,35,67,51.0,4.3,"Microsoft Corporation
4.3","Redmond, WA","Redmond, WA",10000+ employees,1975,Company - Public,Computer Hardware & Software,Information Technology,$10+ billion (USD),"Google, Amazon, Apple",0
Data Analyst,35-67 ,35,67,51.0,4.6,"Akraya Inc.
4.6","Seattle, WA","Santa Clara, CA",51 to 200 employees,2001,Company - Private,Staffing & Outsourcing,Business Services,$25 to $50 million (USD),"Collabera, Artech Information Systems, TEKsystems",0
IT Data Analyst,35-67 ,35,67,51.0,3.6,"Washington Federal
3.6","Seattle, WA","Seattle, WA",1001 to 5000 employees,1917,Company - Public,Banks & Credit Unions,Finance,$500 million to $1 billion (USD),-1,0
Data Analyst I,35-67 ,35,67,51.0,3.0,"SureCritic
3.0","Seattle, WA","Seattle, WA",1 to 50 employees,-1,Company - Private,Research & Development,Business Services,Less than $1 million (USD),-1,0
Business Data Analyst - Marketing,35-67 ,35,67,51.0,4.0,"Costco Wholesale Corporation
4.0","Issaquah, WA","Issaquah, WA",10000+ employees,1976,Company - Public,General Merchandise & Superstores,Retail,$10+ billion (USD),"Sam's Club, BJ's Wholesale Club",0
Business/Data Analyst,35-67 ,35,67,51.0,3.5,"TechDigital Corporation
3.5","Seattle, WA","Burnsville, MN",51 to 200 employees,2008,Company - Private,Computer Hardware & Software,Information Technology,$10 to $25 million (USD),-1,0
Demand Response (DR) and Customer Success (CSM) BI and Data Analyst,35-67 ,35,67,51.0,4.3,"Microsoft Corporation
4.3","Redmond, WA","Redmond, WA",10000+ employees,1975,Company - Public,Computer Hardware & Software,Information Technology,$10+ billion (USD),"Google, Amazon, Apple",0
Data Analyst,35-67 ,35,67,51.0,-1.0,Rainier Valley Leadership Academy,"Seattle, WA",-1,-1,-1,-1,-1,-1,-1,-1,0
Data Development Analyst~,35-67 ,35,67,51.0,4.0,"Costco Wholesale Corporation
4.0","Issaquah, WA","Issaquah, WA",10000+ employees,1976,Company - Public,General Merchandise & Superstores,Retail,$10+ billion (USD),"Sam's Club, BJ's Wholesale Club",0
Data Analyst,35-67 ,35,67,51.0,3.7,"LendingTree, LLC.
3.7","Seattle, WA","Charlotte, NC",1001 to 5000 employees,1996,Company - Public,Lending,Finance,$500 million to $1 billion (USD),"Zillow, Trulia",0
Data Analyst II,35-67 ,35,67,51.0,2.9,"Blue Origin
2.9","Kent, WA","Kent, WA",1001 to 5000 employees,2000,Company - Private,Aerospace & Defense,Aerospace & Defense,$10 to $25 million (USD),-1,0
Junior Data Analyst,35-67 ,35,67,51.0,5.0,"Staffigo Technical Services, LLC
5.0","Seattle, WA","Woodridge, IL",51 to 200 employees,2008,Company - Private,IT Services,Information Technology,$50 to $100 million (USD),-1,0
Junior Data Analyst,35-67 ,35,67,51.0,4.7,"Resource Logistics, Inc.
4.7","Redmond, WA","Edison, NJ",51 to 200 employees,1997,Company - Private,Logistics & Supply Chain,Transportation & Logistics,$10 to $25 million (USD),-1,0
Data Analyst,35-67 ,35,67,51.0,5.0,"Staffigo Technical Services, LLC
5.0","Seattle, WA","Woodridge, IL",51 to 200 employees,2008,Company - Private,IT Services,Information Technology,$50 to $100 million (USD),-1,0
"Data Analyst II, QA",35-67 ,35,67,51.0,4.2,"iSpot.tv, Inc.
4.2","Bellevue, WA","Bellevue, WA",51 to 200 employees,-1,Company - Private,-1,-1,Unknown / Non-Applicable,-1,0
Data Analyst - Revenue Assurance,35-67 ,35,67,51.0,3.2,"Subex
3.2","Bellevue, WA","Bengaluru, India",501 to 1000 employees,1992,Company - Public,Enterprise Software & Network Solutions,Information Technology,$25 to $50 million (USD),"WeDo technologies, Intec Telecom, Amdocs",0
Data Standards Analyst,35-67 ,35,67,51.0,3.9,"Fred Hutch
3.9","Seattle, WA","Seattle, WA",1001 to 5000 employees,1975,Nonprofit Organization,Social Assistance,Non-Profit,$100 to $500 million (USD),"Seattle Children's, Center for Infectious Disease Research, University of Washington",0
DATA ANALYST,35-67 ,35,67,51.0,3.8,"Synaptein Solutions Inc.
3.8","Seattle, WA","Chantilly, VA",1 to 50 employees,-1,Company - Private,Accounting,Accounting & Legal,Less than $1 million (USD),-1,0
Data Analyst,35-67 ,35,67,51.0,2.9,"Wipro Ltd.
2.9","Redmond, WA","Bengaluru, India",10000+ employees,1945,Company - Public,IT Services,Information Technology,$5 to $10 billion (USD),"Cognizant Technology Solutions, Tata Consultancy Services, Accenture",0
Business Data Analyst,35-67 ,35,67,51.0,3.0,"Intelliswift Software Inc
3.0","Seattle, WA","Newark, CA",201 to 500 employees,1998,Company - Private,Staffing & Outsourcing,Business Services,$50 to $100 million (USD),-1,0
Data Analyst,35-67 ,35,67,51.0,3.4,"Kelly IT
3.4","Renton, WA",-1,501 to 1000 employees,-1,Company - Private,Staffing & Outsourcing,Business Services,Unknown / Non-Applicable,-1,0
Data Technician/Analyst/Specialist,35-67 ,35,67,51.0,3.5,"Leo Tech, LLC
3.5","Seattle, WA","Singapore, Singapore",51 to 200 employees,-1,Company - Private,-1,-1,Unknown / Non-Applicable,-1,0
Senior Data Analyst,35-67 ,35,67,51.0,3.7,"LendingTree, LLC.
3.7","Seattle, WA","Charlotte, NC",1001 to 5000 employees,1996,Company - Public,Lending,Finance,$500 million to $1 billion (USD),"Zillow, Trulia",0
Security Data Analyst -CTJ,55-101 ,55,101,78.0,4.3,"Microsoft Corporation
4.3","Redmond, WA","Redmond, WA",10000+ employees,1975,Company - Public,Computer Hardware & Software,Information Technology,$10+ billion (USD),"Google, Amazon, Apple",0
Engines Configuration and Data Management Analyst,55-101 ,55,101,78.0,4.4,"Protingent
4.4","Kent, WA","Bellevue, WA",51 to 200 employees,2001,Company - Private,Staffing & Outsourcing,Business Services,$25 to $50 million (USD),-1,0
"Data Standards Analyst in Seattle, Washington | Careers at Fred Hutchinson Cancer Research Center",55-101 ,55,101,78.0,3.9,"Fred Hutch
3.9","Seattle, WA","Seattle, WA",1001 to 5000 employees,1975,Nonprofit Organization,Social Assistance,Non-Profit,$100 to $500 million (USD),"Seattle Children's, Center for Infectious Disease Research, University of Washington",0
Data Analyst,55-101 ,55,101,78.0,3.7,"eTeam Inc.
3.7","Kirkland, WA","South Plainfield, NJ",51 to 200 employees,1999,Company - Private,Staffing & Outsourcing,Business Services,$50 to $100 million (USD),"Artech Information Systems, Mindlance, Tech Mahindra",0
Bilingual Senior Data Analyst (Japanese / English),55-101 ,55,101,78.0,4.0,"Nintendo
4.0","Redmond, WA","Kyoto, Japan",5001 to 10000 employees,-1,Company - Public,Video Games,Media,$10+ billion (USD),-1,0
Security Data Analyst,55-101 ,55,101,78.0,-1.0,Amazon Corporate LLC,"Seattle, WA",-1,-1,-1,-1,-1,-1,-1,-1,0
Data Analyst/Developer,55-101 ,55,101,78.0,3.7,"eTeam Inc.
3.7","Redmond, WA","South Plainfield, NJ",51 to 200 employees,1999,Company - Private,Staffing & Outsourcing,Business Services,$50 to $100 million (USD),"Artech Information Systems, Mindlance, Tech Mahindra",0
Information Security Analyst - Data Loss Prevention,55-101 ,55,101,78.0,4.0,"Costco Wholesale Corporation
4.0","Issaquah, WA","Issaquah, WA",10000+ employees,1976,Company - Public,General Merchandise & Superstores,Retail,$10+ billion (USD),"Sam's Club, BJ's Wholesale Club",0
Data Analyst/PM (German),55-101 ,55,101,78.0,3.6,"Zen3 Infosolutions America Inc
3.6","Redmond, WA","Hyderabad, India",1001 to 5000 employees,2016,Company - Private,Computer Hardware & Software,Information Technology,$100 to $500 million (USD),-1,0
Partner Training Data Analyst,55-101 ,55,101,78.0,-1.0,Amazon Corporate LLC,"Seattle, WA",-1,-1,-1,-1,-1,-1,-1,-1,0
Senior Data Analyst and Applied Scientist,55-101 ,55,101,78.0,4.3,"Microsoft Corporation
4.3","Redmond, WA","Redmond, WA",10000+ employees,1975,Company - Public,Computer Hardware & Software,Information Technology,$10+ billion (USD),"Google, Amazon, Apple",0
Senior Data Analyst : 20,55-101 ,55,101,78.0,4.6,"Akraya Inc.
4.6","Seattle, WA","Santa Clara, CA",51 to 200 employees,2001,Company - Private,Staffing & Outsourcing,Business Services,$25 to $50 million (USD),"Collabera, Artech Information Systems, TEKsystems",0
Security Data Analyst -CTJ with Security Clearance,55-101 ,55,101,78.0,4.3,"Microsoft Corporation
4.3","Redmond, WA","Redmond, WA",10000+ employees,1975,Company - Public,Computer Hardware & Software,Information Technology,$10+ billion (USD),"Google, Amazon, Apple",0
Data Analyst Junior,55-101 ,55,101,78.0,5.0,"Staffigo Technical Services, LLC
5.0","Seattle, WA","Woodridge, IL",51 to 200 employees,2008,Company - Private,IT Services,Information Technology,$50 to $100 million (USD),-1,0
Sr. Data Analyst,55-101 ,55,101,78.0,3.5,"Serverlogic
3.5","Seattle, WA","Tigard, OR",1 to 50 employees,1992,Company - Private,IT Services,Information Technology,$10 to $25 million (USD),-1,0
Configuration/Data Management Analyst,55-101 ,55,101,78.0,4.2,"NuWest Group
4.2","Kent, WA","Bellevue, WA",51 to 200 employees,1990,Company - Private,Staffing & Outsourcing,Business Services,$25 to $50 million (USD),-1,0
Healthcare Business and Data Analyst,55-101 ,55,101,78.0,-1.0,Jon French / TechTalent Services,"Seattle, WA",-1,-1,-1,-1,-1,-1,-1,-1,0
Big Data Quality Analyst/Hadoop Testing analyst/ Hadoop Tester,55-101 ,55,101,78.0,4.6,"Resource Informatics Group
4.6","Seattle, WA","Irving, TX",1 to 50 employees,2012,Nonprofit Organization,IT Services,Information Technology,$5 to $10 million (USD),-1,0
Product Marketing & Business/Data Analyst,55-101 ,55,101,78.0,-1.0,Ostendo Solutions,"Seattle, WA",-1,-1,-1,-1,-1,-1,-1,-1,0
Sr MDM Data Analyst (NOT A DEVELOPER),55-101 ,55,101,78.0,4.5,"W3Global
4.5","Seattle, WA","Frisco, TX",201 to 500 employees,2006,Company - Private,Staffing & Outsourcing,Business Services,$10 to $25 million (USD),-1,0
"Senior Data Analyst, Tax Technology (Level 6)",55-101 ,55,101,78.0,-1.0,Amazon Corporate LLC,"Seattle, WA",-1,-1,-1,-1,-1,-1,-1,-1,0
BI/Data Analyst- Configuration Lead,55-101 ,55,101,78.0,3.6,"Xoriant Corporation
3.6","Kirkland, WA","Sunnyvale, CA",1001 to 5000 employees,1990,Company - Private,IT Services,Information Technology,$100 to $500 million (USD),"Persistent Systems (India), GlobalLogic, Synechron",0
Active Directory Data Migration Analyst,55-101 ,55,101,78.0,3.4,"Kelly IT
3.4","Seattle, WA",-1,501 to 1000 employees,-1,Company - Private,Staffing & Outsourcing,Business Services,Unknown / Non-Applicable,-1,0
Sr. Research Data Analyst,55-101 ,55,101,78.0,4.1,"Johns Hopkins University
4.1","Seattle, WA","Baltimore, MD",10000+ employees,1876,College / University,Colleges & Universities,Education,$2 to $5 billion (USD),-1,0
Configuration and Data Management Analyst,55-101 ,55,101,78.0,4.4,"Protingent Staffing
4.4","Renton, WA","Bellevue, WA",51 to 200 employees,2001,Company - Private,Staffing & Outsourcing,Business Services,$25 to $50 million (USD),-1,0
Sr. Business/Data Analyst,55-101 ,55,101,78.0,-1.0,Amazon Corporate LLC,"Seattle, WA",-1,-1,-1,-1,-1,-1,-1,-1,0
"Senior Data Analyst, Tax Technology",55-101 ,55,101,78.0,-1.0,Amazon Corporate LLC,"Seattle, WA",-1,-1,-1,-1,-1,-1,-1,-1,0
Student Data Analyst,32-56 ,32,56,44.0,4.2,"University of Georgia
4.2","Athens, GA","Athens, GA",10000+ employees,1785,College / University,Colleges & Universities,Education,$2 to $5 billion (USD),-1,0
Junior Data Analyst,32-56 ,32,56,44.0,5.0,"Staffigo Technical Services, LLC
5.0","Athens, GA","Woodridge, IL",51 to 200 employees,2008,Company - Private,IT Services,Information Technology,$50 to $100 million (USD),-1,0
Data Analyst,32-56 ,32,56,44.0,5.0,"Staffigo Technical Services, LLC
5.0","Athens, GA","Woodridge, IL",51 to 200 employees,2008,Company - Private,IT Services,Information Technology,$50 to $100 million (USD),-1,0
Data Analyst Junior,32-56 ,32,56,44.0,5.0,"Staffigo Technical Services, LLC
5.0","Athens, GA","Woodridge, IL",51 to 200 employees,2008,Company - Private,IT Services,Information Technology,$50 to $100 million (USD),-1,0
Data Quality Analyst,36-67 ,36,67,51.5,3.8,"Focal Systems
3.8","Burlingame, KS","Burlingame, CA",1 to 50 employees,2015,Company - Private,Computer Hardware & Software,Information Technology,$1 to $5 million (USD),-1,0
SAP DATA ANALYST,36-67 ,36,67,51.5,3.4,"Advent Global Solutions, Inc.
3.4","Topeka, KS","Houston, TX",501 to 1000 employees,1997,Company - Private,IT Services,Information Technology,$100 to $500 million (USD),-1,0
SAP Data Analyst,36-67 ,36,67,51.5,-1.0,Advent Global Solutions - Special Instance,"Topeka, KS",-1,-1,-1,-1,-1,-1,-1,-1,0
"Data Analyst - Denver, CO",57-67 ,57,67,62.0,3.8,"CoreSite
3.8","Denver, CO","Denver, CO",201 to 500 employees,2001,Company - Public,IT Services,Information Technology,$100 to $500 million (USD),"Equinix, Digital Realty, CyrusOne",0
Inside Sales Data Analyst,57-67 ,57,67,62.0,4.0,"Autodesk
4.0","Denver, CO","San Rafael, CA",5001 to 10000 employees,1982,Company - Public,Computer Hardware & Software,Information Technology,$2 to $5 billion (USD),-1,0
Data Analyst,57-67 ,57,67,62.0,3.6,"Dire Wolf Digital
3.6","Denver, CO","Denver, CO",51 to 200 employees,2010,Company - Private,Computer Hardware & Software,Information Technology,Unknown / Non-Applicable,-1,0
"Senior Data Analyst, Sales Compensation",57-67 ,57,67,62.0,4.0,"Twilio
4.0","Denver, CO","San Francisco, CA",1001 to 5000 employees,2008,Company - Public,Internet,Information Technology,$1 to $2 billion (USD),-1,1
Data Analyst,57-67 ,57,67,62.0,3.8,"BridgeView IT
3.8","Denver, CO","Denver, CO",1 to 50 employees,2005,Company - Private,IT Services,Information Technology,$10 to $25 million (USD),-1,0
Data Analyst,57-67 ,57,67,62.0,3.1,"Integrated Resources
3.1","Denver, CO","Edison, NJ",201 to 500 employees,1996,Company - Private,Staffing & Outsourcing,Business Services,$25 to $50 million (USD),-1,0
Data Analyst,57-67 ,57,67,62.0,4.3,"Paramount Software Solutions, Inc
4.3","Denver, CO","Alpharetta, GA",51 to 200 employees,1997,Company - Private,IT Services,Information Technology,$10 to $25 million (USD),-1,0
Data Analyst,57-67 ,57,67,62.0,2.9,"Wipro Ltd.
2.9","Denver, CO","Bengaluru, India",10000+ employees,1945,Company - Public,IT Services,Information Technology,$5 to $10 billion (USD),"Cognizant Technology Solutions, Tata Consultancy Services, Accenture",0
Data Analyst,57-67 ,57,67,62.0,3.2,"GDKN
3.2","Centennial, CO","Cooper City, FL",201 to 500 employees,1993,Company - Private,Staffing & Outsourcing,Business Services,$5 to $10 million (USD),-1,0
Data Analyst,57-67 ,57,67,62.0,3.8,"Mondo
3.8","Boulder, CO","New York, NY",51 to 200 employees,2000,Company - Private,Staffing & Outsourcing,Business Services,$100 to $500 million (USD),"Robert Half, Insight Global",0
Reporting / Data Analyst,57-67 ,57,67,62.0,5.0,"Strive Health
5.0","Denver, CO","Denver, CO",1 to 50 employees,2018,Company - Private,Health Care Services & Hospitals,Health Care,Unknown / Non-Applicable,-1,0
Data Support Analyst,57-67 ,57,67,62.0,4.1,"Collabera
4.1","Greenwood Village, Arapahoe, CO","Basking Ridge, NJ",10000+ employees,1991,Company - Private,IT Services,Information Technology,$500 million to $1 billion (USD),"Kforce, Insight Global, Volt Consulting Group",0
Marketing Data Analyst,57-67 ,57,67,62.0,3.9,"Gloo
3.9","Boulder, CO","Boulder, CO",51 to 200 employees,2013,Company - Private,Enterprise Software & Network Solutions,Information Technology,$1 to $5 million (USD),-1,0
Data Analyst,57-67 ,57,67,62.0,3.4,"Advent Global Solutions
3.4","Denver, CO","Houston, TX",501 to 1000 employees,1997,Company - Private,IT Services,Information Technology,$100 to $500 million (USD),-1,0
Data Analyst,57-67 ,57,67,62.0,4.0,"Hotel Engine
4.0","Denver, CO","Denver, CO",51 to 200 employees,2015,Company - Private,"Hotels, Motels, & Resorts",Travel & Tourism,Unknown / Non-Applicable,-1,0
Data Analyst,57-67 ,57,67,62.0,3.3,"PROLIM Global Corporation
3.3","Denver, CO","Farmington Hills, MI",201 to 500 employees,2005,Company - Private,Enterprise Software & Network Solutions,Information Technology,$25 to $50 million (USD),"Arena, HCL Technologies, PTC",0
Junior Data Analyst,57-67 ,57,67,62.0,5.0,"Staffigo Technical Services, LLC
5.0","Denver, CO","Woodridge, IL",51 to 200 employees,2008,Company - Private,IT Services,Information Technology,$50 to $100 million (USD),-1,0
Vendor Master Data Associate Analyst,57-67 ,57,67,62.0,3.5,"Xcel Energy
3.5","Henderson, CO","Minneapolis, MN",10000+ employees,1909,Company - Public,Utilities,"Oil, Gas, Energy & Utilities",$10+ billion (USD),-1,0
Systems & Data Analyst,57-67 ,57,67,62.0,3.7,"Boeing
3.7","Englewood, CO","Chicago, IL",10000+ employees,1916,Company - Public,Aerospace & Defense,Aerospace & Defense,$10+ billion (USD),"Lockheed Martin, Northrop Grumman, Airbus",0
Data Analyst...........................!,57-67 ,57,67,62.0,3.7,"Infotree Service Inc
3.7","Denver, CO","Canton, MI",51 to 200 employees,2004,Company - Private,Advertising & Marketing,Business Services,$1 to $5 million (USD),-1,0
HealthCare Data Analyst - SQL and Python,57-67 ,57,67,62.0,3.6,"CitiusTech
3.6","Denver, CO","Mumbai, India",1001 to 5000 employees,2005,Company - Private,IT Services,Information Technology,$100 to $500 million (USD),"Cognizant Technology Solutions, Infosys, HCL Technologies",0
BI/Data Analyst,57-67 ,57,67,62.0,3.8,"Apex Systems
3.8","Greenwood Village, Arapahoe, CO","Glen Allen, VA",1001 to 5000 employees,1995,Subsidiary or Business Segment,Staffing & Outsourcing,Business Services,$2 to $5 billion (USD),"TEKsystems, Insight Global, Accenture",1
Data Analyst,57-67 ,57,67,62.0,5.0,"Staffigo Technical Services, LLC
5.0","Denver, CO","Woodridge, IL",51 to 200 employees,2008,Company - Private,IT Services,Information Technology,$50 to $100 million (USD),-1,0
Business Data Analyst,57-67 ,57,67,62.0,4.8,"MIRACORP
4.8","Lakewood, CO","Gilbert, AZ",51 to 200 employees,-1,Company - Private,Consulting,Business Services,$5 to $10 million (USD),-1,0
Data Analyst,57-67 ,57,67,62.0,5.0,"Edison Software, Inc.
5.0","Denver, CO","San Jose, CA",51 to 200 employees,-1,Company - Private,Computer Hardware & Software,Information Technology,$1 to $5 million (USD),-1,0
Soapbox Data Analyst,57-67 ,57,67,62.0,4.6,"The Motley Fool
4.6","Lakewood, CO","Alexandria, VA",201 to 500 employees,1993,Company - Private,Internet,Information Technology,Unknown / Non-Applicable,"Morningstar, Value Line, Bankrate",0
Senior Data Quality Analyst,49-91 ,49,91,70.0,3.5,"Ibotta
3.5","Denver, CO","Denver, CO",501 to 1000 employees,2012,Company - Private,Internet,Information Technology,Unknown / Non-Applicable,"Checkout 51, RetailMeNot, shopkick",1
Data Analyst,49-91 ,49,91,70.0,3.7,"TA Digital
3.7","Centennial, CO","Newark, CA",501 to 1000 employees,2000,Company - Private,Computer Hardware & Software,Information Technology,$25 to $50 million (USD),-1,0
DMV/DC Data Services Analyst - Analyst II,49-91 ,49,91,70.0,3.3,"State of Colorado
3.3","Denver, CO","Denver, CO",10000+ employees,-1,Government,State & Regional Agencies,Government,Unknown / Non-Applicable,-1,0
Data Analyst/Data engineer/Data Management,49-91 ,49,91,70.0,4.1,"Collabera
4.1","Greenwood Village, Arapahoe, CO","Basking Ridge, NJ",10000+ employees,1991,Company - Private,IT Services,Information Technology,$500 million to $1 billion (USD),"Kforce, Insight Global, Volt Consulting Group",0
Data Experience Analyst,49-91 ,49,91,70.0,3.6,"Charles Schwab Corporation
3.6","Lone Tree, CO","San Francisco, CA",10000+ employees,1973,Company - Public,Investment Banking & Asset Management,Finance,$5 to $10 billion (USD),-1,0
Data Analyst,49-91 ,49,91,70.0,3.1,"Quicksilver Scientific, Inc
3.1","Louisville, CO","Louisville, CO",51 to 200 employees,2007,Company - Private,Health Care Products Manufacturing,Manufacturing,$25 to $50 million (USD),-1,0
Procurement Data Analyst,49-91 ,49,91,70.0,3.8,"Lockheed Martin
3.8","Englewood, CO","Bethesda, MD",10000+ employees,1995,Company - Public,Aerospace & Defense,Aerospace & Defense,$10+ billion (USD),"Boeing, Northrop Grumman, Raytheon Technologies",0
Mutual Fund Data Analyst (JR1013810) - Contract,49-91 ,49,91,70.0,3.5,"Broadridge
3.5","Denver, CO","Lake Success, NY",10000+ employees,2007,Company - Public,Financial Transaction Processing,Finance,$5 to $10 billion (USD),"BNY Mellon, DTCC, Computershare",0
Data Science Analyst,49-91 ,49,91,70.0,5.0,"xentity corporation
5.0","Denver, CO","Lakewood, CO",51 to 200 employees,2001,Company - Private,IT Services,Information Technology,$5 to $10 million (USD),-1,0
Data Analyst,49-91 ,49,91,70.0,-1.0,Private,"Aurora, CO",-1,-1,-1,-1,-1,-1,-1,-1,0
Data Analyst,49-91 ,49,91,70.0,4.1,"Kforce
4.1","Denver, CO","Tampa, FL",10000+ employees,1966,Company - Public,Staffing & Outsourcing,Business Services,$1 to $2 billion (USD),-1,0
GAO Analyst (Data Analysis),49-91 ,49,91,70.0,3.5,"Government Accountability Office
3.5","Denver, CO","Washington, DC",1001 to 5000 employees,1921,Government,Federal Agencies,Government,Unknown / Non-Applicable,-1,0
IT Data Analyst,49-91 ,49,91,70.0,3.5,"Century Communities
3.5","Greenwood Village, Arapahoe, CO","Greenwood Village, CO",501 to 1000 employees,2002,Company - Public,Construction,"Construction, Repair & Maintenance",$500 million to $1 billion (USD),"Lennar, Meritage Homes",0
Lead Geophysical Data Analyst,49-91 ,49,91,70.0,3.6,"Weston Solutions
3.6","Lakewood, CO","West Chester, PA",1001 to 5000 employees,1957,Company - Private,Oil & Gas Services,"Oil, Gas, Energy & Utilities",$500 million to $1 billion (USD),-1,0
Data Analyst,49-91 ,49,91,70.0,4.7,"Voca
4.7","Centennial, CO","Rochester, MN",201 to 500 employees,2005,Company - Private,Staffing & Outsourcing,Business Services,Unknown / Non-Applicable,"Randstad, Kelly",0
Data Analyst- Growth Operations,49-91 ,49,91,70.0,3.0,"RxRevu
3.0","Denver, CO","Denver, CO",1 to 50 employees,-1,Company - Private,Health Care Services & Hospitals,Health Care,Unknown / Non-Applicable,-1,0
"Associate Business Analyst, Data Provisioning",49-91 ,49,91,70.0,3.5,"Recondo Technology
3.5","Denver, CO","Denver, CO",51 to 200 employees,2007,Company - Private,Enterprise Software & Network Solutions,Information Technology,$25 to $50 million (USD),-1,0
Data Analyst,49-91 ,49,91,70.0,-1.0,"TechAspect Solutions, Inc. dba TA Digital","Centennial, CO",-1,-1,-1,-1,-1,-1,-1,-1,0
Technical Lead- I Data Analyst,49-91 ,49,91,70.0,2.6,"Y-Axis Inc
2.6","Denver, CO","West Windsor, NJ",1 to 50 employees,-1,Company - Private,Consulting,Business Services,Less than $1 million (USD),-1,0
Financial Data Analyst,49-91 ,49,91,70.0,-1.0,Black Knight Financial Technology Solutions,"Denver, CO",-1,-1,-1,-1,-1,-1,-1,-1,0
Data Analyst,49-91 ,49,91,70.0,3.3,"ClientSolv Technologies
3.3","Broomfield, CO","Greenwood Village, CO",51 to 200 employees,1994,Company - Private,IT Services,Information Technology,$10 to $25 million (USD),-1,0
DMV/DC Data Services Analyst – Analyst II,49-91 ,49,91,70.0,3.3,"State of Colorado
3.3","Lakewood, CO","Denver, CO",10000+ employees,-1,Government,State & Regional Agencies,Government,Unknown / Non-Applicable,-1,0
Data Security Analyst,49-91 ,49,91,70.0,2.5,"Avacend, Inc.
2.5","Denver, CO","Alpharetta, GA",51 to 200 employees,-1,Company - Private,Staffing & Outsourcing,Business Services,Unknown / Non-Applicable,-1,0
Marketing Data Analyst,49-91 ,49,91,70.0,5.0,"Goldstone Partners
5.0","Boulder, CO","Denver, CO",1 to 50 employees,-1,Company - Private,Staffing & Outsourcing,Business Services,Less than $1 million (USD),-1,0
Data Analyst,49-91 ,49,91,70.0,5.0,"xentity corporation
5.0","Denver, CO","Lakewood, CO",51 to 200 employees,2001,Company - Private,IT Services,Information Technology,$5 to $10 million (USD),-1,0
Data Analyst (W2 Contract Position),49-91 ,49,91,70.0,3.7,"Infotree Service Inc
3.7","Englewood, CO","Canton, MI",51 to 200 employees,2004,Company - Private,Advertising & Marketing,Business Services,$1 to $5 million (USD),-1,0
SQL Data Analyst / ETL Developer,49-91 ,49,91,70.0,4.0,"Unison Systems Inc.
4.0","Englewood, CO","Greenwood Village, CO",1 to 50 employees,-1,Company - Private,-1,-1,$1 to $5 million (USD),-1,0
"{""title"":""GAO Analyst (Data Analysis)"",""extended"":{""opening_type"":null}}",49-91 ,49,91,70.0,4.3,"Legislative Branch
4.3","Denver, CO","Atlanta, GA",501 to 1000 employees,1789,Government,State & Regional Agencies,Government,Unknown / Non-Applicable,-1,0
Lead HR & Data Governance Analyst,57-100 ,57,100,78.5,3.0,"CenturyLink
3.0","Broomfield, CO","Monroe, LA",10000+ employees,1930,Company - Public,"Cable, Internet & Telephone Providers",Telecommunications,$10+ billion (USD),"AT&T, Verizon",0
Data Base Programmer/Analyst,57-100 ,57,100,78.5,3.7,"22nd Century Technologies
3.7","Denver, CO","Somerset, NJ",1001 to 5000 employees,1997,Company - Private,IT Services,Information Technology,$25 to $50 million (USD),-1,1
"Data Analyst 3, Customer Experience",57-100 ,57,100,78.5,3.6,"Comcast
3.6","Centennial, CO","Philadelphia, PA",10000+ employees,1963,Company - Public,-1,-1,$10+ billion (USD),"AT&T, Verizon",0
Data Base Programmer/Analyst,57-100 ,57,100,78.5,2.5,"Avacend, Inc.
2.5","Denver, CO","Alpharetta, GA",51 to 200 employees,-1,Company - Private,Staffing & Outsourcing,Business Services,Unknown / Non-Applicable,-1,0
Sr. Data Analyst,57-100 ,57,100,78.5,3.5,"WellDyneRx LLC
3.5","Englewood, CO","Lakeland, FL",501 to 1000 employees,1990,Company - Private,Health Care Services & Hospitals,Health Care,Unknown / Non-Applicable,-1,0
Actuarial Data & Visualization Analyst,57-100 ,57,100,78.5,4.2,"DW Simpson
4.2","Denver, CO","Chicago, IL",51 to 200 employees,1989,Company - Private,Staffing & Outsourcing,Business Services,$10 to $25 million (USD),-1,0
Technical Data Analyst - X,57-100 ,57,100,78.5,4.1,"Source of Future Technology Inc
4.1","Denver, CO","New York, NY",1 to 50 employees,1981,Company - Private,Computer Hardware & Software,Information Technology,$5 to $10 million (USD),-1,0
"Data Analytics, Senior Analyst",57-100 ,57,100,78.5,4.0,"Kaiser Permanente
4.0","Aurora, CO","Oakland, CA",10000+ employees,1945,Nonprofit Organization,Health Care Services & Hospitals,Health Care,$10+ billion (USD),"HCA Healthcare, Dignity Health, Sutter Health",0
Financial Data Analyst,57-100 ,57,100,78.5,2.9,"Black Knight Financial Services
2.9","Lakewood, CO","Jacksonville, FL",5001 to 10000 employees,2013,Company - Public,IT Services,Information Technology,Less than $1 million (USD),-1,0
"MDG Functional Data Analyst-Greenwood Village, CO",57-100 ,57,100,78.5,5.0,"Georgia IT Inc.
5.0","Greenwood Village, Arapahoe, CO","Alpharetta, GA",1 to 50 employees,-1,Company - Private,-1,-1,Less than $1 million (USD),-1,0
Data Analyst Junior,57-100 ,57,100,78.5,5.0,"Staffigo Technical Services, LLC
5.0","Denver, CO","Woodridge, IL",51 to 200 employees,2008,Company - Private,IT Services,Information Technology,$50 to $100 million (USD),-1,0
Data Security Analyst,57-100 ,57,100,78.5,4.3,"22nd Century Staffing
4.3","Denver, CO","McLean, VA",51 to 200 employees,-1,Company - Private,Staffing & Outsourcing,Business Services,$5 to $10 million (USD),-1,1
"Data Analyst - Aurora, IL",57-100 ,57,100,78.5,2.6,"Signature Retail Services
2.6","Aurora, CO","Aurora, IL",501 to 1000 employees,1991,Company - Private,Home Centers & Hardware Stores,Retail,Unknown / Non-Applicable,-1,0
Data Security Analyst,57-100 ,57,100,78.5,4.1,"Mavensoft Technologies, LLC.
4.1","Denver, CO","Beaverton, OR",1 to 50 employees,-1,Company - Private,IT Services,Information Technology,Less than $1 million (USD),-1,0
Sr Data Analyst,57-100 ,57,100,78.5,3.7,"Global Healthcare Exchange
3.7","Louisville, CO","Louisville, CO",501 to 1000 employees,2000,Company - Private,Enterprise Software & Network Solutions,Information Technology,$10 to $25 million (USD),"Premier, Inc., Vizient",0
Data Analyst - Junior,57-100 ,57,100,78.5,5.0,"Staffigo Technical Services, LLC
5.0","Denver, CO","Woodridge, IL",51 to 200 employees,2008,Company - Private,IT Services,Information Technology,$50 to $100 million (USD),-1,0
Data Base Programmer/Analyst,57-100 ,57,100,78.5,3.3,"V.L.S. Systems
3.3","Denver, CO","Chantilly, VA",201 to 500 employees,2006,Company - Private,Consulting,Business Services,$25 to $50 million (USD),-1,0
Senior Business/Data Analyst,57-100 ,57,100,78.5,2.7,"TechUSA
2.7","Englewood, CO","Millersville, MD",1001 to 5000 employees,1998,Company - Private,Staffing & Outsourcing,Business Services,$100 to $500 million (USD),-1,0
Application Data Analyst,57-100 ,57,100,78.5,3.8,"Apex Systems
3.8","Greenwood Village, Arapahoe, CO","Glen Allen, VA",1001 to 5000 employees,1995,Subsidiary or Business Segment,Staffing & Outsourcing,Business Services,$2 to $5 billion (USD),"TEKsystems, Insight Global, Accenture",1
Data Analyst-(Remote- All across US),57-100 ,57,100,78.5,3.0,"CenturyLink
3.0","Broomfield, CO","Monroe, LA",10000+ employees,1930,Company - Public,"Cable, Internet & Telephone Providers",Telecommunications,$10+ billion (USD),"AT&T, Verizon",0
Sr Data Analyst,57-100 ,57,100,78.5,2.8,"GHX
2.8","Louisville, CO","Houston, TX",501 to 1000 employees,1937,Subsidiary or Business Segment,Wholesale,Business Services,$100 to $500 million (USD),-1,0
Business Data Analyst III - RQS 2018,57-100 ,57,100,78.5,2.5,"Avacend, Inc.
2.5","Denver, CO","Alpharetta, GA",51 to 200 employees,-1,Company - Private,Staffing & Outsourcing,Business Services,Unknown / Non-Applicable,-1,0
Configuration & Data Management Analyst,57-100 ,57,100,78.5,3.8,"Lockheed Martin
3.8","Littleton, CO","Bethesda, MD",10000+ employees,1995,Company - Public,Aerospace & Defense,Aerospace & Defense,$10+ billion (USD),"Boeing, Northrop Grumman, Raytheon Technologies",0
"Data Analyst 3, Customer Experience - Centennial",57-100 ,57,100,78.5,3.6,"Comcast
3.6","Englewood, CO","Philadelphia, PA",10000+ employees,1963,Company - Public,-1,-1,$10+ billion (USD),"AT&T, Verizon",0
Data Base Programmer/Analyst,57-100 ,57,100,78.5,4.3,"22nd Century Staffing
4.3","Denver, CO","McLean, VA",51 to 200 employees,-1,Company - Private,Staffing & Outsourcing,Business Services,$5 to $10 million (USD),-1,1
Senior Health Data Analyst (SAS),57-100 ,57,100,78.5,3.6,"Telligen
3.6","Greenwood Village, Arapahoe, CO","West Des Moines, IA",501 to 1000 employees,1972,Company - Private,Health Care Services & Hospitals,Health Care,$50 to $100 million (USD),-1,0
ColdFusion Development Data Analyst -Remote,57-100 ,57,100,78.5,3.3,"ClientSolv Technologies
3.3","Greenwood Village, Arapahoe, CO","Greenwood Village, CO",51 to 200 employees,1994,Company - Private,IT Services,Information Technology,$10 to $25 million (USD),-1,0
Senior Contract Data Analyst,78-104 ,78,104,91.0,4.0,"Amyx, Inc.
4.0","Aurora, CO","Reston, VA",501 to 1000 employees,1999,Company - Private,IT Services,Information Technology,$50 to $100 million (USD),-1,0
Senior Contract Data Analyst,78-104 ,78,104,91.0,-1.0,"Amyx, Iinc.","Aurora, CO",-1,-1,-1,-1,-1,-1,-1,-1,0
RQS - IHHA - 201900004460 -1s Data Security Analyst,78-104 ,78,104,91.0,2.5,"Avacend, Inc.
2.5","Denver, CO","Alpharetta, GA",51 to 200 employees,-1,Company - Private,Staffing & Outsourcing,Business Services,Unknown / Non-Applicable,-1,0
Data Security Analyst fr,78-104 ,78,104,91.0,2.5,"Avacend, Inc.
2.5","Denver, CO","Alpharetta, GA",51 to 200 employees,-1,Company - Private,Staffing & Outsourcing,Business Services,Unknown / Non-Applicable,-1,0
Business Systems Analyst-Data,78-104 ,78,104,91.0,3.5,"The Judge Group, Inc.
3.5","Centennial, CO","Wayne, PA",1001 to 5000 employees,1970,Company - Private,Staffing & Outsourcing,Business Services,$100 to $500 million (USD),"Adecco, Kforce",0
Data Analyst-(Remote- All across,78-104 ,78,104,91.0,3.0,"CenturyLink
3.0","Broomfield, CO","Monroe, LA",10000+ employees,1930,Company - Public,"Cable, Internet & Telephone Providers",Telecommunications,$10+ billion (USD),"AT&T, Verizon",0
"Data Security Analyst, Sr",78-104 ,78,104,91.0,2.5,"Avacend, Inc.
2.5","Denver, CO","Alpharetta, GA",51 to 200 employees,-1,Company - Private,Staffing & Outsourcing,Business Services,Unknown / Non-Applicable,-1,0
Data Analyst Supporting the DEA #20-242,78-104 ,78,104,91.0,2.8,"Forfeiture Support Associates
2.8","Centennial, CO","Ashburn, VA",1001 to 5000 employees,2004,Company - Private,Staffing & Outsourcing,Business Services,$50 to $100 million (USD),-1,0
"Technical Business Analyst (SQL, Data analytics, Informatica)",78-104 ,78,104,91.0,-1.0,Spiceorb,"Denver, CO",-1,-1,-1,-1,-1,-1,-1,-1,0
Marketing/Communications - Data Analyst-Marketing,78-104 ,78,104,91.0,4.1,"APN Software Services Inc.
4.1","Broomfield, CO","Newark, CA",51 to 200 employees,-1,Company - Private,Computer Hardware & Software,Information Technology,$25 to $50 million (USD),-1,0
RQS - IHHA - 201900004460 -1q Data Security Analyst,78-104 ,78,104,91.0,2.5,"Avacend, Inc.
2.5","Denver, CO","Alpharetta, GA",51 to 200 employees,-1,Company - Private,Staffing & Outsourcing,Business Services,Unknown / Non-Applicable,-1,0
Senior Data Analyst (Corporate Audit),78-104 ,78,104,91.0,2.9,"Arrow Electronics
2.9","Centennial, CO","Centennial, CO",10000+ employees,1935,Company - Public,Wholesale,Business Services,$10+ billion (USD),"Avnet, Ingram Micro, Tech Data",0
"Technical Business Analyst (SQL, Data analytics, ETL)",78-104 ,78,104,91.0,-1.0,Spiceorb,"Denver, CO",-1,-1,-1,-1,-1,-1,-1,-1,0
"Data Analyst 3, Customer Experience",78-104 ,78,104,91.0,3.1,"Contingent Network Services
3.1","Centennial, CO","West Chester, OH",201 to 500 employees,1984,Company - Private,Enterprise Software & Network Solutions,Information Technology,$25 to $50 million (USD),-1,0
Senior Quality Data Analyst,78-104 ,78,104,91.0,3.4,"SCL Health
3.4","Broomfield, CO","Broomfield, CO",10000+ employees,1864,Nonprofit Organization,Health Care Services & Hospitals,Health Care,$2 to $5 billion (USD),"Centura Health, HealthONE, Denver Health and Hospital Authority",0
